id,tvt
000d7d20_1442,11745.962696855482
000d7d20_1443,11745.971548431682
000d7d20_1444,11745.979599007545
000d7d20_1445,11745.986848583074
000d7d20_1446,11745.993297158264
000d7d20_1447,11745.99894473315
000d7d20_1448,11746.003545458276
000d7d20_1449,11746.006611010122
000d7d20_1450,11746.010582512832
000d7d20_1451,11746.01411632985
000d7d20_1452,11746.017958467415
000d7d20_1453,11746.023716416024
000d7d20_1454,11746.028312888902
000d7d20_1455,11746.034026925372
000d7d20_1456,11746.03961293761
000d7d20_1457,11746.04585556663
000d7d20_1458,11746.04913324332
000d7d20_1459,11746.051097966749
000d7d20_1460,11746.053069654612
000d7d20_1461,11746.052886108731
000d7d20_1462,11746.05091613564
000d7d20_1463,11746.04962206149
000d7d20_1464,11746.047748462988
000d7d20_1465,11746.046494040791
000d7d20_1466,11746.044345240458
000d7d20_1467,11746.042503699347
000d7d20_1468,11746.040288584772
000d7d20_1469,11746.037523155148
000d7d20_1470,11746.033535762226
000d7d20_1471,11746.028414651712
000d7d20_1472,11746.022311051589
000d7d20_1473,11746.017210892536
000d7d20_1474,11746.012433669497
000d7d20_1475,11746.008100264062
000d7d20_1476,11746.004227469817
000d7d20_1477,11746.000742084623
000d7d20_1478,11745.99819272424
000d7d20_1479,11745.994567471796
000d7d20_1480,11745.989492313343
000d7d20_1481,11745.9850247698
000d7d20_1482,11745.979299928807
000d7d20_1483,11745.972890493054
000d7d20_1484,11745.967154843132
000d7d20_1485,11745.960796403504
000d7d20_1486,11745.955348615405
000d7d20_1487,11745.949565429297
000d7d20_1488,11745.945222547063
000d7d20_1489,11745.939207919255
000d7d20_1490,11745.933906673323
000d7d20_1491,11745.929077271236
000d7d20_1492,11745.921422113955
000d7d20_1493,11745.91433682906
000d7d20_1494,11745.907721801745
000d7d20_1495,11745.899593239232
000d7d20_1496,11745.890225583535
000d7d20_1497,11745.88004685793
000d7d20_1498,11745.870168530937
000d7d20_1499,11745.859031768516
000d7d20_1500,11745.848020712318
000d7d20_1501,11745.835953406324
000d7d20_1502,11745.82158487612
000d7d20_1503,11745.80911119467
000d7d20_1504,11745.797255398971
000d7d20_1505,11745.785585599297
000d7d20_1506,11745.773702435388
000d7d20_1507,11745.763358942648
000d7d20_1508,11745.753764266192
000d7d20_1509,11745.744176639286
000d7d20_1510,11745.734127276628
000d7d20_1511,11745.721568138604
000d7d20_1512,11745.708052799968
000d7d20_1513,11745.695682439418
000d7d20_1514,11745.68382744363
000d7d20_1515,11745.672388601648
000d7d20_1516,11745.66118235474
000d7d20_1517,11745.65019913706
000d7d20_1518,11745.639651728627
000d7d20_1519,11745.628879178737
000d7d20_1520,11745.617450102804
000d7d20_1521,11745.604456455356
000d7d20_1522,11745.592092968585
000d7d20_1523,11745.579898748321
000d7d20_1524,11745.567851065658
000d7d20_1525,11745.556654644832
000d7d20_1526,11745.544565238333
000d7d20_1527,11745.532002288963
000d7d20_1528,11745.519323724548
000d7d20_1529,11745.506539759052
000d7d20_1530,11745.493640149933
000d7d20_1531,11745.480861890293
000d7d20_1532,11745.468312681493
000d7d20_1533,11745.456389262701
000d7d20_1534,11745.445772998512
000d7d20_1535,11745.435302183374
000d7d20_1536,11745.423456455057
000d7d20_1537,11745.411400274945
000d7d20_1538,11745.399474700916
000d7d20_1539,11745.38704192351
000d7d20_1540,11745.375322492593
000d7d20_1541,11745.363015906867
000d7d20_1542,11745.35070329962
000d7d20_1543,11745.33915453979
000d7d20_1544,11745.329590214587
000d7d20_1545,11745.318809211907
000d7d20_1546,11745.30809374732
000d7d20_1547,11745.29772622557
000d7d20_1548,11745.288942429404
000d7d20_1549,11745.27940831573
000d7d20_1550,11745.269954181995
000d7d20_1551,11745.260673121411
000d7d20_1552,11745.253815719465
000d7d20_1553,11745.248848988693
000d7d20_1554,11745.245391877048
000d7d20_1555,11745.243050154775
000d7d20_1556,11745.238234213833
000d7d20_1557,11745.23194232467
000d7d20_1558,11745.223224452036
000d7d20_1559,11745.211103278205
000d7d20_1560,11745.198719585205
000d7d20_1561,11745.186380218765
000d7d20_1562,11745.176443420427
000d7d20_1563,11745.166785686688
000d7d20_1564,11745.158342418606
000d7d20_1565,11745.15296201321
000d7d20_1566,11745.14481555008
000d7d20_1567,11745.136516145521
000d7d20_1568,11745.127717297164
000d7d20_1569,11745.12049909056
000d7d20_1570,11745.11355233498
000d7d20_1571,11745.10603727234
000d7d20_1572,11745.097785871545
000d7d20_1573,11745.088493835507
000d7d20_1574,11745.07705012407
000d7d20_1575,11745.066392253873
000d7d20_1576,11745.053658446726
000d7d20_1577,11745.04205139001
000d7d20_1578,11745.03125815538
000d7d20_1579,11745.022341762624
000d7d20_1580,11745.016081738333
000d7d20_1581,11745.012110018339
000d7d20_1582,11745.004246161494
000d7d20_1583,11744.99320635909
000d7d20_1584,11744.977351354595
000d7d20_1585,11744.965690258672
000d7d20_1586,11744.956679604576
000d7d20_1587,11744.95098380666
000d7d20_1588,11744.942247340125
000d7d20_1589,11744.935251081846
000d7d20_1590,11744.932151639083
000d7d20_1591,11744.927808457203
000d7d20_1592,11744.919728688288
000d7d20_1593,11744.908629225407
000d7d20_1594,11744.895352057805
000d7d20_1595,11744.886820851872
000d7d20_1596,11744.87965278784
000d7d20_1597,11744.86942892124
000d7d20_1598,11744.856110388868
000d7d20_1599,11744.845087790654
000d7d20_1600,11744.83703433679
000d7d20_1601,11744.83178424775
000d7d20_1602,11744.829829345668
000d7d20_1603,11744.828513648896
000d7d20_1604,11744.828043644458
000d7d20_1605,11744.828145189647
000d7d20_1606,11744.82791585015
000d7d20_1607,11744.82505073164
000d7d20_1608,11744.821549607212
000d7d20_1609,11744.818211581194
000d7d20_1610,11744.815230770395
000d7d20_1611,11744.812575916283
000d7d20_1612,11744.80980128338
000d7d20_1613,11744.805374954423
000d7d20_1614,11744.801593413205
000d7d20_1615,11744.796953245354
000d7d20_1616,11744.791657615924
000d7d20_1617,11744.787249496288
000d7d20_1618,11744.77982850666
000d7d20_1619,11744.770391506983
000d7d20_1620,11744.760031491169
000d7d20_1621,11744.748214568937
000d7d20_1622,11744.73749960199
000d7d20_1623,11744.726973250781
000d7d20_1624,11744.717233074243
000d7d20_1625,11744.709163729894
000d7d20_1626,11744.702902028697
000d7d20_1627,11744.6960960803
000d7d20_1628,11744.686760810204
000d7d20_1629,11744.67710222734
000d7d20_1630,11744.673996761729
000d7d20_1631,11744.67337159426
000d7d20_1632,11744.676218674145
000d7d20_1633,11744.67945721409
000d7d20_1634,11744.67938183109
000d7d20_1635,11744.678344053273
000d7d20_1636,11744.673642941438
000d7d20_1637,11744.663737516697
000d7d20_1638,11744.65174800877
000d7d20_1639,11744.640524522863
000d7d20_1640,11744.636083978474
000d7d20_1641,11744.632144097544
000d7d20_1642,11744.631227080361
000d7d20_1643,11744.626630863648
000d7d20_1644,11744.618699123232
000d7d20_1645,11744.608647470854
000d7d20_1646,11744.597268231812
000d7d20_1647,11744.585199787633
000d7d20_1648,11744.57294120768
000d7d20_1649,11744.56219480371
000d7d20_1650,11744.55147098801
000d7d20_1651,11744.542082864746
000d7d20_1652,11744.53552836444
000d7d20_1653,11744.532648395148
000d7d20_1654,11744.532520669949
000d7d20_1655,11744.532811671614
000d7d20_1656,11744.529871451072
000d7d20_1657,11744.524378088427
000d7d20_1658,11744.517099059583
000d7d20_1659,11744.505779011659
000d7d20_1660,11744.491602452095
000d7d20_1661,11744.47804069954
000d7d20_1662,11744.469276078076
000d7d20_1663,11744.46634962571
000d7d20_1664,11744.464662738537
000d7d20_1665,11744.461381706216
000d7d20_1666,11744.453302153805
000d7d20_1667,11744.443024355178
000d7d20_1668,11744.430934249904
000d7d20_1669,11744.420510564949
000d7d20_1670,11744.411570607994
000d7d20_1671,11744.395349168888
000d7d20_1672,11744.378299422584
000d7d20_1673,11744.3576938144
000d7d20_1674,11744.337784810401
000d7d20_1675,11744.316331531543
000d7d20_1676,11744.297235722799
000d7d20_1677,11744.279851217145
000d7d20_1678,11744.26878881919
000d7d20_1679,11744.263907526823
000d7d20_1680,11744.261090343807
000d7d20_1681,11744.252746820352
000d7d20_1682,11744.245425484058
000d7d20_1683,11744.236340666172
000d7d20_1684,11744.22757339797
000d7d20_1685,11744.21752703287
000d7d20_1686,11744.211496977243
000d7d20_1687,11744.200668973137
000d7d20_1688,11744.18922977641
000d7d20_1689,11744.174429326336
000d7d20_1690,11744.158959128708
000d7d20_1691,11744.144890267467
000d7d20_1692,11744.130928411778
000d7d20_1693,11744.113598520844
000d7d20_1694,11744.096427159417
000d7d20_1695,11744.082369154705
000d7d20_1696,11744.070637946785
000d7d20_1697,11744.05492987354
000d7d20_1698,11744.040194907273
000d7d20_1699,11744.024795270594
000d7d20_1700,11744.01083438094
000d7d20_1701,11744.00107787778
000d7d20_1702,11743.988462265073
000d7d20_1703,11743.97277865833
000d7d20_1704,11743.957416780486
000d7d20_1705,11743.942802503538
000d7d20_1706,11743.928293793586
000d7d20_1707,11743.912890813644
000d7d20_1708,11743.916572693677
000d7d20_1709,11743.887009472284
000d7d20_1710,11743.830762595
000d7d20_1711,11743.76351908575
000d7d20_1712,11743.691765123516
000d7d20_1713,11743.621083848922
000d7d20_1714,11743.57579524086
000d7d20_1715,11743.553285365091
000d7d20_1716,11743.555051665933
000d7d20_1717,11743.55769044548
000d7d20_1718,11743.580629363427
000d7d20_1719,11743.570166265703
000d7d20_1720,11743.54878069854
000d7d20_1721,11743.526072530385
000d7d20_1722,11743.502967562643
000d7d20_1723,11743.479221628248
000d7d20_1724,11743.473491035897
000d7d20_1725,11743.471095761186
000d7d20_1726,11743.46608283094
000d7d20_1727,11743.449468089051
000d7d20_1728,11743.461599666534
000d7d20_1729,11743.483059054895
000d7d20_1730,11743.505315947936
000d7d20_1731,11743.527659735111
000d7d20_1732,11743.528993828684
000d7d20_1733,11743.498446922917
000d7d20_1734,11743.44646597546
000d7d20_1735,11743.381208068648
000d7d20_1736,11743.316412268669
000d7d20_1737,11743.260249893015
000d7d20_1738,11743.230223095263
000d7d20_1739,11743.212912404964
000d7d20_1740,11743.208317282148
000d7d20_1741,11743.213104314098
000d7d20_1742,11743.209000620336
000d7d20_1743,11743.197348858414
000d7d20_1744,11743.183965566404
000d7d20_1745,11743.172530161071
000d7d20_1746,11743.166142790145
000d7d20_1747,11743.158019173195
000d7d20_1748,11743.15255074648
000d7d20_1749,11743.14897400963
000d7d20_1750,11743.148195015285
000d7d20_1751,11743.15029184145
000d7d20_1752,11743.155085391547
000d7d20_1753,11743.16288577141
000d7d20_1754,11743.170213489215
000d7d20_1755,11743.176420965758
000d7d20_1756,11743.180334471861
000d7d20_1757,11743.182661360597
000d7d20_1758,11743.183535737211
000d7d20_1759,11743.188828972703
000d7d20_1760,11743.194598641945
000d7d20_1761,11743.198422624198
000d7d20_1762,11743.197026757092
000d7d20_1763,11743.191636752506
000d7d20_1764,11743.184235209115
000d7d20_1765,11743.175671048552
000d7d20_1766,11743.163537534636
000d7d20_1767,11743.15647898737
000d7d20_1768,11743.155965708851
000d7d20_1769,11743.165097700718
000d7d20_1770,11743.178441504184
000d7d20_1771,11743.192389213102
000d7d20_1772,11743.204783724588
000d7d20_1773,11743.217054926548
000d7d20_1774,11743.229615395503
000d7d20_1775,11743.238620399257
000d7d20_1776,11743.24315516608
000d7d20_1777,11743.247024429886
000d7d20_1778,11743.247997097966
000d7d20_1779,11743.24754449882
000d7d20_1780,11743.245016701587
000d7d20_1781,11743.241623386948
000d7d20_1782,11743.238769948486
000d7d20_1783,11743.238196874003
000d7d20_1784,11743.238642313094
000d7d20_1785,11743.239873803977
000d7d20_1786,11743.241434003961
000d7d20_1787,11743.242809486532
000d7d20_1788,11743.244738308415
000d7d20_1789,11743.24955007283
000d7d20_1790,11743.255258835507
000d7d20_1791,11743.262388705189
000d7d20_1792,11743.270804233045
000d7d20_1793,11743.280126612422
000d7d20_1794,11743.290169662343
000d7d20_1795,11743.30097158744
000d7d20_1796,11743.30983850135
000d7d20_1797,11743.313712567895
000d7d20_1798,11743.31964769344
000d7d20_1799,11743.334725710612
000d7d20_1800,11743.354986896424
000d7d20_1801,11743.375804781657
000d7d20_1802,11743.3971277149
000d7d20_1803,11743.415352252208
000d7d20_1804,11743.42958066739
000d7d20_1805,11743.436991602832
000d7d20_1806,11743.439576362183
000d7d20_1807,11743.426672611735
000d7d20_1808,11743.412012169149
000d7d20_1809,11743.400354302848
000d7d20_1810,11743.389678581778
000d7d20_1811,11743.381208791528
000d7d20_1812,11743.376203469572
000d7d20_1813,11743.377349723874
000d7d20_1814,11743.388068214397
000d7d20_1815,11743.398865616553
000d7d20_1816,11743.41588248976
000d7d20_1817,11743.426527929561
000d7d20_1818,11743.43837159195
000d7d20_1819,11743.446433321948
000d7d20_1820,11743.453608972517
000d7d20_1821,11743.455499756172
000d7d20_1822,11743.465823018887
000d7d20_1823,11743.465974100305
000d7d20_1824,11743.460647333935
000d7d20_1825,11743.456161999136
000d7d20_1826,11743.448393007242
000d7d20_1827,11743.444518966924
000d7d20_1828,11743.44484967375
000d7d20_1829,11743.446336853332
000d7d20_1830,11743.455241914118
000d7d20_1831,11743.467659276188
000d7d20_1832,11743.488138806108
000d7d20_1833,11743.491498901494
000d7d20_1834,11743.492161197377
000d7d20_1835,11743.494324545936
000d7d20_1836,11743.483181069976
000d7d20_1837,11743.47477931824
000d7d20_1838,11743.464625837283
000d7d20_1839,11743.456232744222
000d7d20_1840,11743.451658556589
000d7d20_1841,11743.450685466943
000d7d20_1842,11743.450911337583
000d7d20_1843,11743.452498603256
000d7d20_1844,11743.455003007875
000d7d20_1845,11743.457619453544
000d7d20_1846,11743.458542611232
000d7d20_1847,11743.460314355078
000d7d20_1848,11743.46075399209
000d7d20_1849,11743.461671871046
000d7d20_1850,11743.463674259423
000d7d20_1851,11743.466555557861
000d7d20_1852,11743.467119298119
000d7d20_1853,11743.461916401435
000d7d20_1854,11743.452786308888
000d7d20_1855,11743.442125734007
000d7d20_1856,11743.430926727407
000d7d20_1857,11743.421790395989
000d7d20_1858,11743.41391429984
000d7d20_1859,11743.40894126816
000d7d20_1860,11743.405996968155
000d7d20_1861,11743.40462923951
000d7d20_1862,11743.401649065745
000d7d20_1863,11743.396515942066
000d7d20_1864,11743.393275117465
000d7d20_1865,11743.39162468482
000d7d20_1866,11743.392101112066
000d7d20_1867,11743.395541756709
000d7d20_1868,11743.402739185425
000d7d20_1869,11743.409195095748
000d7d20_1870,11743.410927378392
000d7d20_1871,11743.406116330709
000d7d20_1872,11743.395582926249
000d7d20_1873,11743.382915470655
000d7d20_1874,11743.369158872294
000d7d20_1875,11743.353491978658
000d7d20_1876,11743.342034051451
000d7d20_1877,11743.338985846181
000d7d20_1878,11743.351346595251
000d7d20_1879,11743.372246525538
000d7d20_1880,11743.395154674246
000d7d20_1881,11743.409468667242
000d7d20_1882,11743.417637469267
000d7d20_1883,11743.42004388059
000d7d20_1884,11743.422198715296
000d7d20_1885,11743.41872020549
000d7d20_1886,11743.410267959614
000d7d20_1887,11743.399992300589
000d7d20_1888,11743.394340360668
000d7d20_1889,11743.392404017251
000d7d20_1890,11743.385968377292
000d7d20_1891,11743.373814262059
000d7d20_1892,11743.361381143919
000d7d20_1893,11743.351753275321
000d7d20_1894,11743.348297563487
000d7d20_1895,11743.345474436504
000d7d20_1896,11743.33789291271
000d7d20_1897,11743.332786963136
000d7d20_1898,11743.33308786188
000d7d20_1899,11743.331849247628
000d7d20_1900,11743.358619909897
000d7d20_1901,11743.386070169769
000d7d20_1902,11743.408000465486
000d7d20_1903,11743.42042069653
000d7d20_1904,11743.417026577546
000d7d20_1905,11743.400113993948
000d7d20_1906,11743.371852774706
000d7d20_1907,11743.344827425686
000d7d20_1908,11743.319235746809
000d7d20_1909,11743.300633961426
000d7d20_1910,11743.307399445619
000d7d20_1911,11743.30463754815
000d7d20_1912,11743.298156394834
000d7d20_1913,11743.297203337966
000d7d20_1914,11743.292419221245
000d7d20_1915,11743.287973326398
000d7d20_1916,11743.280429053886
000d7d20_1917,11743.26726353709
000d7d20_1918,11743.246858373186
000d7d20_1919,11743.226072942967
000d7d20_1920,11743.199087494151
000d7d20_1921,11743.174541112081
000d7d20_1922,11743.156365750317
000d7d20_1923,11743.15163453182
000d7d20_1924,11743.15384681337
000d7d20_1925,11743.173392637593
000d7d20_1926,11743.196346952689
000d7d20_1927,11743.210585637547
000d7d20_1928,11743.214018259348
000d7d20_1929,11743.20984945555
000d7d20_1930,11743.188375901274
000d7d20_1931,11743.152077701687
000d7d20_1932,11743.107053010626
000d7d20_1933,11743.054612809909
000d7d20_1934,11743.014668081221
000d7d20_1935,11742.998230857682
000d7d20_1936,11742.99683590754
000d7d20_1937,11743.010624312525
000d7d20_1938,11743.030228869899
000d7d20_1939,11743.050129273848
000d7d20_1940,11743.05800040871
000d7d20_1941,11743.056001277619
000d7d20_1942,11743.047202550451
000d7d20_1943,11743.031136629388
000d7d20_1944,11743.016304298133
000d7d20_1945,11743.004803488915
000d7d20_1946,11742.998572058725
000d7d20_1947,11743.001971261763
000d7d20_1948,11743.006274057705
000d7d20_1949,11743.009628627045
000d7d20_1950,11743.009990339146
000d7d20_1951,11743.009625063505
000d7d20_1952,11743.006257136425
000d7d20_1953,11743.001815296779
000d7d20_1954,11743.006776822076
000d7d20_1955,11743.02213217791
000d7d20_1956,11743.043894422299
000d7d20_1957,11743.068849918789
000d7d20_1958,11743.09439888721
000d7d20_1959,11743.114457905756
000d7d20_1960,11743.142870559695
000d7d20_1961,11743.168828869764
000d7d20_1962,11743.184194379442
000d7d20_1963,11743.195462636178
000d7d20_1964,11743.192927545468
000d7d20_1965,11743.178512411247
000d7d20_1966,11743.160047161688
000d7d20_1967,11743.139009388258
000d7d20_1968,11743.11768375798
000d7d20_1969,11743.101541767164
000d7d20_1970,11743.105328039826
000d7d20_1971,11743.114872876627
000d7d20_1972,11743.127700657937
000d7d20_1973,11743.141203911822
000d7d20_1974,11743.141842500698
000d7d20_1975,11743.142263182832
000d7d20_1976,11743.14432491946
000d7d20_1977,11743.144506263796
000d7d20_1978,11743.139269921787
000d7d20_1979,11743.133865085467
000d7d20_1980,11743.129414956671
000d7d20_1981,11743.122225029294
000d7d20_1982,11743.131825506425
000d7d20_1983,11743.146269778706
000d7d20_1984,11743.162978936207
000d7d20_1985,11743.181127787882
000d7d20_1986,11743.196077265484
000d7d20_1987,11743.205987417747
000d7d20_1988,11743.20667931224
000d7d20_1989,11743.203041774248
000d7d20_1990,11743.194089320106
000d7d20_1991,11743.182535380427
000d7d20_1992,11743.182885740925
000d7d20_1993,11743.17960600246
000d7d20_1994,11743.175085918507
000d7d20_1995,11743.171493321037
000d7d20_1996,11743.166713532792
000d7d20_1997,11743.169512801644
000d7d20_1998,11743.161604013589
000d7d20_1999,11743.14783746942
000d7d20_2000,11743.131243160835
000d7d20_2001,11743.118940845212
000d7d20_2002,11743.107167387036
000d7d20_2003,11743.092969214475
000d7d20_2004,11743.07766136307
000d7d20_2005,11743.059723522972
000d7d20_2006,11743.04292050692
000d7d20_2007,11743.039086704106
000d7d20_2008,11743.025609130134
000d7d20_2009,11743.008247042048
000d7d20_2010,11742.997373876045
000d7d20_2011,11742.99653886963
000d7d20_2012,11743.005299099503
000d7d20_2013,11743.008280932794
000d7d20_2014,11743.008938709369
000d7d20_2015,11743.000303137374
000d7d20_2016,11742.990655534613
000d7d20_2017,11742.985780100824
000d7d20_2018,11742.979306036788
000d7d20_2019,11742.971057582006
000d7d20_2020,11742.96976983775
000d7d20_2021,11742.971581080317
000d7d20_2022,11742.984597995925
000d7d20_2023,11742.995267853245
000d7d20_2024,11743.004518837266
000d7d20_2025,11743.010146050667
000d7d20_2026,11743.01764538208
000d7d20_2027,11743.022648133232
000d7d20_2028,11743.030864267403
000d7d20_2029,11743.039081139064
000d7d20_2030,11743.045584747448
000d7d20_2031,11743.049199378576
000d7d20_2032,11743.056554054394
000d7d20_2033,11743.063499541735
000d7d20_2034,11743.067680775552
000d7d20_2035,11743.074366871882
000d7d20_2036,11743.08218103357
000d7d20_2037,11743.091399127865
000d7d20_2038,11743.104139788964
000d7d20_2039,11743.115591129634
000d7d20_2040,11743.125650787193
000d7d20_2041,11743.134072511275
000d7d20_2042,11743.143329197013
000d7d20_2043,11743.1523784904
000d7d20_2044,11743.159565465383
000d7d20_2045,11743.16652647627
000d7d20_2046,11743.1730349026
000d7d20_2047,11743.184822398474
000d7d20_2048,11743.196323095217
000d7d20_2049,11743.20997281509
000d7d20_2050,11743.226874706172
000d7d20_2051,11743.244564434326
000d7d20_2052,11743.265045213035
000d7d20_2053,11743.283803202261
000d7d20_2054,11743.299241600223
000d7d20_2055,11743.312128801892
000d7d20_2056,11743.322591182772
000d7d20_2057,11743.335335060961
000d7d20_2058,11743.338936693663
000d7d20_2059,11743.338985988557
000d7d20_2060,11743.338214094316
000d7d20_2061,11743.335207399334
000d7d20_2062,11743.332701303407
000d7d20_2063,11743.331846018236
000d7d20_2064,11743.333331471295
000d7d20_2065,11743.339477277785
000d7d20_2066,11743.349540607662
000d7d20_2067,11743.364379825023
000d7d20_2068,11743.375476380974
000d7d20_2069,11743.387154614762
000d7d20_2070,11743.402167744052
000d7d20_2071,11743.417024425064
000d7d20_2072,11743.433556840613
000d7d20_2073,11743.451450192444
000d7d20_2074,11743.468947807076
000d7d20_2075,11743.48811969344
000d7d20_2076,11743.505477806808
000d7d20_2077,11743.523441484445
000d7d20_2078,11743.540315206117
000d7d20_2079,11743.55177316684
000d7d20_2080,11743.564794910073
000d7d20_2081,11743.584814661384
000d7d20_2082,11743.608607489085
000d7d20_2083,11743.635970584155
000d7d20_2084,11743.66055428251
000d7d20_2085,11743.690636538446
000d7d20_2086,11743.713255288165
000d7d20_2087,11743.730406024846
000d7d20_2088,11743.73996968109
000d7d20_2089,11743.740624791051
000d7d20_2090,11743.747044186988
000d7d20_2091,11743.756365628482
000d7d20_2092,11743.770465126025
000d7d20_2093,11743.785990029657
000d7d20_2094,11743.797683473676
000d7d20_2095,11743.815117818536
000d7d20_2096,11743.827998755754
000d7d20_2097,11743.83883136131
000d7d20_2098,11743.848089317515
000d7d20_2099,11743.85408434909
000d7d20_2100,11743.864447163829
000d7d20_2101,11743.870346765778
000d7d20_2102,11743.879738322583
000d7d20_2103,11743.886695946094
000d7d20_2104,11743.891465099716
000d7d20_2105,11743.896451645378
000d7d20_2106,11743.903256693315
000d7d20_2107,11743.90934684419
000d7d20_2108,11743.91519536238
000d7d20_2109,11743.921840891002
000d7d20_2110,11743.930468575205
000d7d20_2111,11743.937960914089
000d7d20_2112,11743.944620915343
000d7d20_2113,11743.95280580387
000d7d20_2114,11743.959509609165
000d7d20_2115,11743.965291713555
000d7d20_2116,11743.971883758211
000d7d20_2117,11743.977597659523
000d7d20_2118,11743.983538945278
000d7d20_2119,11743.990436211552
000d7d20_2120,11743.9973353634
000d7d20_2121,11744.003749783127
000d7d20_2122,11744.009503215828
000d7d20_2123,11744.0167205313
000d7d20_2124,11744.023703215913
000d7d20_2125,11744.029831400094
000d7d20_2126,11744.035031732157
000d7d20_2127,11744.041634235546
000d7d20_2128,11744.0494096074
000d7d20_2129,11744.057374407996
000d7d20_2130,11744.06514237836
000d7d20_2131,11744.072355953016
000d7d20_2132,11744.079540877488
000d7d20_2133,11744.086325398199
000d7d20_2134,11744.09168378073
000d7d20_2135,11744.09669392758
000d7d20_2136,11744.1015108249
000d7d20_2137,11744.108061558834
000d7d20_2138,11744.114731376263
000d7d20_2139,11744.122021689822
000d7d20_2140,11744.129075849738
000d7d20_2141,11744.136176070047
000d7d20_2142,11744.142811758466
000d7d20_2143,11744.148851437865
000d7d20_2144,11744.15365649699
000d7d20_2145,11744.16012744802
000d7d20_2146,11744.165365759127
000d7d20_2147,11744.170209445012
000d7d20_2148,11744.174501110338
000d7d20_2149,11744.178724795634
000d7d20_2150,11744.18296049197
000d7d20_2151,11744.187024468887
000d7d20_2152,11744.192652136862
000d7d20_2153,11744.199451690118
000d7d20_2154,11744.203902191353
000d7d20_2155,11744.208529522119
000d7d20_2156,11744.2114012323
000d7d20_2157,11744.213521333397
000d7d20_2158,11744.21516731678
000d7d20_2159,11744.216756965896
000d7d20_2160,11744.218676322489
000d7d20_2161,11744.221303830262
000d7d20_2162,11744.226067165666
000d7d20_2163,11744.230033237407
000d7d20_2164,11744.233711340821
000d7d20_2165,11744.238812411226
000d7d20_2166,11744.243626860265
000d7d20_2167,11744.244739261374
000d7d20_2168,11744.244388195293
000d7d20_2169,11744.244847673495
000d7d20_2170,11744.24631590025
000d7d20_2171,11744.249018194236
000d7d20_2172,11744.254572269292
000d7d20_2173,11744.258424577878
000d7d20_2174,11744.26455227869
000d7d20_2175,11744.27367673787
000d7d20_2176,11744.282920002974
000d7d20_2177,11744.289996869735
000d7d20_2178,11744.2910225404
000d7d20_2179,11744.290362239752
000d7d20_2180,11744.287793088493
000d7d20_2181,11744.286431838833
000d7d20_2182,11744.28668053286
000d7d20_2183,11744.28493353611
000d7d20_2184,11744.287380138117
000d7d20_2185,11744.294328113161
000d7d20_2186,11744.301266641733
000d7d20_2187,11744.306549159108
000d7d20_2188,11744.30693205083
000d7d20_2189,11744.308395715936
000d7d20_2190,11744.310002746766
000d7d20_2191,11744.313688472841
000d7d20_2192,11744.318405779595
000d7d20_2193,11744.324125155203
000d7d20_2194,11744.330695409542
000d7d20_2195,11744.337920532642
000d7d20_2196,11744.343741941404
000d7d20_2197,11744.34831065285
000d7d20_2198,11744.352976327871
000d7d20_2199,11744.355915391763
000d7d20_2200,11744.358395037432
000d7d20_2201,11744.360144073113
000d7d20_2202,11744.361285146662
000d7d20_2203,11744.359272741454
000d7d20_2204,11744.356908977468
000d7d20_2205,11744.357106817642
000d7d20_2206,11744.358723940422
000d7d20_2207,11744.36325256652
000d7d20_2208,11744.36722046517
000d7d20_2209,11744.369344902647
000d7d20_2210,11744.371601244682
000d7d20_2211,11744.372101816394
000d7d20_2212,11744.37229723606
000d7d20_2213,11744.370441980449
000d7d20_2214,11744.369971227256
000d7d20_2215,11744.369668654916
000d7d20_2216,11744.372104307806
000d7d20_2217,11744.377624227536
000d7d20_2218,11744.381740509329
000d7d20_2219,11744.385990300001
000d7d20_2220,11744.390322612984
000d7d20_2221,11744.393141649602
000d7d20_2222,11744.397610331402
000d7d20_2223,11744.402348254887
000d7d20_2224,11744.405740741378
000d7d20_2225,11744.409014943478
000d7d20_2226,11744.41344790014
000d7d20_2227,11744.416319968957
000d7d20_2228,11744.419133218604
000d7d20_2229,11744.423294252734
000d7d20_2230,11744.426907555098
000d7d20_2231,11744.4312139219
000d7d20_2232,11744.437021094967
000d7d20_2233,11744.444370365607
000d7d20_2234,11744.452131616654
000d7d20_2235,11744.460339435924
000d7d20_2236,11744.468524792896
000d7d20_2237,11744.47503144601
000d7d20_2238,11744.483338636255
000d7d20_2239,11744.485862390726
000d7d20_2240,11744.496350237618
000d7d20_2241,11744.514825055187
000d7d20_2242,11744.536337997983
000d7d20_2243,11744.561971610277
000d7d20_2244,11744.58356767784
000d7d20_2245,11744.600935223974
000d7d20_2246,11744.61497645032
000d7d20_2247,11744.625256106874
000d7d20_2248,11744.631046433733
000d7d20_2249,11744.632396976918
000d7d20_2250,11744.64257308459
000d7d20_2251,11744.653343622402
000d7d20_2252,11744.663680425374
000d7d20_2253,11744.673467723092
000d7d20_2254,11744.677365237485
000d7d20_2255,11744.678741478716
000d7d20_2256,11744.678711408947
000d7d20_2257,11744.677867512073
000d7d20_2258,11744.677640561367
000d7d20_2259,11744.681706939686
000d7d20_2260,11744.686513485696
000d7d20_2261,11744.69166562704
000d7d20_2262,11744.69904163068
000d7d20_2263,11744.706920373032
000d7d20_2264,11744.714196816907
000d7d20_2265,11744.721355570491
000d7d20_2266,11744.724370935804
000d7d20_2267,11744.727490486417
000d7d20_2268,11744.73101548618
000d7d20_2269,11744.735983540828
000d7d20_2270,11744.738709269233
000d7d20_2271,11744.741453143812
000d7d20_2272,11744.743197358403
000d7d20_2273,11744.744656159593
000d7d20_2274,11744.745480344227
000d7d20_2275,11744.744683808476
000d7d20_2276,11744.740050265511
000d7d20_2277,11744.737529550732
000d7d20_2278,11744.734536747976
000d7d20_2279,11744.736736220239
000d7d20_2280,11744.741397590307
000d7d20_2281,11744.74536013514
000d7d20_2282,11744.753314935428
000d7d20_2283,11744.757437853674
000d7d20_2284,11744.759268902366
000d7d20_2285,11744.758561211143
000d7d20_2286,11744.746716643096
000d7d20_2287,11744.732706234649
000d7d20_2288,11744.719624685029
000d7d20_2289,11744.714924605105
000d7d20_2290,11744.71414697258
000d7d20_2291,11744.708939279375
000d7d20_2292,11744.704657977147
000d7d20_2293,11744.700606475162
000d7d20_2294,11744.698609855528
000d7d20_2295,11744.695413394515
000d7d20_2296,11744.686805023759
000d7d20_2297,11744.680620142204
000d7d20_2298,11744.6775858927
000d7d20_2299,11744.681103888086
000d7d20_2300,11744.6787263398
000d7d20_2301,11744.666511659016
000d7d20_2302,11744.649931906391
000d7d20_2303,11744.635787231104
000d7d20_2304,11744.619356782245
000d7d20_2305,11744.604275910919
000d7d20_2306,11744.59106102815
000d7d20_2307,11744.5779751955
000d7d20_2308,11744.568306314919
000d7d20_2309,11744.562516387443
000d7d20_2310,11744.55202477902
000d7d20_2311,11744.540495560184
000d7d20_2312,11744.52934929722
000d7d20_2313,11744.5180314452
000d7d20_2314,11744.504619854364
000d7d20_2315,11744.49283360078
000d7d20_2316,11744.47907680503
000d7d20_2317,11744.46562718007
000d7d20_2318,11744.451713887152
000d7d20_2319,11744.436809181621
000d7d20_2320,11744.419668759658
000d7d20_2321,11744.400769965227
000d7d20_2322,11744.383045045523
000d7d20_2323,11744.364806263438
000d7d20_2324,11744.34476724342
000d7d20_2325,11744.32664083804
000d7d20_2326,11744.308403316569
000d7d20_2327,11744.289373342079
000d7d20_2328,11744.267945395024
000d7d20_2329,11744.243677758917
000d7d20_2330,11744.218262248845
000d7d20_2331,11744.189666661034
000d7d20_2332,11744.161223097515
000d7d20_2333,11744.133447526172
000d7d20_2334,11744.105446219446
000d7d20_2335,11744.079737719536
000d7d20_2336,11744.054469040584
000d7d20_2337,11744.029226878374
000d7d20_2338,11744.003945941644
000d7d20_2339,11743.97655252196
000d7d20_2340,11743.970698239227
000d7d20_2341,11743.94208529226
000d7d20_2342,11743.872793307275
000d7d20_2343,11743.777017947665
000d7d20_2344,11743.66477665728
000d7d20_2345,11743.547582353058
000d7d20_2346,11743.437646538798
000d7d20_2347,11743.343886148792
000d7d20_2348,11743.274274905163
000d7d20_2349,11743.235650208324
000d7d20_2350,11743.232869595962
000d7d20_2351,11743.217192002016
000d7d20_2352,11743.186413058193
000d7d20_2353,11743.155075222501
000d7d20_2354,11743.122804249746
000d7d20_2355,11743.08624948308
000d7d20_2356,11743.067408424586
000d7d20_2357,11743.039789322902
000d7d20_2358,11743.007576815504
000d7d20_2359,11742.979535434144
000d7d20_2360,11742.959316419618
000d7d20_2361,11742.967018328935
000d7d20_2362,11742.998228838354
000d7d20_2363,11743.042878122478
000d7d20_2364,11743.08883161791
000d7d20_2365,11743.12389384371
000d7d20_2366,11743.154114875972
000d7d20_2367,11743.15066120874
000d7d20_2368,11743.124885176636
000d7d20_2369,11743.086616397613
000d7d20_2370,11743.045267112477
000d7d20_2371,11743.015621739607
000d7d20_2372,11742.992991084964
000d7d20_2373,11742.970754476952
000d7d20_2374,11742.929230407412
000d7d20_2375,11742.892453322009
000d7d20_2376,11742.880986644515
000d7d20_2377,11742.887487749664
000d7d20_2378,11742.908812371137
000d7d20_2379,11742.938094811778
000d7d20_2380,11742.970657362861
000d7d20_2381,11742.998578396073
000d7d20_2382,11743.014401140412
000d7d20_2383,11743.009083160085
000d7d20_2384,11742.97906400169
000d7d20_2385,11742.958010021619
000d7d20_2386,11742.94630330381
000d7d20_2387,11742.932024663656
000d7d20_2388,11742.919754807548
000d7d20_2389,11742.906624245163
000d7d20_2390,11742.892697737803
000d7d20_2391,11742.876025872909
000d7d20_2392,11742.85520556107
000d7d20_2393,11742.8345304154
000d7d20_2394,11742.817605762568
000d7d20_2395,11742.804770826164
000d7d20_2396,11742.78907673519
000d7d20_2397,11742.771405066553
000d7d20_2398,11742.752107386972
000d7d20_2399,11742.730395136326
000d7d20_2400,11742.70789535102
000d7d20_2401,11742.681877506398
000d7d20_2402,11742.653602030841
000d7d20_2403,11742.62469641282
000d7d20_2404,11742.59643105789
000d7d20_2405,11742.569565225447
000d7d20_2406,11742.543864334844
000d7d20_2407,11742.521456496514
000d7d20_2408,11742.502507657064
000d7d20_2409,11742.488590099498
000d7d20_2410,11742.480399671374
000d7d20_2411,11742.475106764708
000d7d20_2412,11742.47267499664
000d7d20_2413,11742.47128765628
000d7d20_2414,11742.470531907133
000d7d20_2415,11742.470214347279
000d7d20_2416,11742.470223908113
000d7d20_2417,11742.47061225636
000d7d20_2418,11742.470555896332
000d7d20_2419,11742.471325693878
000d7d20_2420,11742.471479611193
000d7d20_2421,11742.471461630354
000d7d20_2422,11742.471253695523
000d7d20_2423,11742.471086105928
000d7d20_2424,11742.4712260526
000d7d20_2425,11742.471226192189
000d7d20_2426,11742.470852999748
000d7d20_2427,11742.471410341463
000d7d20_2428,11742.471376865135
000d7d20_2429,11742.471874005394
000d7d20_2430,11742.4721771537
000d7d20_2431,11742.47208185064
000d7d20_2432,11742.471997964722
000d7d20_2433,11742.47216982978
000d7d20_2434,11742.472871876329
000d7d20_2435,11742.472538969267
000d7d20_2436,11742.472063798185
000d7d20_2437,11742.472449666999
000d7d20_2438,11742.472006768694
000d7d20_2439,11742.471400393304
000d7d20_2440,11742.470791104031
000d7d20_2441,11742.469871757214
000d7d20_2442,11742.468815229
000d7d20_2443,11742.46906073062
000d7d20_2444,11742.468561608817
000d7d20_2445,11742.467601781009
000d7d20_2446,11742.46701997907
000d7d20_2447,11742.466564914015
000d7d20_2448,11742.465975844909
000d7d20_2449,11742.464662665032
000d7d20_2450,11742.463350856382
000d7d20_2451,11742.462491767968
000d7d20_2452,11742.46127285877
000d7d20_2453,11742.460721269714
000d7d20_2454,11742.459760968228
000d7d20_2455,11742.45930236168
000d7d20_2456,11742.458714833852
000d7d20_2457,11742.457588122787
000d7d20_2458,11742.456843453769
000d7d20_2459,11742.455484148402
000d7d20_2460,11742.454678741713
000d7d20_2461,11742.453895873296
000d7d20_2462,11742.452993760453
000d7d20_2463,11742.452322654342
000d7d20_2464,11742.451967432276
000d7d20_2465,11742.451753134555
000d7d20_2466,11742.450949325243
000d7d20_2467,11742.44990148408
000d7d20_2468,11742.448742058546
000d7d20_2469,11742.447944805757
000d7d20_2470,11742.447353902362
000d7d20_2471,11742.44649289048
000d7d20_2472,11742.44564651959
000d7d20_2473,11742.445353600111
000d7d20_2474,11742.444573730707
000d7d20_2475,11742.443851695974
000d7d20_2476,11742.442849433999
000d7d20_2477,11742.44161723053
000d7d20_2478,11742.440564162356
000d7d20_2479,11742.44000132507
000d7d20_2480,11742.43937621813
000d7d20_2481,11742.438113386499
000d7d20_2482,11742.437351309374
000d7d20_2483,11742.437050780869
000d7d20_2484,11742.436012810098
000d7d20_2485,11742.435112890693
000d7d20_2486,11742.434369981838
000d7d20_2487,11742.433819525726
000d7d20_2488,11742.433122052998
000d7d20_2489,11742.43239538634
000d7d20_2490,11742.431533759107
000d7d20_2491,11742.430434581289
000d7d20_2492,11742.429658362416
000d7d20_2493,11742.428946735592
000d7d20_2494,11742.428003594578
000d7d20_2495,11742.427269518057
000d7d20_2496,11742.426914970874
000d7d20_2497,11742.426494849022
000d7d20_2498,11742.425345544916
000d7d20_2499,11742.424309795555
000d7d20_2500,11742.423468194214
000d7d20_2501,11742.422833263425
000d7d20_2502,11742.421808514831
000d7d20_2503,11742.421099320454
000d7d20_2504,11742.420612073343
000d7d20_2505,11742.419912981499
000d7d20_2506,11742.41938054471
000d7d20_2507,11742.41852204315
000d7d20_2508,11742.417539409707
000d7d20_2509,11742.416801510699
000d7d20_2510,11742.4165320844
000d7d20_2511,11742.41591453266
000d7d20_2512,11742.41518561347
000d7d20_2513,11742.414562880778
000d7d20_2514,11742.413798817772
000d7d20_2515,11742.413038722007
000d7d20_2516,11742.412268816117
000d7d20_2517,11742.411158345123
000d7d20_2518,11742.410179571258
000d7d20_2519,11742.409108041637
000d7d20_2520,11742.408332832838
000d7d20_2521,11742.407887950925
000d7d20_2522,11742.40769425264
000d7d20_2523,11742.407127576163
000d7d20_2524,11742.406499535995
000d7d20_2525,11742.406143147728
000d7d20_2526,11742.40531543224
000d7d20_2527,11742.40376320092
000d7d20_2528,11742.402590931917
000d7d20_2529,11742.40173620887
000d7d20_2530,11742.401408207439
000d7d20_2531,11742.401718563677
000d7d20_2532,11742.401821740888
000d7d20_2533,11742.401261616864
000d7d20_2534,11742.401024202136
000d7d20_2535,11742.400947676226
000d7d20_2536,11742.400640705826
000d7d20_2537,11742.399408979312
000d7d20_2538,11742.39911766694
000d7d20_2539,11742.399087744063
000d7d20_2540,11742.398698875175
000d7d20_2541,11742.398723320643
000d7d20_2542,11742.398684724547
000d7d20_2543,11742.397743126789
000d7d20_2544,11742.397723896822
000d7d20_2545,11742.397434977134
000d7d20_2546,11742.39742044887
000d7d20_2547,11742.397253152021
000d7d20_2548,11742.396973297557
000d7d20_2549,11742.397012990477
000d7d20_2550,11742.396246114291
000d7d20_2551,11742.396492723823
000d7d20_2552,11742.396202218466
000d7d20_2553,11742.395855003182
000d7d20_2554,11742.395495524925
000d7d20_2555,11742.395306688739
000d7d20_2556,11742.395149082015
000d7d20_2557,11742.395342821339
000d7d20_2558,11742.394526059672
000d7d20_2559,11742.394126177329
000d7d20_2560,11742.393887225282
000d7d20_2561,11742.393736795915
000d7d20_2562,11742.393775991735
000d7d20_2563,11742.393677193537
000d7d20_2564,11742.39299753911
000d7d20_2565,11742.393398965938
000d7d20_2566,11742.392936582119
000d7d20_2567,11742.392796431806
000d7d20_2568,11742.392659434066
000d7d20_2569,11742.392435030619
000d7d20_2570,11742.392441601627
000d7d20_2571,11742.39248770013
000d7d20_2572,11742.39250142053
000d7d20_2573,11742.391611449206
000d7d20_2574,11742.39079382119
000d7d20_2575,11742.39052900267
000d7d20_2576,11742.390488515968
000d7d20_2577,11742.390367646807
000d7d20_2578,11742.39053796666
000d7d20_2579,11742.390071171525
000d7d20_2580,11742.389750643288
000d7d20_2581,11742.389931766402
000d7d20_2582,11742.390320632461
000d7d20_2583,11742.390178733403
000d7d20_2584,11742.389799900573
000d7d20_2585,11742.38936054695
000d7d20_2586,11742.389403213743
000d7d20_2587,11742.388863669317
000d7d20_2588,11742.388241284267
000d7d20_2589,11742.387691526601
000d7d20_2590,11742.387373787311
000d7d20_2591,11742.387581924777
000d7d20_2592,11742.388445932758
000d7d20_2593,11742.388758659808
000d7d20_2594,11742.389025419572
000d7d20_2595,11742.389143070966
000d7d20_2596,11742.389803969403
000d7d20_2597,11742.390502630671
000d7d20_2598,11742.391344780885
000d7d20_2599,11742.39194617412
000d7d20_2600,11742.392634849897
000d7d20_2601,11742.392764422104
000d7d20_2602,11742.393873694346
000d7d20_2603,11742.396055280236
000d7d20_2604,11742.39851695461
000d7d20_2605,11742.401421990367
000d7d20_2606,11742.404683740458
000d7d20_2607,11742.40723707297
000d7d20_2608,11742.410884891735
000d7d20_2609,11742.414751397897
000d7d20_2610,11742.419151377251
000d7d20_2611,11742.423261059474
000d7d20_2612,11742.427891058505
000d7d20_2613,11742.43400042009
000d7d20_2614,11742.44079445885
000d7d20_2615,11742.447506685881
000d7d20_2616,11742.455404820477
000d7d20_2617,11742.46416561653
000d7d20_2618,11742.473935108166
000d7d20_2619,11742.484639246373
000d7d20_2620,11742.495816115821
000d7d20_2621,11742.505553284984
000d7d20_2622,11742.514903656922
000d7d20_2623,11742.52486864565
000d7d20_2624,11742.535685756753
000d7d20_2625,11742.546356346807
000d7d20_2626,11742.556973713276
000d7d20_2627,11742.568008371767
000d7d20_2628,11742.57750426105
000d7d20_2629,11742.588042930136
000d7d20_2630,11742.59829988168
000d7d20_2631,11742.606382101938
000d7d20_2632,11742.615582135299
000d7d20_2633,11742.624156976277
000d7d20_2634,11742.634973753291
000d7d20_2635,11742.646020073513
000d7d20_2636,11742.65529294606
000d7d20_2637,11742.666209591067
000d7d20_2638,11742.676540477598
000d7d20_2639,11742.686497722
000d7d20_2640,11742.696386628317
000d7d20_2641,11742.705057460422
000d7d20_2642,11742.714023205406
000d7d20_2643,11742.721099158367
000d7d20_2644,11742.729834026337
000d7d20_2645,11742.738453858508
000d7d20_2646,11742.745140269757
000d7d20_2647,11742.753581238414
000d7d20_2648,11742.761961015054
000d7d20_2649,11742.769738103145
000d7d20_2650,11742.777361306733
000d7d20_2651,11742.785104155912
000d7d20_2652,11742.793217300143
000d7d20_2653,11742.800902726784
000d7d20_2654,11742.809243391275
000d7d20_2655,11742.815846574324
000d7d20_2656,11742.821428879546
000d7d20_2657,11742.8279618569
000d7d20_2658,11742.833822603006
000d7d20_2659,11742.839376520351
000d7d20_2660,11742.842568932614
000d7d20_2661,11742.84607653673
000d7d20_2662,11742.851284199933
000d7d20_2663,11742.855245979128
000d7d20_2664,11742.856821284138
000d7d20_2665,11742.859000402808
000d7d20_2666,11742.86101967676
000d7d20_2667,11742.86288171514
000d7d20_2668,11742.863531593735
000d7d20_2669,11742.86609189877
000d7d20_2670,11742.868755898995
000d7d20_2671,11742.871478266166
000d7d20_2672,11742.875453911493
000d7d20_2673,11742.876462886401
000d7d20_2674,11742.87731461232
000d7d20_2675,11742.878740923756
000d7d20_2676,11742.877819547411
000d7d20_2677,11742.877716732399
000d7d20_2678,11742.876010290136
000d7d20_2679,11742.875497979629
000d7d20_2680,11742.875291811337
000d7d20_2681,11742.874450869796
000d7d20_2682,11742.873926988543
000d7d20_2683,11742.87279219729
000d7d20_2684,11742.873044101914
000d7d20_2685,11742.873007490194
000d7d20_2686,11742.875068642014
000d7d20_2687,11742.879087984415
000d7d20_2688,11742.879910603835
000d7d20_2689,11742.879104082327
000d7d20_2690,11742.877364730539
000d7d20_2691,11742.874494904016
000d7d20_2692,11742.870849686959
000d7d20_2693,11742.865991652721
000d7d20_2694,11742.861150924466
000d7d20_2695,11742.856846714927
000d7d20_2696,11742.85739457251
000d7d20_2697,11742.858450051233
000d7d20_2698,11742.85843510539
000d7d20_2699,11742.85870817725
000d7d20_2700,11742.859522152827
000d7d20_2701,11742.860657072502
000d7d20_2702,11742.861784441902
000d7d20_2703,11742.861769046192
000d7d20_2704,11742.862469874446
000d7d20_2705,11742.862023076399
000d7d20_2706,11742.862878275617
000d7d20_2707,11742.861748869256
000d7d20_2708,11742.85932475475
000d7d20_2709,11742.85794705781
000d7d20_2710,11742.856045190812
000d7d20_2711,11742.854425173178
000d7d20_2712,11742.853748027197
000d7d20_2713,11742.854403617665
000d7d20_2714,11742.857898174396
000d7d20_2715,11742.859901068612
000d7d20_2716,11742.86163208718
000d7d20_2717,11742.863224753699
000d7d20_2718,11742.86547251685
000d7d20_2719,11742.867744165065
000d7d20_2720,11742.868237791223
000d7d20_2721,11742.869673824469
000d7d20_2722,11742.87055984998
000d7d20_2723,11742.87170840701
000d7d20_2724,11742.87474471234
000d7d20_2725,11742.875834570743
000d7d20_2726,11742.87681366842
000d7d20_2727,11742.87865193392
000d7d20_2728,11742.880104980506
000d7d20_2729,11742.880179879312
000d7d20_2730,11742.881755359464
000d7d20_2731,11742.883346465409
000d7d20_2732,11742.884907660744
000d7d20_2733,11742.88600621415
000d7d20_2734,11742.88856722106
000d7d20_2735,11742.889299498058
000d7d20_2736,11742.89085812608
000d7d20_2737,11742.891624076241
000d7d20_2738,11742.892002044602
000d7d20_2739,11742.891765818837
000d7d20_2740,11742.893236901758
000d7d20_2741,11742.893088421773
000d7d20_2742,11742.89429406284
000d7d20_2743,11742.893827645832
000d7d20_2744,11742.895072027819
000d7d20_2745,11742.89598425488
000d7d20_2746,11742.896586844732
000d7d20_2747,11742.897125416828
000d7d20_2748,11742.89880374504
000d7d20_2749,11742.89863071172
000d7d20_2750,11742.900174777837
000d7d20_2751,11742.901158762546
000d7d20_2752,11742.901621979532
000d7d20_2753,11742.90231383968
000d7d20_2754,11742.904326482309
000d7d20_2755,11742.90514813687
000d7d20_2756,11742.905853310036
000d7d20_2757,11742.90774192872
000d7d20_2758,11742.909139745181
000d7d20_2759,11742.909440215111
000d7d20_2760,11742.9094022385
000d7d20_2761,11742.909697512052
000d7d20_2762,11742.909561336806
000d7d20_2763,11742.91073990002
000d7d20_2764,11742.91149517332
000d7d20_2765,11742.911337825146
000d7d20_2766,11742.912001679542
000d7d20_2767,11742.910773764315
000d7d20_2768,11742.909998892566
000d7d20_2769,11742.909219466732
000d7d20_2770,11742.908262861194
000d7d20_2771,11742.908964442255
000d7d20_2772,11742.910093762483
000d7d20_2773,11742.910909724602
000d7d20_2774,11742.911107814714
000d7d20_2775,11742.910705912618
000d7d20_2776,11742.909615498664
000d7d20_2777,11742.90716975091
000d7d20_2778,11742.906122256958
000d7d20_2779,11742.905580246354
000d7d20_2780,11742.905006717821
000d7d20_2781,11742.904452436598
000d7d20_2782,11742.903939009855
000d7d20_2783,11742.903802254408
000d7d20_2784,11742.902952022621
000d7d20_2785,11742.901957679584
000d7d20_2786,11742.9011348955
000d7d20_2787,11742.900494613146
000d7d20_2788,11742.900623134205
000d7d20_2789,11742.901339073327
000d7d20_2790,11742.902261484665
000d7d20_2791,11742.902399976541
000d7d20_2792,11742.902182433118
000d7d20_2793,11742.90229141022
000d7d20_2794,11742.901880737569
000d7d20_2795,11742.900790653053
000d7d20_2796,11742.899451096479
000d7d20_2797,11742.898768641731
000d7d20_2798,11742.899735824732
000d7d20_2799,11742.900892294732
000d7d20_2800,11742.90228556182
000d7d20_2801,11742.903254879222
000d7d20_2802,11742.903705857225
000d7d20_2803,11742.904192843616
000d7d20_2804,11742.905603685138
000d7d20_2805,11742.905674908103
000d7d20_2806,11742.906022776908
000d7d20_2807,11742.906356504525
000d7d20_2808,11742.907183893334
000d7d20_2809,11742.90779626224
000d7d20_2810,11742.90808991033
000d7d20_2811,11742.909058958043
000d7d20_2812,11742.908913564896
000d7d20_2813,11742.909319377832
000d7d20_2814,11742.90967271222
000d7d20_2815,11742.9096502516
000d7d20_2816,11742.909315574809
000d7d20_2817,11742.908652420447
000d7d20_2818,11742.907798961322
000d7d20_2819,11742.907579393646
000d7d20_2820,11742.906455207001
000d7d20_2821,11742.906149968529
000d7d20_2822,11742.905033406942
000d7d20_2823,11742.904794112785
000d7d20_2824,11742.903802024754
000d7d20_2825,11742.90379219853
000d7d20_2826,11742.903484534992
000d7d20_2827,11742.90309831504
000d7d20_2828,11742.902646104063
000d7d20_2829,11742.902305448446
000d7d20_2830,11742.90192789743
000d7d20_2831,11742.901667161488
000d7d20_2832,11742.901378062903
000d7d20_2833,11742.901260748211
000d7d20_2834,11742.901292688715
000d7d20_2835,11742.902105081681
000d7d20_2836,11742.90214214617
000d7d20_2837,11742.902063663376
000d7d20_2838,11742.901951650241
000d7d20_2839,11742.901892892547
000d7d20_2840,11742.901821621817
000d7d20_2841,11742.90186395998
000d7d20_2842,11742.902519143352
000d7d20_2843,11742.90236131172
000d7d20_2844,11742.903038625274
000d7d20_2845,11742.90362099202
000d7d20_2846,11742.903168215631
000d7d20_2847,11742.903358584572
000d7d20_2848,11742.902798026302
000d7d20_2849,11742.903156440887
000d7d20_2850,11742.903521995911
000d7d20_2851,11742.904015163702
000d7d20_2852,11742.90486638987
000d7d20_2853,11742.905588278358
000d7d20_2854,11742.906345896688
000d7d20_2855,11742.907282411488
000d7d20_2856,11742.907378068536
000d7d20_2857,11742.90825393845
000d7d20_2858,11742.908956514499
000d7d20_2859,11742.909612470517
000d7d20_2860,11742.910452245978
000d7d20_2861,11742.910950396676
000d7d20_2862,11742.91127209977
000d7d20_2863,11742.911718673995
000d7d20_2864,11742.911687594362
000d7d20_2865,11742.9114367549
000d7d20_2866,11742.911047579517
000d7d20_2867,11742.91135761421
000d7d20_2868,11742.911470857453
000d7d20_2869,11742.910528727265
000d7d20_2870,11742.910351592138
000d7d20_2871,11742.910208463705
000d7d20_2872,11742.909257241794
000d7d20_2873,11742.90940450095
000d7d20_2874,11742.909719991141
000d7d20_2875,11742.90980751404
000d7d20_2876,11742.91002674546
000d7d20_2877,11742.910687189065
000d7d20_2878,11742.911301804183
000d7d20_2879,11742.911122203994
000d7d20_2880,11742.911818737859
000d7d20_2881,11742.91257457474
000d7d20_2882,11742.91311304467
000d7d20_2883,11742.913594388234
000d7d20_2884,11742.91438039549
000d7d20_2885,11742.915073465228
000d7d20_2886,11742.915320291735
000d7d20_2887,11742.915435541054
000d7d20_2888,11742.915698953924
000d7d20_2889,11742.915921157026
000d7d20_2890,11742.916699658472
000d7d20_2891,11742.917322813217
000d7d20_2892,11742.917205947184
000d7d20_2893,11742.916893346825
000d7d20_2894,11742.91732322831
000d7d20_2895,11742.917638151985
000d7d20_2896,11742.917256880031
000d7d20_2897,11742.916917757124
000d7d20_2898,11742.917261941497
000d7d20_2899,11742.917760580143
000d7d20_2900,11742.91805006954
000d7d20_2901,11742.917936089365
000d7d20_2902,11742.916774853744
000d7d20_2903,11742.916278918161
000d7d20_2904,11742.91592199734
000d7d20_2905,11742.915300355213
000d7d20_2906,11742.914294603685
000d7d20_2907,11742.913264794319
000d7d20_2908,11742.912607780803
000d7d20_2909,11742.912063994367
000d7d20_2910,11742.911441404902
000d7d20_2911,11742.910499140919
000d7d20_2912,11742.908616509842
000d7d20_2913,11742.907462012983
000d7d20_2914,11742.906616604365
000d7d20_2915,11742.905666982002
000d7d20_2916,11742.904019398033
000d7d20_2917,11742.902421179757
000d7d20_2918,11742.901513108365
000d7d20_2919,11742.900212890301
000d7d20_2920,11742.89927558391
000d7d20_2921,11742.89832047241
000d7d20_2922,11742.89660250043
000d7d20_2923,11742.895807953906
000d7d20_2924,11742.894804716141
000d7d20_2925,11742.894008379795
000d7d20_2926,11742.89256512179
000d7d20_2927,11742.892110862766
000d7d20_2928,11742.89132329041
000d7d20_2929,11742.890644797335
000d7d20_2930,11742.890150250127
000d7d20_2931,11742.889884967539
000d7d20_2932,11742.88887147396
000d7d20_2933,11742.888528524312
000d7d20_2934,11742.887280169172
000d7d20_2935,11742.886203856478
000d7d20_2936,11742.885218994745
000d7d20_2937,11742.884384259794
000d7d20_2938,11742.883173070151
000d7d20_2939,11742.88285065629
000d7d20_2940,11742.881903619978
000d7d20_2941,11742.881130620013
000d7d20_2942,11742.880446436553
000d7d20_2943,11742.879690795224
000d7d20_2944,11742.87819357981
000d7d20_2945,11742.87686824389
000d7d20_2946,11742.876383826726
000d7d20_2947,11742.87506288676
000d7d20_2948,11742.8736765361
000d7d20_2949,11742.872682108604
000d7d20_2950,11742.87129644693
000d7d20_2951,11742.87020818681
000d7d20_2952,11742.869838869765
000d7d20_2953,11742.869237354775
000d7d20_2954,11742.869316076487
000d7d20_2955,11742.869323796154
000d7d20_2956,11742.869389838132
000d7d20_2957,11742.86877622659
000d7d20_2958,11742.86800822753
000d7d20_2959,11742.867307238535
000d7d20_2960,11742.866668031707
000d7d20_2961,11742.86637963709
000d7d20_2962,11742.865798460742
000d7d20_2963,11742.866445669613
000d7d20_2964,11742.868161189428
000d7d20_2965,11742.869661662791
000d7d20_2966,11742.871198906832
000d7d20_2967,11742.872554768
000d7d20_2968,11742.873606251818
000d7d20_2969,11742.873539714872
000d7d20_2970,11742.87371123354
000d7d20_2971,11742.873879752391
000d7d20_2972,11742.87349212592
000d7d20_2973,11742.873963020753
000d7d20_2974,11742.873661883259
000d7d20_2975,11742.87395037691
000d7d20_2976,11742.874521445836
000d7d20_2977,11742.874270817412
000d7d20_2978,11742.87458180697
000d7d20_2979,11742.874803917977
000d7d20_2980,11742.875444648804
000d7d20_2981,11742.87696569446
000d7d20_2982,11742.878669305182
000d7d20_2983,11742.879241705996
000d7d20_2984,11742.879793650092
000d7d20_2985,11742.880532178136
000d7d20_2986,11742.88178112444
000d7d20_2987,11742.881976901996
000d7d20_2988,11742.883751760459
000d7d20_2989,11742.884775879771
000d7d20_2990,11742.886013728063
000d7d20_2991,11742.887451700995
000d7d20_2992,11742.889092955684
000d7d20_2993,11742.889220886813
000d7d20_2994,11742.889619954445
000d7d20_2995,11742.89028470947
000d7d20_2996,11742.89095074758
000d7d20_2997,11742.89087615746
000d7d20_2998,11742.892469334834
000d7d20_2999,11742.89289764411
000d7d20_3000,11742.893903731285
000d7d20_3001,11742.895204470462
000d7d20_3002,11742.896343764032
000d7d20_3003,11742.896327076662
000d7d20_3004,11742.897376886684
000d7d20_3005,11742.898374430632
000d7d20_3006,11742.898140916437
000d7d20_3007,11742.898111532544
000d7d20_3008,11742.899877960514
000d7d20_3009,11742.900149614448
000d7d20_3010,11742.900475043669
000d7d20_3011,11742.902733449664
000d7d20_3012,11742.903353031237
000d7d20_3013,11742.903277095218
000d7d20_3014,11742.904432025422
000d7d20_3015,11742.903444111162
000d7d20_3016,11742.902743290902
000d7d20_3017,11742.901168363733
000d7d20_3018,11742.900146151414
000d7d20_3019,11742.899673783035
000d7d20_3020,11742.8987969169
000d7d20_3021,11742.900408420664
000d7d20_3022,11742.900260388455
000d7d20_3023,11742.899635257532
000d7d20_3024,11742.900745144578
000d7d20_3025,11742.900257724588
000d7d20_3026,11742.900988368354
000d7d20_3027,11742.899918663265
000d7d20_3028,11742.900346831324
000d7d20_3029,11742.901467046133
000d7d20_3030,11742.90133696425
000d7d20_3031,11742.900587688488
000d7d20_3032,11742.89877720542
000d7d20_3033,11742.89572401137
000d7d20_3034,11742.893884327234
000d7d20_3035,11742.891036203222
000d7d20_3036,11742.890464525677
000d7d20_3037,11742.889239234144
000d7d20_3038,11742.890648685405
000d7d20_3039,11742.891480177539
000d7d20_3040,11742.893417237716
000d7d20_3041,11742.893936879656
000d7d20_3042,11742.895790206661
000d7d20_3043,11742.893944686984
000d7d20_3044,11742.890004117558
000d7d20_3045,11742.885697695285
000d7d20_3046,11742.882330624045
000d7d20_3047,11742.879872518995
000d7d20_3048,11742.878885911741
000d7d20_3049,11742.877025517744
000d7d20_3050,11742.877548832876
000d7d20_3051,11742.878297697127
000d7d20_3052,11742.88079341672
000d7d20_3053,11742.880666649762
000d7d20_3054,11742.878153035417
000d7d20_3055,11742.877873787373
000d7d20_3056,11742.87780854261
000d7d20_3057,11742.877262877206
000d7d20_3058,11742.87576941729
000d7d20_3059,11742.871908378775
000d7d20_3060,11742.867162782182
000d7d20_3061,11742.863733839324
000d7d20_3062,11742.862244986842
000d7d20_3063,11742.860771559073
000d7d20_3064,11742.858289145188
000d7d20_3065,11742.858582706598
000d7d20_3066,11742.859041725951
000d7d20_3067,11742.858697318941
000d7d20_3068,11742.857636902307
000d7d20_3069,11742.855636474897
000d7d20_3070,11742.853225161356
000d7d20_3071,11742.852470431953
000d7d20_3072,11742.8506127627
000d7d20_3073,11742.849123579428
000d7d20_3074,11742.847294433264
000d7d20_3075,11742.84646669578
000d7d20_3076,11742.845786636131
000d7d20_3077,11742.844650845353
000d7d20_3078,11742.8416656478
000d7d20_3079,11742.840315545936
000d7d20_3080,11742.839236805623
000d7d20_3081,11742.83736749837
000d7d20_3082,11742.834599603897
000d7d20_3083,11742.833013126643
000d7d20_3084,11742.832177346872
000d7d20_3085,11742.8307444682
000d7d20_3086,11742.82978181882
000d7d20_3087,11742.828606610441
000d7d20_3088,11742.826847336979
000d7d20_3089,11742.826448856562
000d7d20_3090,11742.825875403076
000d7d20_3091,11742.824567628073
000d7d20_3092,11742.82308025199
000d7d20_3093,11742.821235181202
000d7d20_3094,11742.819382849819
000d7d20_3095,11742.816517082905
000d7d20_3096,11742.814047166765
000d7d20_3097,11742.81139500946
000d7d20_3098,11742.808905116115
000d7d20_3099,11742.807068865615
000d7d20_3100,11742.805502407547
000d7d20_3101,11742.804064316966
000d7d20_3102,11742.801976664628
000d7d20_3103,11742.800481534781
000d7d20_3104,11742.799484823838
000d7d20_3105,11742.798892500394
000d7d20_3106,11742.798550141
000d7d20_3107,11742.7980896982
000d7d20_3108,11742.797694150842
000d7d20_3109,11742.7974232705
000d7d20_3110,11742.796958740357
000d7d20_3111,11742.795846111341
000d7d20_3112,11742.793966530102
000d7d20_3113,11742.7927811764
000d7d20_3114,11742.791712459551
000d7d20_3115,11742.790915452253
000d7d20_3116,11742.790218104587
000d7d20_3117,11742.789567076245
000d7d20_3118,11742.78829299056
000d7d20_3119,11742.788078477897
000d7d20_3120,11742.788594155141
000d7d20_3121,11742.789463455458
000d7d20_3122,11742.790583845419
000d7d20_3123,11742.79172823243
000d7d20_3124,11742.792814331351
000d7d20_3125,11742.79369545112
000d7d20_3126,11742.794147673263
000d7d20_3127,11742.794085641464
000d7d20_3128,11742.793216349277
000d7d20_3129,11742.793272786454
000d7d20_3130,11742.792794422341
000d7d20_3131,11742.793298988894
000d7d20_3132,11742.794473979075
000d7d20_3133,11742.795973615572
000d7d20_3134,11742.797660625609
000d7d20_3135,11742.799314953543
000d7d20_3136,11742.800846178081
000d7d20_3137,11742.8019445836
000d7d20_3138,11742.802374232248
000d7d20_3139,11742.80220857972
000d7d20_3140,11742.800596078137
000d7d20_3141,11742.800578888331
000d7d20_3142,11742.801200861575
000d7d20_3143,11742.802180413675
000d7d20_3144,11742.80337855827
000d7d20_3145,11742.804463376246
000d7d20_3146,11742.805452984036
000d7d20_3147,11742.806183383163
000d7d20_3148,11742.805804076905
000d7d20_3149,11742.80591072658
000d7d20_3150,11742.805951711913
000d7d20_3151,11742.807166015997
000d7d20_3152,11742.808696482964
000d7d20_3153,11742.81041871086
000d7d20_3154,11742.812104737768
000d7d20_3155,11742.812901814337
000d7d20_3156,11742.814328473683
000d7d20_3157,11742.815940418233
000d7d20_3158,11742.817259452779
000d7d20_3159,11742.819556404189
000d7d20_3160,11742.821772188141
000d7d20_3161,11742.823734221425
000d7d20_3162,11742.824738342046
000d7d20_3163,11742.826114232223
000d7d20_3164,11742.827421674236
000d7d20_3165,11742.828427997276
000d7d20_3166,11742.83033739962
000d7d20_3167,11742.832259295144
000d7d20_3168,11742.83342236084
000d7d20_3169,11742.83495505742
000d7d20_3170,11742.83659562008
000d7d20_3171,11742.837994203604
000d7d20_3172,11742.838916985686
000d7d20_3173,11742.840510138485
000d7d20_3174,11742.841286863333
000d7d20_3175,11742.842701645419
000d7d20_3176,11742.844076668109
000d7d20_3177,11742.845253341273
000d7d20_3178,11742.845912300338
000d7d20_3179,11742.846724508076
000d7d20_3180,11742.848076146136
000d7d20_3181,11742.849685119862
000d7d20_3182,11742.85115539644
000d7d20_3183,11742.852131939184
000d7d20_3184,11742.8522159914
000d7d20_3185,11742.852127813869
000d7d20_3186,11742.852270015657
000d7d20_3187,11742.852376168576
000d7d20_3188,11742.852066051724
000d7d20_3189,11742.85107559983
000d7d20_3190,11742.849804627607
000d7d20_3191,11742.849073143363
000d7d20_3192,11742.848377327793
000d7d20_3193,11742.847531968877
000d7d20_3194,11742.845546201697
000d7d20_3195,11742.843575387713
000d7d20_3196,11742.8426831242
000d7d20_3197,11742.841207896507
000d7d20_3198,11742.840319410427
000d7d20_3199,11742.839472656367
000d7d20_3200,11742.83753948105
000d7d20_3201,11742.837117906502
000d7d20_3202,11742.836840923715
000d7d20_3203,11742.835734467326
000d7d20_3204,11742.834681464465
000d7d20_3205,11742.834493006107
000d7d20_3206,11742.833205065243
000d7d20_3207,11742.83181767213
000d7d20_3208,11742.830587274173
000d7d20_3209,11742.829639898791
000d7d20_3210,11742.827693933521
000d7d20_3211,11742.827309926299
000d7d20_3212,11742.82616084969
000d7d20_3213,11742.825229288681
000d7d20_3214,11742.824381708911
000d7d20_3215,11742.823220921444
000d7d20_3216,11742.822283275716
000d7d20_3217,11742.821415143346
000d7d20_3218,11742.820548190923
000d7d20_3219,11742.819562583212
000d7d20_3220,11742.817839765015
000d7d20_3221,11742.817427659478
000d7d20_3222,11742.815589113547
000d7d20_3223,11742.813806107388
000d7d20_3224,11742.812093556975
000d7d20_3225,11742.810288322402
000d7d20_3226,11742.808856165706
000d7d20_3227,11742.806834387291
000d7d20_3228,11742.806426847132
000d7d20_3229,11742.804727508319
000d7d20_3230,11742.803133549665
000d7d20_3231,11742.802176311667
000d7d20_3232,11742.800776029391
000d7d20_3233,11742.800643740895
000d7d20_3234,11742.80065530165
000d7d20_3235,11742.799657576914
000d7d20_3236,11742.798161584282
000d7d20_3237,11742.79688258938
000d7d20_3238,11742.796493478289
000d7d20_3239,11742.795458799646
000d7d20_3240,11742.795012334032
000d7d20_3241,11742.795407617705
000d7d20_3242,11742.796928829972
000d7d20_3243,11742.799340363192
000d7d20_3244,11742.800946503834
000d7d20_3245,11742.802296666965
000d7d20_3246,11742.802723822715
000d7d20_3247,11742.80256609514
000d7d20_3248,11742.802196312892
000d7d20_3249,11742.801095848217
000d7d20_3250,11742.80019875295
000d7d20_3251,11742.800329358779
000d7d20_3252,11742.801195769258
000d7d20_3253,11742.802519289784
000d7d20_3254,11742.804260843921
000d7d20_3255,11742.804930247812
000d7d20_3256,11742.806280609966
000d7d20_3257,11742.80762704465
000d7d20_3258,11742.808918359362
000d7d20_3259,11742.809533467234
000d7d20_3260,11742.809587858854
000d7d20_3261,11742.811320961322
000d7d20_3262,11742.813712738083
000d7d20_3263,11742.816506584175
000d7d20_3264,11742.81812935921
000d7d20_3265,11742.82017873116
000d7d20_3266,11742.8238197006
000d7d20_3267,11742.826373473876
000d7d20_3268,11742.829518645696
000d7d20_3269,11742.832371315206
000d7d20_3270,11742.833137856593
000d7d20_3271,11742.83582337406
000d7d20_3272,11742.837321433193
000d7d20_3273,11742.839692334019
000d7d20_3274,11742.841005949205
000d7d20_3275,11742.84506578466
000d7d20_3276,11742.849844248027
000d7d20_3277,11742.85342876428
000d7d20_3278,11742.858967117943
000d7d20_3279,11742.86263050398
000d7d20_3280,11742.864736877666
000d7d20_3281,11742.868639027132
000d7d20_3282,11742.870962734389
000d7d20_3283,11742.875536225809
000d7d20_3284,11742.879127269965
000d7d20_3285,11742.88503307243
000d7d20_3286,11742.890271073178
000d7d20_3287,11742.894717147536
000d7d20_3288,11742.900832960737
000d7d20_3289,11742.904376126435
000d7d20_3290,11742.909042860203
000d7d20_3291,11742.913880980053
000d7d20_3292,11742.918925389185
000d7d20_3293,11742.92399851147
000d7d20_3294,11742.92881834225
000d7d20_3295,11742.934436684325
000d7d20_3296,11742.937676430896
000d7d20_3297,11742.941777938751
000d7d20_3298,11742.946599437331
000d7d20_3299,11742.948997849262
000d7d20_3300,11742.952824254118
000d7d20_3301,11742.95614239095
000d7d20_3302,11742.959207654914
000d7d20_3303,11742.962280771737
000d7d20_3304,11742.96646564009
000d7d20_3305,11742.970222883585
000d7d20_3306,11742.971985915345
000d7d20_3307,11742.97508332313
000d7d20_3308,11742.977662885742
000d7d20_3309,11742.97915334678
000d7d20_3310,11742.980732823
000d7d20_3311,11742.981131868819
000d7d20_3312,11742.980113245483
000d7d20_3313,11742.979050677375
000d7d20_3314,11742.979562119755
000d7d20_3315,11742.98111377917
000d7d20_3316,11742.98362892742
000d7d20_3317,11742.987066300255
000d7d20_3318,11742.989557482986
000d7d20_3319,11742.991217928728
000d7d20_3320,11742.99137974946
000d7d20_3321,11742.991500511454
000d7d20_3322,11742.989852966177
000d7d20_3323,11742.98739337898
000d7d20_3324,11742.986904310696
000d7d20_3325,11742.98724077659
000d7d20_3326,11742.988269066176
000d7d20_3327,11742.988888351283
000d7d20_3328,11742.990647398101
000d7d20_3329,11742.992014848202
000d7d20_3330,11742.993520238779
000d7d20_3331,11742.995078344056
000d7d20_3332,11742.996128538518
000d7d20_3333,11742.995853320459
000d7d20_3334,11742.994811551445
000d7d20_3335,11742.994517281008
000d7d20_3336,11742.993439587593
000d7d20_3337,11742.992116773712
000d7d20_3338,11742.992874914917
000d7d20_3339,11742.992139234311
000d7d20_3340,11742.992197465079
000d7d20_3341,11742.990997937546
000d7d20_3342,11742.989521752443
000d7d20_3343,11742.987389509093
000d7d20_3344,11742.984969753536
000d7d20_3345,11742.98435699659
000d7d20_3346,11742.982369058645
000d7d20_3347,11742.981552384716
000d7d20_3348,11742.98217404722
000d7d20_3349,11742.980955317771
000d7d20_3350,11742.980687060633
000d7d20_3351,11742.978105014969
000d7d20_3352,11742.975818778674
000d7d20_3353,11742.97430557642
000d7d20_3354,11742.970815380702
000d7d20_3355,11742.968390731756
000d7d20_3356,11742.965477931682
000d7d20_3357,11742.963536711854
000d7d20_3358,11742.960222338128
000d7d20_3359,11742.956567633013
000d7d20_3360,11742.954138421392
000d7d20_3361,11742.95115946637
000d7d20_3362,11742.949110926502
000d7d20_3363,11742.945957428969
000d7d20_3364,11742.942678338282
000d7d20_3365,11742.940342737667
000d7d20_3366,11742.937819710705
000d7d20_3367,11742.935002385806
000d7d20_3368,11742.931841344229
000d7d20_3369,11742.928982578895
000d7d20_3370,11742.92597838553
000d7d20_3371,11742.923166714201
000d7d20_3372,11742.920211446539
000d7d20_3373,11742.917106555598
000d7d20_3374,11742.915414940348
000d7d20_3375,11742.9137524618
000d7d20_3376,11742.912363762258
000d7d20_3377,11742.911362892715
000d7d20_3378,11742.910956719468
000d7d20_3379,11742.909530174034
000d7d20_3380,11742.907983212921
000d7d20_3381,11742.906691555287
000d7d20_3382,11742.90523996051
000d7d20_3383,11742.903845193774
000d7d20_3384,11742.902207509149
000d7d20_3385,11742.900445158702
000d7d20_3386,11742.899394547303
000d7d20_3387,11742.898571960468
000d7d20_3388,11742.897979016336
000d7d20_3389,11742.896782392394
000d7d20_3390,11742.89535041919
000d7d20_3391,11742.893944487587
000d7d20_3392,11742.892527545231
000d7d20_3393,11742.891232641588
000d7d20_3394,11742.89040597415
000d7d20_3395,11742.88962599573
000d7d20_3396,11742.88897622193
000d7d20_3397,11742.88765652282
000d7d20_3398,11742.88599956988
000d7d20_3399,11742.884196504454
000d7d20_3400,11742.882297384618
000d7d20_3401,11742.880547666151
000d7d20_3402,11742.879017042447
000d7d20_3403,11742.877855092762
000d7d20_3404,11742.877564246215
000d7d20_3405,11742.87672032018
000d7d20_3406,11742.87535306537
000d7d20_3407,11742.873544783162
000d7d20_3408,11742.871551983331
000d7d20_3409,11742.869406288348
000d7d20_3410,11742.86728308619
000d7d20_3411,11742.865400911593
000d7d20_3412,11742.86379134341
000d7d20_3413,11742.862652501546
000d7d20_3414,11742.862203566525
000d7d20_3415,11742.861572071452
000d7d20_3416,11742.86139537446
000d7d20_3417,11742.860919847179
000d7d20_3418,11742.860222591931
000d7d20_3419,11742.859211250567
000d7d20_3420,11742.858171417543
000d7d20_3421,11742.857114356593
000d7d20_3422,11742.856096989366
000d7d20_3423,11742.855381738835
000d7d20_3424,11742.855152495003
000d7d20_3425,11742.855419386437
000d7d20_3426,11742.856560296223
000d7d20_3427,11742.85759646277
000d7d20_3428,11742.858875863158
000d7d20_3429,11742.860281280391
000d7d20_3430,11742.861899965093
000d7d20_3431,11742.863527643898
000d7d20_3432,11742.865240668692
000d7d20_3433,11742.867347219752
000d7d20_3434,11742.869219886106
000d7d20_3435,11742.87067389029
000d7d20_3436,11742.871948775351
000d7d20_3437,11742.873031652762
000d7d20_3438,11742.874067489409
000d7d20_3439,11742.875103847276
000d7d20_3440,11742.8763175809
000d7d20_3441,11742.877645173452
000d7d20_3442,11742.879320367692
000d7d20_3443,11742.881376211386
000d7d20_3444,11742.883102467305
000d7d20_3445,11742.884609105473
000d7d20_3446,11742.886068383523
000d7d20_3447,11742.887413203209
000d7d20_3448,11742.88866089082
000d7d20_3449,11742.889824749418
000d7d20_3450,11742.890996735438
000d7d20_3451,11742.892100150479
000d7d20_3452,11742.893196728597
000d7d20_3453,11742.894321777065
000d7d20_3454,11742.895464790941
000d7d20_3455,11742.89657295954
000d7d20_3456,11742.89761137181
000d7d20_3457,11742.898675243858
000d7d20_3458,11742.899684487986
000d7d20_3459,11742.900703389929
000d7d20_3460,11742.901704670032
000d7d20_3461,11742.902640928045
000d7d20_3462,11742.90355897633
000d7d20_3463,11742.904491054178
000d7d20_3464,11742.905388077454
000d7d20_3465,11742.906150135275
000d7d20_3466,11742.906758439465
000d7d20_3467,11742.907348515746
000d7d20_3468,11742.907831606066
000d7d20_3469,11742.908249703545
000d7d20_3470,11742.908577501108
000d7d20_3471,11742.908774989966
000d7d20_3472,11742.908965938854
000d7d20_3473,11742.909145443886
000d7d20_3474,11742.909128713007
000d7d20_3475,11742.909089424134
000d7d20_3476,11742.90900948278
000d7d20_3477,11742.908894120828
000d7d20_3478,11742.908688296728
000d7d20_3479,11742.908477300727
000d7d20_3480,11742.908320395716
000d7d20_3481,11742.908169290025
000d7d20_3482,11742.90811355162
000d7d20_3483,11742.908109606069
000d7d20_3484,11742.908041778444
000d7d20_3485,11742.908082310958
000d7d20_3486,11742.908146841444
000d7d20_3487,11742.90814460435
000d7d20_3488,11742.90804996252
000d7d20_3489,11742.908335825381
000d7d20_3490,11742.908236211142
000d7d20_3491,11742.907756701698
000d7d20_3492,11742.907133973258
000d7d20_3493,11742.906469695656
000d7d20_3494,11742.905907228534
000d7d20_3495,11742.905909298966
000d7d20_3496,11742.905880665016
000d7d20_3497,11742.9059021537
000d7d20_3498,11742.906109871572
000d7d20_3499,11742.907015952413
000d7d20_3500,11742.907187266803
000d7d20_3501,11742.90690016015
000d7d20_3502,11742.906470331744
000d7d20_3503,11742.906310575385
000d7d20_3504,11742.905886651182
000d7d20_3505,11742.905420951587
000d7d20_3506,11742.904581940575
000d7d20_3507,11742.903198343542
000d7d20_3508,11742.901520200216
000d7d20_3509,11742.90009643144
000d7d20_3510,11742.897902905275
000d7d20_3511,11742.89529226515
000d7d20_3512,11742.893160414878
000d7d20_3513,11742.891037607747
000d7d20_3514,11742.888773624754
000d7d20_3515,11742.886156948374
000d7d20_3516,11742.883909780543
000d7d20_3517,11742.880903093592
000d7d20_3518,11742.87775763504
000d7d20_3519,11742.87507385984
000d7d20_3520,11742.872026726376
000d7d20_3521,11742.869288913293
000d7d20_3522,11742.86673688898
000d7d20_3523,11742.8643245093
000d7d20_3524,11742.861881550582
000d7d20_3525,11742.859407151987
000d7d20_3526,11742.857291942768
000d7d20_3527,11742.854072162383
000d7d20_3528,11742.850996580939
000d7d20_3529,11742.84776163166
000d7d20_3530,11742.844570367346
000d7d20_3531,11742.841284507127
000d7d20_3532,11742.837940109774
000d7d20_3533,11742.835041838818
000d7d20_3534,11742.831499756672
000d7d20_3535,11742.82852049093
000d7d20_3536,11742.825459806048
000d7d20_3537,11742.821320324812
000d7d20_3538,11742.817502721598
000d7d20_3539,11742.813417322628
000d7d20_3540,11742.809096144896
000d7d20_3541,11742.80470440684
000d7d20_3542,11742.800700878508
000d7d20_3543,11742.796608887578
000d7d20_3544,11742.791679169723
000d7d20_3545,11742.787070648414
000d7d20_3546,11742.782525138336
000d7d20_3547,11742.777540638239
000d7d20_3548,11742.77227532244
000d7d20_3549,11742.767110468609
000d7d20_3550,11742.761719870523
000d7d20_3551,11742.756709897685
000d7d20_3552,11742.751598828865
000d7d20_3553,11742.746078533932
000d7d20_3554,11742.7394741536
000d7d20_3555,11742.733254922297
000d7d20_3556,11742.727190428357
000d7d20_3557,11742.72083592055
000d7d20_3558,11742.713979868326
000d7d20_3559,11742.70740816251
000d7d20_3560,11742.700731090132
000d7d20_3561,11742.6937286299
000d7d20_3562,11742.68647100724
000d7d20_3563,11742.678686151894
000d7d20_3564,11742.67027566405
000d7d20_3565,11742.662061985582
000d7d20_3566,11742.653761178546
000d7d20_3567,11742.645362533036
000d7d20_3568,11742.636870186827
000d7d20_3569,11742.62828873767
000d7d20_3570,11742.61953058618
000d7d20_3571,11742.610556904965
000d7d20_3572,11742.60158768394
000d7d20_3573,11742.592445966253
000d7d20_3574,11742.583168129044
000d7d20_3575,11742.57379849381
000d7d20_3576,11742.564292049687
000d7d20_3577,11742.554734274192
000d7d20_3578,11742.54515928512
000d7d20_3579,11742.535901274317
000d7d20_3580,11742.526699868538
000d7d20_3581,11742.517356084434
000d7d20_3582,11742.508171664467
000d7d20_3583,11742.499289338975
000d7d20_3584,11742.490852773382
000d7d20_3585,11742.483068932856
000d7d20_3586,11742.476286824121
000d7d20_3587,11742.470343119414
000d7d20_3588,11742.464934910979
000d7d20_3589,11742.460350416019
000d7d20_3590,11742.456213251231
000d7d20_3591,11742.452539866392
000d7d20_3592,11742.449478539495
000d7d20_3593,11742.446601178734
000d7d20_3594,11742.444031611642
000d7d20_3595,11742.442153707208
000d7d20_3596,11742.44118869321
000d7d20_3597,11742.440110494379
000d7d20_3598,11742.43916201008
000d7d20_3599,11742.438372676283
000d7d20_3600,11742.437528698501
000d7d20_3601,11742.437131420258
000d7d20_3602,11742.436916493885
000d7d20_3603,11742.436134003769
000d7d20_3604,11742.435653945191
000d7d20_3605,11742.435539919508
000d7d20_3606,11742.435391979201
000d7d20_3607,11742.435238747465
000d7d20_3608,11742.435496630536
000d7d20_3609,11742.435358405026
000d7d20_3610,11742.435324507425
000d7d20_3611,11742.435640290549
000d7d20_3612,11742.435985794471
000d7d20_3613,11742.436089773008
000d7d20_3614,11742.436452753005
000d7d20_3615,11742.436854462543
000d7d20_3616,11742.43700585
000d7d20_3617,11742.43718314423
000d7d20_3618,11742.436875456064
000d7d20_3619,11742.436497915587
000d7d20_3620,11742.436440749436
000d7d20_3621,11742.436564942655
000d7d20_3622,11742.436845418175
000d7d20_3623,11742.437287837773
000d7d20_3624,11742.438141484847
000d7d20_3625,11742.438804877213
000d7d20_3626,11742.439075512179
000d7d20_3627,11742.4390946581
000d7d20_3628,11742.438847570313
000d7d20_3629,11742.438678119215
000d7d20_3630,11742.438435203629
000d7d20_3631,11742.438737386889
000d7d20_3632,11742.438768580783
000d7d20_3633,11742.43899779602
000d7d20_3634,11742.43930989839
000d7d20_3635,11742.439288118423
000d7d20_3636,11742.439608219935
000d7d20_3637,11742.43964160828
000d7d20_3638,11742.439771507863
000d7d20_3639,11742.440088430496
000d7d20_3640,11742.44023571488
000d7d20_3641,11742.440577470432
000d7d20_3642,11742.440814349056
000d7d20_3643,11742.441139117023
000d7d20_3644,11742.441062445745
000d7d20_3645,11742.441065814424
000d7d20_3646,11742.441592717925
000d7d20_3647,11742.441309013451
000d7d20_3648,11742.441329047675
000d7d20_3649,11742.441847314387
000d7d20_3650,11742.44215847025
000d7d20_3651,11742.44259860716
000d7d20_3652,11742.442974373978
000d7d20_3653,11742.443014117456
000d7d20_3654,11742.443035701332
000d7d20_3655,11742.443115665144
000d7d20_3656,11742.443300446716
000d7d20_3657,11742.442691754366
000d7d20_3658,11742.442371153995
000d7d20_3659,11742.442785775034
000d7d20_3660,11742.443300561063
000d7d20_3661,11742.4437458034
000d7d20_3662,11742.444003630262
000d7d20_3663,11742.444421613247
000d7d20_3664,11742.444863722227
000d7d20_3665,11742.444969367834
000d7d20_3666,11742.444386308936
000d7d20_3667,11742.44347417869
000d7d20_3668,11742.443028376372
000d7d20_3669,11742.443038747637
000d7d20_3670,11742.443212430884
000d7d20_3671,11742.443577976857
000d7d20_3672,11742.443964696182
000d7d20_3673,11742.444353109797
000d7d20_3674,11742.444502400995
000d7d20_3675,11742.44441289877
000d7d20_3676,11742.44340579952
000d7d20_3677,11742.442562903569
000d7d20_3678,11742.442430901257
000d7d20_3679,11742.442486785461
000d7d20_3680,11742.442825198414
000d7d20_3681,11742.44333004032
000d7d20_3682,11742.443850355216
000d7d20_3683,11742.444405899867
000d7d20_3684,11742.444864562678
000d7d20_3685,11742.445054559877
000d7d20_3686,11742.444618028514
000d7d20_3687,11742.444245364775
000d7d20_3688,11742.444106723964
000d7d20_3689,11742.443418860217
000d7d20_3690,11742.44284825919
000d7d20_3691,11742.442594233806
000d7d20_3692,11742.442686248916
000d7d20_3693,11742.442912294639
000d7d20_3694,11742.443279814768
000d7d20_3695,11742.44389556635
000d7d20_3696,11742.444494002812
000d7d20_3697,11742.444960648652
000d7d20_3698,11742.44520156422
000d7d20_3699,11742.444998426348
000d7d20_3700,11742.444852855277
000d7d20_3701,11742.44482829814
000d7d20_3702,11742.444857404887
000d7d20_3703,11742.444733050754
000d7d20_3704,11742.44465296319
000d7d20_3705,11742.444573382872
000d7d20_3706,11742.444478770594
000d7d20_3707,11742.444339658272
000d7d20_3708,11742.444237598522
000d7d20_3709,11742.44408198518
000d7d20_3710,11742.443824349273
000d7d20_3711,11742.443652804617
000d7d20_3712,11742.44334487609
000d7d20_3713,11742.442659801487
000d7d20_3714,11742.442053652841
000d7d20_3715,11742.441837416125
000d7d20_3716,11742.441980689196
000d7d20_3717,11742.442326423927
000d7d20_3718,11742.44284023475
000d7d20_3719,11742.44349003176
000d7d20_3720,11742.444115975637
000d7d20_3721,11742.44465982277
000d7d20_3722,11742.444888281234
000d7d20_3723,11742.44462861813
000d7d20_3724,11742.444474227603
000d7d20_3725,11742.444629461603
000d7d20_3726,11742.444591140404
000d7d20_3727,11742.44463885632
000d7d20_3728,11742.444618467069
000d7d20_3729,11742.444563850702
000d7d20_3730,11742.444564527692
000d7d20_3731,11742.444589334886
000d7d20_3732,11742.444736953643
000d7d20_3733,11742.445100847599
000d7d20_3734,11742.445718487244
000d7d20_3735,11742.445919831554
000d7d20_3736,11742.445727759716
000d7d20_3737,11742.445403446021
000d7d20_3738,11742.444749229191
000d7d20_3739,11742.443919979429
000d7d20_3740,11742.44325518065
000d7d20_3741,11742.442560877098
000d7d20_3742,11742.442223771406
000d7d20_3743,11742.442308203565
000d7d20_3744,11742.442527564079
000d7d20_3745,11742.44245412307
000d7d20_3746,11742.442331088161
000d7d20_3747,11742.442103235597
000d7d20_3748,11742.441695122536
000d7d20_3749,11742.441185185122
000d7d20_3750,11742.440772824502
000d7d20_3751,11742.440348867261
000d7d20_3752,11742.440181631042
000d7d20_3753,11742.440110778032
000d7d20_3754,11742.440218759455
000d7d20_3755,11742.440395197907
000d7d20_3756,11742.440538660663
000d7d20_3757,11742.440726022169
000d7d20_3758,11742.44130985481
000d7d20_3759,11742.441937427166
000d7d20_3760,11742.442191967459
000d7d20_3761,11742.442234748662
000d7d20_3762,11742.441959160282
000d7d20_3763,11742.441481679205
000d7d20_3764,11742.440813253357
000d7d20_3765,11742.440112494462
000d7d20_3766,11742.439449331272
000d7d20_3767,11742.439103576555
000d7d20_3768,11742.439378507872
000d7d20_3769,11742.439571327712
000d7d20_3770,11742.439504958144
000d7d20_3771,11742.439459019937
000d7d20_3772,11742.439284346492
000d7d20_3773,11742.43913248413
000d7d20_3774,11742.438925275164
000d7d20_3775,11742.438925001261
000d7d20_3776,11742.439021998536
000d7d20_3777,11742.439197421436
000d7d20_3778,11742.439563100834
000d7d20_3779,11742.439871735949
000d7d20_3780,11742.440143431166
000d7d20_3781,11742.44029690494
000d7d20_3782,11742.44043686742
000d7d20_3783,11742.440539306193
000d7d20_3784,11742.440564317945
000d7d20_3785,11742.440765263462
000d7d20_3786,11742.440782110967
000d7d20_3787,11742.440819052848
000d7d20_3788,11742.440963622728
000d7d20_3789,11742.440985264655
000d7d20_3790,11742.440875299166
000d7d20_3791,11742.440726451172
000d7d20_3792,11742.440629423654
000d7d20_3793,11742.4406358372
000d7d20_3794,11742.440611907303
000d7d20_3795,11742.44071372426
000d7d20_3796,11742.440626547885
000d7d20_3797,11742.440706775262
000d7d20_3798,11742.440798404183
000d7d20_3799,11742.4407765188
000d7d20_3800,11742.440644501736
000d7d20_3801,11742.440603971834
000d7d20_3802,11742.440703664211
000d7d20_3803,11742.440779811473
000d7d20_3804,11742.440842668806
000d7d20_3805,11742.440989556908
000d7d20_3806,11742.441047842698
000d7d20_3807,11742.44107020116
000d7d20_3808,11742.441102264693
000d7d20_3809,11742.441180360489
000d7d20_3810,11742.441134276476
000d7d20_3811,11742.441122626115
000d7d20_3812,11742.441073736507
000d7d20_3813,11742.440876984725
000d7d20_3814,11742.4407071473
000d7d20_3815,11742.440508128577
000d7d20_3816,11742.44025044866
000d7d20_3817,11742.439970943342
000d7d20_3818,11742.439478847344
000d7d20_3819,11742.43910215118
000d7d20_3820,11742.438983077338
000d7d20_3821,11742.439049092327
000d7d20_3822,11742.439295321507
000d7d20_3823,11742.439741087503
000d7d20_3824,11742.440209551383
000d7d20_3825,11742.440717338573
000d7d20_3826,11742.441135747264
000d7d20_3827,11742.441309284872
000d7d20_3828,11742.441057591308
000d7d20_3829,11742.440824938203
000d7d20_3830,11742.440670227224
000d7d20_3831,11742.440305533568
000d7d20_3832,11742.439627228714
000d7d20_3833,11742.438892944056
000d7d20_3834,11742.43857970676
000d7d20_3835,11742.438522457689
000d7d20_3836,11742.438753309105
000d7d20_3837,11742.439167123006
000d7d20_3838,11742.43966497164
000d7d20_3839,11742.440140309898
000d7d20_3840,11742.440462819854
000d7d20_3841,11742.440432672085
000d7d20_3842,11742.439815048043
000d7d20_3843,11742.438861014514
000d7d20_3844,11742.438204781041
000d7d20_3845,11742.437822892538
000d7d20_3846,11742.43795203556
000d7d20_3847,11742.43818417121
000d7d20_3848,11742.438578658282
000d7d20_3849,11742.439014245192
000d7d20_3850,11742.439374859612
000d7d20_3851,11742.439488885151
000d7d20_3852,11742.438908650725
000d7d20_3853,11742.43782286648
000d7d20_3854,11742.4371314505
000d7d20_3855,11742.43691451231
000d7d20_3856,11742.436907872881
000d7d20_3857,11742.436842946212
000d7d20_3858,11742.436580869879
000d7d20_3859,11742.436241836323
000d7d20_3860,11742.43608805635
000d7d20_3861,11742.435742030646
000d7d20_3862,11742.434816962403
000d7d20_3863,11742.434046875223
000d7d20_3864,11742.433854361709
000d7d20_3865,11742.433509212839
000d7d20_3866,11742.433148752854
000d7d20_3867,11742.433073447188
000d7d20_3868,11742.432556929383
000d7d20_3869,11742.432136774485
000d7d20_3870,11742.431974895699
000d7d20_3871,11742.431670283288
000d7d20_3872,11742.431490944906
000d7d20_3873,11742.4312591388
000d7d20_3874,11742.431109921321
000d7d20_3875,11742.430550995225
000d7d20_3876,11742.43026556879
000d7d20_3877,11742.430197131165
000d7d20_3878,11742.429690166638
000d7d20_3879,11742.429143335808
000d7d20_3880,11742.428591615857
000d7d20_3881,11742.428178277034
000d7d20_3882,11742.427671723406
000d7d20_3883,11742.427092637114
000d7d20_3884,11742.42668510808
000d7d20_3885,11742.426345370262
000d7d20_3886,11742.426258289219
000d7d20_3887,11742.425860745092
000d7d20_3888,11742.425713938836
000d7d20_3889,11742.425422760234
000d7d20_3890,11742.424957378938
000d7d20_3891,11742.424577628439
000d7d20_3892,11742.423874815193
000d7d20_3893,11742.423269876213
000d7d20_3894,11742.422571654244
000d7d20_3895,11742.422217866631
000d7d20_3896,11742.421789055532
000d7d20_3897,11742.421143994969
000d7d20_3898,11742.420652554978
000d7d20_3899,11742.419969467872
000d7d20_3900,11742.419339187594
000d7d20_3901,11742.419358588715
000d7d20_3902,11742.419100286279
000d7d20_3903,11742.418580833888
000d7d20_3904,11742.41811814468
000d7d20_3905,11742.41787385109
000d7d20_3906,11742.417526512652
000d7d20_3907,11742.417199319178
000d7d20_3908,11742.416724995164
000d7d20_3909,11742.416341035212
000d7d20_3910,11742.416125722912
000d7d20_3911,11742.416289560537
000d7d20_3912,11742.416146789523
000d7d20_3913,11742.415912847218
000d7d20_3914,11742.415635881782
000d7d20_3915,11742.41529681541
000d7d20_3916,11742.415042083774
000d7d20_3917,11742.414822177583
000d7d20_3918,11742.414481277137
000d7d20_3919,11742.413636347774
000d7d20_3920,11742.41303624069
000d7d20_3921,11742.412795739978
000d7d20_3922,11742.412778529528
000d7d20_3923,11742.412830027399
000d7d20_3924,11742.412866380777
000d7d20_3925,11742.412460768674
000d7d20_3926,11742.412318937768
000d7d20_3927,11742.412284860235
000d7d20_3928,11742.41204777145
000d7d20_3929,11742.410989341226
000d7d20_3930,11742.410628590158
000d7d20_3931,11742.410663381514
000d7d20_3932,11742.41026790178
000d7d20_3933,11742.410095476109
000d7d20_3934,11742.409879455343
000d7d20_3935,11742.408985852351
000d7d20_3936,11742.408889525866
000d7d20_3937,11742.409013978748
000d7d20_3938,11742.408533197107
000d7d20_3939,11742.407953150607
000d7d20_3940,11742.407486524353
000d7d20_3941,11742.40727508871
000d7d20_3942,11742.406420970718
000d7d20_3943,11742.406360635734
000d7d20_3944,11742.405969975549
000d7d20_3945,11742.405748399375
000d7d20_3946,11742.40576842831
000d7d20_3947,11742.40600188855
000d7d20_3948,11742.405580491191
000d7d20_3949,11742.405688326317
000d7d20_3950,11742.405163023257
000d7d20_3951,11742.40518547425
000d7d20_3952,11742.404509492191
000d7d20_3953,11742.404021164277
000d7d20_3954,11742.403669724074
000d7d20_3955,11742.403430063474
000d7d20_3956,11742.403285728422
000d7d20_3957,11742.403184538742
000d7d20_3958,11742.402590986698
000d7d20_3959,11742.40279118227
000d7d20_3960,11742.402415453938
000d7d20_3961,11742.402159110454
000d7d20_3962,11742.401959984954
000d7d20_3963,11742.401656468961
000d7d20_3964,11742.401428695171
000d7d20_3965,11742.401392010495
000d7d20_3966,11742.40126896795
000d7d20_3967,11742.400542819581
000d7d20_3968,11742.399809693263
000d7d20_3969,11742.400028875405
000d7d20_3970,11742.39963071534
000d7d20_3971,11742.39921768586
000d7d20_3972,11742.399236922487
000d7d20_3973,11742.399356118185
000d7d20_3974,11742.399156514328
000d7d20_3975,11742.399069345094
000d7d20_3976,11742.398439424063
000d7d20_3977,11742.397873153233
000d7d20_3978,11742.398073795142
000d7d20_3979,11742.398321022938
000d7d20_3980,11742.397963151338
000d7d20_3981,11742.397466411334
000d7d20_3982,11742.397095419776
000d7d20_3983,11742.397108057012
000d7d20_3984,11742.397116958586
000d7d20_3985,11742.396698022229
000d7d20_3986,11742.396218881884
000d7d20_3987,11742.395821279006
000d7d20_3988,11742.395726619587
000d7d20_3989,11742.395066525656
000d7d20_3990,11742.394342058553
000d7d20_3991,11742.393714840999
000d7d20_3992,11742.393303243785
000d7d20_3993,11742.39335907193
000d7d20_3994,11742.393831046129
000d7d20_3995,11742.393970955496
000d7d20_3996,11742.39413473455
000d7d20_3997,11742.394252463448
000d7d20_3998,11742.394227802833
000d7d20_3999,11742.394129945047
000d7d20_4000,11742.39402192846
000d7d20_4001,11742.393876067665
000d7d20_4002,11742.39376559635
000d7d20_4003,11742.393713236626
000d7d20_4004,11742.3935284329
000d7d20_4005,11742.39337840538
000d7d20_4006,11742.393272214587
000d7d20_4007,11742.39307220835
000d7d20_4008,11742.392800253794
000d7d20_4009,11742.392543488564
000d7d20_4010,11742.392361631839
000d7d20_4011,11742.391449880084
000d7d20_4012,11742.391528722175
000d7d20_4013,11742.391978394238
000d7d20_4014,11742.392572844874
000d7d20_4015,11742.393198977068
000d7d20_4016,11742.393722663268
000d7d20_4017,11742.393343520767
000d7d20_4018,11742.393402136433
000d7d20_4019,11742.393517964189
000d7d20_4020,11742.393391057674
000d7d20_4021,11742.392661925382
000d7d20_4022,11742.39210553022
000d7d20_4023,11742.392268079435
000d7d20_4024,11742.392629925895
000d7d20_4025,11742.392860163802
000d7d20_4026,11742.392012025482
000d7d20_4027,11742.391369925448
000d7d20_4028,11742.391930156866
000d7d20_4029,11742.392502706902
000d7d20_4030,11742.392073109884
000d7d20_4031,11742.39189535216
000d7d20_4032,11742.391373221435
000d7d20_4033,11742.391167045806
000d7d20_4034,11742.391499108955
000d7d20_4035,11742.391791643186
000d7d20_4036,11742.390806504322
000d7d20_4037,11742.391382346204
000d7d20_4038,11742.391541966641
000d7d20_4039,11742.392232989818
000d7d20_4040,11742.392822726342
000d7d20_4041,11742.393664120253
000d7d20_4042,11742.394957036398
000d7d20_4043,11742.395967140046
000d7d20_4044,11742.396953435727
000d7d20_4045,11742.39795424583
000d7d20_4046,11742.39820437617
000d7d20_4047,11742.398008619735
000d7d20_4048,11742.397848560388
000d7d20_4049,11742.398610198792
000d7d20_4050,11742.398493325943
000d7d20_4051,11742.398560183174
000d7d20_4052,11742.399623844944
000d7d20_4053,11742.400258291436
000d7d20_4054,11742.399371810228
000d7d20_4055,11742.399617199215
000d7d20_4056,11742.39978279452
000d7d20_4057,11742.399339036481
000d7d20_4058,11742.399023771326
000d7d20_4059,11742.399188749692
000d7d20_4060,11742.39896695386
000d7d20_4061,11742.399581423706
000d7d20_4062,11742.399531217747
000d7d20_4063,11742.399699573936
000d7d20_4064,11742.399668907598
000d7d20_4065,11742.400644149606
000d7d20_4066,11742.401521968226
000d7d20_4067,11742.401874926443
000d7d20_4068,11742.400709365342
000d7d20_4069,11742.400767142892
000d7d20_4070,11742.400694565402
000d7d20_4071,11742.400434833426
000d7d20_4072,11742.399896726667
000d7d20_4073,11742.400128136482
000d7d20_4074,11742.400515530742
000d7d20_4075,11742.4002521464
000d7d20_4076,11742.400462968286
000d7d20_4077,11742.40055319992
000d7d20_4078,11742.400154549952
000d7d20_4079,11742.40058264176
000d7d20_4080,11742.40110719704
000d7d20_4081,11742.401465411574
000d7d20_4082,11742.401631762
000d7d20_4083,11742.401612364618
000d7d20_4084,11742.401186192354
000d7d20_4085,11742.400333506055
000d7d20_4086,11742.4004305261
000d7d20_4087,11742.400579096728
000d7d20_4088,11742.400743736183
000d7d20_4089,11742.400976759407
000d7d20_4090,11742.401149555373
000d7d20_4091,11742.401280878985
000d7d20_4092,11742.40132581098
000d7d20_4093,11742.401354706655
000d7d20_4094,11742.40133478962
000d7d20_4095,11742.40140777977
000d7d20_4096,11742.401608682925
000d7d20_4097,11742.401828249942
000d7d20_4098,11742.40217151315
000d7d20_4099,11742.402566185188
000d7d20_4100,11742.403064023234
000d7d20_4101,11742.403603283687
000d7d20_4102,11742.403949520778
000d7d20_4103,11742.404745791464
000d7d20_4104,11742.405411137497
000d7d20_4105,11742.405809817838
000d7d20_4106,11742.406016650537
000d7d20_4107,11742.406047824046
000d7d20_4108,11742.406069364864
000d7d20_4109,11742.406085494811
000d7d20_4110,11742.406215948968
000d7d20_4111,11742.406749877431
000d7d20_4112,11742.407338714598
000d7d20_4113,11742.408154423243
000d7d20_4114,11742.408623046238
000d7d20_4115,11742.408915908465
000d7d20_4116,11742.40952547903
000d7d20_4117,11742.409804857854
000d7d20_4118,11742.409868594543
000d7d20_4119,11742.409798183322
000d7d20_4120,11742.40976732214
000d7d20_4121,11742.410487029118
000d7d20_4122,11742.410842272777
000d7d20_4123,11742.410862936882
000d7d20_4124,11742.410920516137
000d7d20_4125,11742.411468309467
000d7d20_4126,11742.412173183071
000d7d20_4127,11742.412343430668
000d7d20_4128,11742.412295993543
000d7d20_4129,11742.412557934562
000d7d20_4130,11742.41288099248
000d7d20_4131,11742.413423303555
000d7d20_4132,11742.413929246934
000d7d20_4133,11742.414203692286
000d7d20_4134,11742.414340345545
000d7d20_4135,11742.414948710288
000d7d20_4136,11742.414887554627
000d7d20_4137,11742.414478505849
000d7d20_4138,11742.413967717177
000d7d20_4139,11742.414079859049
000d7d20_4140,11742.41394182341
000d7d20_4141,11742.413613630455
000d7d20_4142,11742.413514462412
000d7d20_4143,11742.413595900001
000d7d20_4144,11742.413576326535
000d7d20_4145,11742.413650856686
000d7d20_4146,11742.413299797667
000d7d20_4147,11742.412912712018
000d7d20_4148,11742.412613919358
000d7d20_4149,11742.413105407271
000d7d20_4150,11742.413314945501
000d7d20_4151,11742.413166594748
000d7d20_4152,11742.413024206471
000d7d20_4153,11742.412984439416
000d7d20_4154,11742.412708776963
000d7d20_4155,11742.412340556893
000d7d20_4156,11742.412410990342
000d7d20_4157,11742.412475990623
000d7d20_4158,11742.412490403787
000d7d20_4159,11742.412740750895
000d7d20_4160,11742.412579447846
000d7d20_4161,11742.41217081852
000d7d20_4162,11742.41165514522
000d7d20_4163,11742.411037896321
000d7d20_4164,11742.410667478009
000d7d20_4165,11742.410522323684
000d7d20_4166,11742.410727344344
000d7d20_4167,11742.410816958927
000d7d20_4168,11742.410803642584
000d7d20_4169,11742.41069370008
000d7d20_4170,11742.410515382904
000d7d20_4171,11742.41031690055
000d7d20_4172,11742.410055331498
000d7d20_4173,11742.409810150777
000d7d20_4174,11742.40964441061
000d7d20_4175,11742.40941284137
000d7d20_4176,11742.409176087484
000d7d20_4177,11742.40847613709
000d7d20_4178,11742.40807000168
000d7d20_4179,11742.407948825925
000d7d20_4180,11742.40805313895
000d7d20_4181,11742.408349233663
000d7d20_4182,11742.408770130274
000d7d20_4183,11742.409303731272
000d7d20_4184,11742.409734913757
000d7d20_4185,11742.409413651721
000d7d20_4186,11742.40906728487
000d7d20_4187,11742.408390633605
000d7d20_4188,11742.408289614921
000d7d20_4189,11742.408348792262
000d7d20_4190,11742.408045598379
000d7d20_4191,11742.408037759971
000d7d20_4192,11742.408286287091
000d7d20_4193,11742.408596982044
000d7d20_4194,11742.408202862225
000d7d20_4195,11742.407723400524
000d7d20_4196,11742.407858941155
000d7d20_4197,11742.408239726927
000d7d20_4198,11742.408168199952
000d7d20_4199,11742.408238489874
000d7d20_4200,11742.408046963395
000d7d20_4201,11742.407823055037
000d7d20_4202,11742.407846921205
000d7d20_4203,11742.407870585726
000d7d20_4204,11742.407184452992
000d7d20_4205,11742.4072818303
000d7d20_4206,11742.407591536674
000d7d20_4207,11742.407497657172
000d7d20_4208,11742.40733268909
000d7d20_4209,11742.407623641448
000d7d20_4210,11742.407333711
000d7d20_4211,11742.406910605103
000d7d20_4212,11742.406543104997
000d7d20_4213,11742.406451686202
000d7d20_4214,11742.40589001957
000d7d20_4215,11742.406106245075
000d7d20_4216,11742.406120387719
000d7d20_4217,11742.406299865524
000d7d20_4218,11742.407043117255
000d7d20_4219,11742.407219876124
000d7d20_4220,11742.407052457937
000d7d20_4221,11742.406735837056
000d7d20_4222,11742.406328764911
000d7d20_4223,11742.405802314523
000d7d20_4224,11742.404787380994
000d7d20_4225,11742.404577819292
000d7d20_4226,11742.404059425175
000d7d20_4227,11742.404401277156
000d7d20_4228,11742.40445577145
000d7d20_4229,11742.404475484436
000d7d20_4230,11742.40431360422
000d7d20_4231,11742.40372289547
000d7d20_4232,11742.403722679512
000d7d20_4233,11742.402925669167
000d7d20_4234,11742.40205543317
000d7d20_4235,11742.402010725507
000d7d20_4236,11742.4014684695
000d7d20_4237,11742.401083493614
000d7d20_4238,11742.400295412135
000d7d20_4239,11742.399747830346
000d7d20_4240,11742.399307760257
000d7d20_4241,11742.398839069789
000d7d20_4242,11742.398609107746
000d7d20_4243,11742.397944932765
000d7d20_4244,11742.397366172552
000d7d20_4245,11742.397053323984
000d7d20_4246,11742.396369609178
000d7d20_4247,11742.39564849425
000d7d20_4248,11742.395085273809
000d7d20_4249,11742.39481548177
000d7d20_4250,11742.39501980388
000d7d20_4251,11742.394980509966
000d7d20_4252,11742.394984809336
000d7d20_4253,11742.395015878836
000d7d20_4254,11742.39488676696
000d7d20_4255,11742.39467068722
000d7d20_4256,11742.394335944486
000d7d20_4257,11742.393372395356
000d7d20_4258,11742.393160819998
000d7d20_4259,11742.393336833531
000d7d20_4260,11742.393793648473
000d7d20_4261,11742.394392153423
000d7d20_4262,11742.394459544003
000d7d20_4263,11742.395064354005
000d7d20_4264,11742.395976396063
000d7d20_4265,11742.396491206908
000d7d20_4266,11742.397281410766
000d7d20_4267,11742.398028723172
000d7d20_4268,11742.399258986195
000d7d20_4269,11742.401298336523
000d7d20_4270,11742.403144875392
000d7d20_4271,11742.4055356957
000d7d20_4272,11742.407501276863
000d7d20_4273,11742.410893024638
000d7d20_4274,11742.414126449326
000d7d20_4275,11742.418067388951
000d7d20_4276,11742.422402521974
000d7d20_4277,11742.427864925998
000d7d20_4278,11742.433141169759
000d7d20_4279,11742.440150487058
000d7d20_4280,11742.446770309314
000d7d20_4281,11742.454547380235
000d7d20_4282,11742.463807355103
000d7d20_4283,11742.473896293506
000d7d20_4284,11742.484444409907
000d7d20_4285,11742.496690234679
000d7d20_4286,11742.510414208899
000d7d20_4287,11742.525701831091
000d7d20_4288,11742.541234155939
000d7d20_4289,11742.558112258459
000d7d20_4290,11742.574747559185
000d7d20_4291,11742.59285348372
000d7d20_4292,11742.611057442113
000d7d20_4293,11742.627882734201
000d7d20_4294,11742.644524968282
000d7d20_4295,11742.661169438567
000d7d20_4296,11742.678292137105
000d7d20_4297,11742.694985034326
000d7d20_4298,11742.711474824715
000d7d20_4299,11742.72824916248
000d7d20_4300,11742.74534838946
000d7d20_4301,11742.763202641507
000d7d20_4302,11742.780352083457
000d7d20_4303,11742.797305141072
000d7d20_4304,11742.814350412635
000d7d20_4305,11742.830297639328
000d7d20_4306,11742.846758374435
000d7d20_4307,11742.863639746985
000d7d20_4308,11742.880293430155
000d7d20_4309,11742.897013163842
000d7d20_4310,11742.913010194407
000d7d20_4311,11742.929674023431
000d7d20_4312,11742.94670556743
000d7d20_4313,11742.963295871617
000d7d20_4314,11742.978924771787
000d7d20_4315,11742.993091023223
000d7d20_4316,11743.006445040142
000d7d20_4317,11743.019636548133
000d7d20_4318,11743.031456372588
000d7d20_4319,11743.041065506188
000d7d20_4320,11743.049972128585
000d7d20_4321,11743.058552336262
000d7d20_4322,11743.068031514817
000d7d20_4323,11743.075946603185
000d7d20_4324,11743.083872249423
000d7d20_4325,11743.091934466696
000d7d20_4326,11743.097957458547
000d7d20_4327,11743.10457887726
000d7d20_4328,11743.10940042279
000d7d20_4329,11743.113291618167
000d7d20_4330,11743.117530188705
000d7d20_4331,11743.120112744411
000d7d20_4332,11743.124432338685
000d7d20_4333,11743.126433016234
000d7d20_4334,11743.129756718281
000d7d20_4335,11743.13335664211
000d7d20_4336,11743.134762573056
000d7d20_4337,11743.136716245532
000d7d20_4338,11743.138196654108
000d7d20_4339,11743.139349301431
000d7d20_4340,11743.13913672759
000d7d20_4341,11743.138850889047
000d7d20_4342,11743.139677278366
000d7d20_4343,11743.138924147413
000d7d20_4344,11743.138055503403
000d7d20_4345,11743.137791889869
000d7d20_4346,11743.137099643194
000d7d20_4347,11743.137594008545
000d7d20_4348,11743.137465579139
000d7d20_4349,11743.135770599378
000d7d20_4350,11743.134381722206
000d7d20_4351,11743.133593444896
000d7d20_4352,11743.13263131291
000d7d20_4353,11743.13057208274
000d7d20_4354,11743.12811232589
000d7d20_4355,11743.126123879176
000d7d20_4356,11743.124169517769
000d7d20_4357,11743.121865717494
000d7d20_4358,11743.119622631806
000d7d20_4359,11743.117234162313
000d7d20_4360,11743.115848236273
000d7d20_4361,11743.114403153293
000d7d20_4362,11743.11317389903
000d7d20_4363,11743.111534838703
000d7d20_4364,11743.109576027357
000d7d20_4365,11743.106821147208
000d7d20_4366,11743.103857005564
000d7d20_4367,11743.100710839044
000d7d20_4368,11743.09885301302
000d7d20_4369,11743.097040902154
000d7d20_4370,11743.09474199234
000d7d20_4371,11743.092502063508
000d7d20_4372,11743.0910779939
000d7d20_4373,11743.088357834758
000d7d20_4374,11743.084916594325
000d7d20_4375,11743.081494356851
000d7d20_4376,11743.07789194388
000d7d20_4377,11743.074932588901
000d7d20_4378,11743.072592193072
000d7d20_4379,11743.071270999175
000d7d20_4380,11743.070672825559
000d7d20_4381,11743.069787525079
000d7d20_4382,11743.069540227416
000d7d20_4383,11743.06760992368
000d7d20_4384,11743.065789738244
000d7d20_4385,11743.064456574657
000d7d20_4386,11743.061910222179
000d7d20_4387,11743.05961390291
000d7d20_4388,11743.057877000318
000d7d20_4389,11743.058197430091
000d7d20_4390,11743.05799824711
000d7d20_4391,11743.056308300205
000d7d20_4392,11743.055402792372
000d7d20_4393,11743.053404321574
000d7d20_4394,11743.050978766361
000d7d20_4395,11743.049316791716
000d7d20_4396,11743.04556935286
000d7d20_4397,11743.041919327417
000d7d20_4398,11743.041733659098
000d7d20_4399,11743.039137653017
000d7d20_4400,11743.034086594951
000d7d20_4401,11743.02579236553
000d7d20_4402,11743.01776965576
000d7d20_4403,11743.011910973033
000d7d20_4404,11743.006744407176
000d7d20_4405,11743.004764201754
000d7d20_4406,11743.00259845276
000d7d20_4407,11743.00389039444
000d7d20_4408,11743.006744733564
000d7d20_4409,11743.005237861325
000d7d20_4410,11743.00134827077
000d7d20_4411,11742.995119901045
000d7d20_4412,11742.989175522685
000d7d20_4413,11742.987081481813
000d7d20_4414,11742.984339724298
000d7d20_4415,11742.983820653757
000d7d20_4416,11742.982537912892
000d7d20_4417,11742.983407901098
000d7d20_4418,11742.982888265666
000d7d20_4419,11742.980570425672
000d7d20_4420,11742.977568413717
000d7d20_4421,11742.973971784271
000d7d20_4422,11742.969973634492
000d7d20_4423,11742.966476101443
000d7d20_4424,11742.964312288808
000d7d20_4425,11742.959500926443
000d7d20_4426,11742.953169126624
000d7d20_4427,11742.94700428591
000d7d20_4428,11742.93936168903
000d7d20_4429,11742.931762459808
000d7d20_4430,11742.9249679493
000d7d20_4431,11742.919708042624
000d7d20_4432,11742.916297672884
000d7d20_4433,11742.915501973392
000d7d20_4434,11742.916839764672
000d7d20_4435,11742.916825523404
000d7d20_4436,11742.916937461101
000d7d20_4437,11742.917309421038
000d7d20_4438,11742.918486346141
000d7d20_4439,11742.917701813723
000d7d20_4440,11742.91317515212
000d7d20_4441,11742.906963319278
000d7d20_4442,11742.89972935148
000d7d20_4443,11742.892727513736
000d7d20_4444,11742.886060823344
000d7d20_4445,11742.880931522595
000d7d20_4446,11742.877687155524
000d7d20_4447,11742.877226767192
000d7d20_4448,11742.880193621975
000d7d20_4449,11742.881120078577
000d7d20_4450,11742.882245092185
000d7d20_4451,11742.882587675427
000d7d20_4452,11742.884028295668
000d7d20_4453,11742.884068612273
000d7d20_4454,11742.885606509244
000d7d20_4455,11742.886288884321
000d7d20_4456,11742.888848473247
000d7d20_4457,11742.88977249889
000d7d20_4458,11742.892548111457
000d7d20_4459,11742.895010198845
000d7d20_4460,11742.899634138112
000d7d20_4461,11742.902966286198
000d7d20_4462,11742.907221027534
000d7d20_4463,11742.909158174614
000d7d20_4464,11742.911940108323
000d7d20_4465,11742.912938731439
000d7d20_4466,11742.914051012318
000d7d20_4467,11742.912480758267
000d7d20_4468,11742.913023609384
000d7d20_4469,11742.916349596657
000d7d20_4470,11742.921760721601
000d7d20_4471,11742.92860285577
000d7d20_4472,11742.935691516517
000d7d20_4473,11742.94268505921
000d7d20_4474,11742.947476784102
000d7d20_4475,11742.949947306102
000d7d20_4476,11742.951036246423
000d7d20_4477,11742.95182335031
000d7d20_4478,11742.953164275583
000d7d20_4479,11742.956753829229
000d7d20_4480,11742.95934946755
000d7d20_4481,11742.96312150898
000d7d20_4482,11742.96772255444
000d7d20_4483,11742.972850543636
000d7d20_4484,11742.976883319114
000d7d20_4485,11742.980829539167
000d7d20_4486,11742.986164074362
000d7d20_4487,11742.991811648339
000d7d20_4488,11742.997987567913
000d7d20_4489,11743.0035919209
000d7d20_4490,11743.007347466155
000d7d20_4491,11743.011232886587
000d7d20_4492,11743.01940216912
000d7d20_4493,11743.021293140864
000d7d20_4494,11743.013632850456
000d7d20_4495,11742.998765712375
000d7d20_4496,11742.9797661974
000d7d20_4497,11742.957955895137
000d7d20_4498,11742.941072852263
000d7d20_4499,11742.926536317747
000d7d20_4500,11742.919224644229
000d7d20_4501,11742.919008076453
000d7d20_4502,11742.926917066707
000d7d20_4503,11742.934642531472
000d7d20_4504,11742.938839671044
000d7d20_4505,11742.945515927207
000d7d20_4506,11742.95073785917
000d7d20_4507,11742.955380787658
000d7d20_4508,11742.950995733227
000d7d20_4509,11742.950250993334
000d7d20_4510,11742.976997321908
000d7d20_4511,11743.020253966373
000d7d20_4512,11743.076014428905
000d7d20_4513,11743.14072530072
000d7d20_4514,11743.203719777663
000d7d20_4515,11743.261105597921
000d7d20_4516,11743.301775949822
000d7d20_4517,11743.32181544198
000d7d20_4518,11743.315061773154
000d7d20_4519,11743.306085769498
000d7d20_4520,11743.307520380564
000d7d20_4521,11743.306491256692
000d7d20_4522,11743.308480419775
000d7d20_4523,11743.312247132537
000d7d20_4524,11743.316050311243
000d7d20_4525,11743.321662873579
000d7d20_4526,11743.32416924385
000d7d20_4527,11743.328911841625
000d7d20_4528,11743.3319299357
000d7d20_4529,11743.335056299224
000d7d20_4530,11743.3345500057
000d7d20_4531,11743.332421068582
000d7d20_4532,11743.332989768518
000d7d20_4533,11743.332000384826
000d7d20_4534,11743.33181524049
000d7d20_4535,11743.330882658092
000d7d20_4536,11743.328424178168
000d7d20_4537,11743.327014595143
000d7d20_4538,11743.322648393005
000d7d20_4539,11743.317166729974
000d7d20_4540,11743.310699990338
000d7d20_4541,11743.30910100268
000d7d20_4542,11743.311047515741
000d7d20_4543,11743.316024509724
000d7d20_4544,11743.322748190716
000d7d20_4545,11743.323842685553
000d7d20_4546,11743.319515307627
000d7d20_4547,11743.309804018354
000d7d20_4548,11743.291289034618
000d7d20_4549,11743.268985601797
000d7d20_4550,11743.246954413393
000d7d20_4551,11743.230036316483
000d7d20_4552,11743.216795624277
000d7d20_4553,11743.210847635357
000d7d20_4554,11743.208437900386
000d7d20_4555,11743.206466189684
000d7d20_4556,11743.206868599813
000d7d20_4557,11743.206762025031
000d7d20_4558,11743.210022899122
000d7d20_4559,11743.215940022623
000d7d20_4560,11743.221906674018
000d7d20_4561,11743.22935945008
000d7d20_4562,11743.21907289614
000d7d20_4563,11743.203034003223
000d7d20_4564,11743.19161050937
000d7d20_4565,11743.192742971478
000d7d20_4566,11743.204508524765
000d7d20_4567,11743.226811319102
000d7d20_4568,11743.2536095078
000d7d20_4569,11743.277419271886
000d7d20_4570,11743.296804390331
000d7d20_4571,11743.306873126869
000d7d20_4572,11743.29301459391
000d7d20_4573,11743.279903844612
000d7d20_4574,11743.275587477394
000d7d20_4575,11743.281234791051
000d7d20_4576,11743.29609342491
000d7d20_4577,11743.31650468711
000d7d20_4578,11743.32770399149
000d7d20_4579,11743.335662253778
000d7d20_4580,11743.340127401723
000d7d20_4581,11743.342804977841
000d7d20_4582,11743.343024241822
000d7d20_4583,11743.347664707817
000d7d20_4584,11743.353285361402
000d7d20_4585,11743.347470962546
000d7d20_4586,11743.334251711709
000d7d20_4587,11743.312642588016
000d7d20_4588,11743.278548650018
000d7d20_4589,11743.242514718338
000d7d20_4590,11743.217252316583
000d7d20_4591,11743.209141569892
000d7d20_4592,11743.216298192956
000d7d20_4593,11743.242019209649
000d7d20_4594,11743.284910527285
000d7d20_4595,11743.327556628094
000d7d20_4596,11743.358921169078
000d7d20_4597,11743.37996387672
000d7d20_4598,11743.389751847822
000d7d20_4599,11743.398212563283
000d7d20_4600,11743.410343658461
000d7d20_4601,11743.42001767487
000d7d20_4602,11743.423599808346
000d7d20_4603,11743.43114976538
000d7d20_4604,11743.44342711616
000d7d20_4605,11743.451565590763
000d7d20_4606,11743.447616172087
000d7d20_4607,11743.440968154559
000d7d20_4608,11743.43463190953
000d7d20_4609,11743.43456692099
000d7d20_4610,11743.424179068823
000d7d20_4611,11743.406476906592
000d7d20_4612,11743.3851820471
000d7d20_4613,11743.371853560839
000d7d20_4614,11743.365223209286
000d7d20_4615,11743.358872439414
000d7d20_4616,11743.356698111707
000d7d20_4617,11743.365706287532
000d7d20_4618,11743.38222561228
000d7d20_4619,11743.403928086562
000d7d20_4620,11743.412065484847
000d7d20_4621,11743.414188331506
000d7d20_4622,11743.411025148274
000d7d20_4623,11743.405282730557
000d7d20_4624,11743.394446663599
000d7d20_4625,11743.376719277148
000d7d20_4626,11743.354890587529
000d7d20_4627,11743.341616991396
000d7d20_4628,11743.332282290554
000d7d20_4629,11743.324233387852
000d7d20_4630,11743.307237932346
000d7d20_4631,11743.287047982818
000d7d20_4632,11743.268828288139
000d7d20_4633,11743.256298774166
000d7d20_4634,11743.253767226557
000d7d20_4635,11743.27832274646
000d7d20_4636,11743.27842441468
000d7d20_4637,11743.27850673145
000d7d20_4638,11743.271832219896
000d7d20_4639,11743.273477676006
000d7d20_4640,11743.286723379642
000d7d20_4641,11743.283565823735
000d7d20_4642,11743.283783016137
000d7d20_4643,11743.26861312626
000d7d20_4644,11743.275607736137
000d7d20_4645,11743.294369011057
000d7d20_4646,11743.286482885136
000d7d20_4647,11743.282339137586
000d7d20_4648,11743.29408401898
000d7d20_4649,11743.327371246796
000d7d20_4650,11743.36092108067
000d7d20_4651,11743.368866160552
000d7d20_4652,11743.359575249668
000d7d20_4653,11743.308948813941
000d7d20_4654,11743.281716924692
000d7d20_4655,11743.255495565034
000d7d20_4656,11743.245593436874
000d7d20_4657,11743.243867293608
000d7d20_4658,11743.258892827376
000d7d20_4659,11743.273997161341
000d7d20_4660,11743.294731671287
000d7d20_4661,11743.31435696004
000d7d20_4662,11743.306183707136
000d7d20_4663,11743.279368835094
000d7d20_4664,11743.265585141397
000d7d20_4665,11743.256844476211
000d7d20_4666,11743.255361839525
000d7d20_4667,11743.248904151467
000d7d20_4668,11743.24244027108
000d7d20_4669,11743.236913608645
000d7d20_4670,11743.240160471416
000d7d20_4671,11743.238783635992
000d7d20_4672,11743.229625704362
000d7d20_4673,11743.22364353155
000d7d20_4674,11743.221668676386
000d7d20_4675,11743.223218574523
000d7d20_4676,11743.223362384775
000d7d20_4677,11743.220132149274
000d7d20_4678,11743.204450463894
000d7d20_4679,11743.183379645538
000d7d20_4680,11743.17510479322
000d7d20_4681,11743.176586507647
000d7d20_4682,11743.178440987547
000d7d20_4683,11743.18709062046
000d7d20_4684,11743.207686373556
000d7d20_4685,11743.232378444092
000d7d20_4686,11743.25048176061
000d7d20_4687,11743.25856699058
000d7d20_4688,11743.252823626688
000d7d20_4689,11743.248647003571
000d7d20_4690,11743.253100611011
000d7d20_4691,11743.254181542969
000d7d20_4692,11743.23925743411
000d7d20_4693,11743.225680847965
000d7d20_4694,11743.227528796655
000d7d20_4695,11743.23102907365
000d7d20_4696,11743.228871450028
000d7d20_4697,11743.224881145317
000d7d20_4698,11743.220761554756
000d7d20_4699,11743.21586707771
000d7d20_4700,11743.210723672033
000d7d20_4701,11743.191417076676
000d7d20_4702,11743.1786005985
000d7d20_4703,11743.191974496558
000d7d20_4704,11743.225688170529
000d7d20_4705,11743.26788064115
000d7d20_4706,11743.31422174011
000d7d20_4707,11743.35906596051
000d7d20_4708,11743.396819177815
000d7d20_4709,11743.421347100779
000d7d20_4710,11743.429570796538
000d7d20_4711,11743.415022797046
000d7d20_4712,11743.406175956865
000d7d20_4713,11743.403104701609
000d7d20_4714,11743.396321374714
000d7d20_4715,11743.389720379217
000d7d20_4716,11743.384442443552
000d7d20_4717,11743.378893163357
000d7d20_4718,11743.3737147917
000d7d20_4719,11743.369510811208
000d7d20_4720,11743.365532376927
000d7d20_4721,11743.360434972417
000d7d20_4722,11743.350577305278
000d7d20_4723,11743.344835763884
000d7d20_4724,11743.344064335015
000d7d20_4725,11743.347094882258
000d7d20_4726,11743.35222224004
000d7d20_4727,11743.359464341895
000d7d20_4728,11743.365577272876
000d7d20_4729,11743.371607961388
000d7d20_4730,11743.374868475932
000d7d20_4731,11743.373003761093
000d7d20_4732,11743.363163411821
000d7d20_4733,11743.360966000942
000d7d20_4734,11743.362100872775
000d7d20_4735,11743.366222737277
000d7d20_4736,11743.37208000823
000d7d20_4737,11743.37679328027
000d7d20_4738,11743.380621527478
000d7d20_4739,11743.383827915615
000d7d20_4740,11743.385196885762
000d7d20_4741,11743.382657734064
000d7d20_4742,11743.375636611534
000d7d20_4743,11743.373941913294
000d7d20_4744,11743.375850392173
000d7d20_4745,11743.380021821398
000d7d20_4746,11743.386142549924
000d7d20_4747,11743.389532435413
000d7d20_4748,11743.393250198524
000d7d20_4749,11743.396826832497
000d7d20_4750,11743.398773982002
000d7d20_4751,11743.394837002383
000d7d20_4752,11743.392878261777
000d7d20_4753,11743.39458209622
000d7d20_4754,11743.39916799192
000d7d20_4755,11743.404380582666
000d7d20_4756,11743.409787705794
000d7d20_4757,11743.410885369962
000d7d20_4758,11743.414810335476
000d7d20_4759,11743.420485759543
000d7d20_4760,11743.425235331844
000d7d20_4761,11743.427878472663
000d7d20_4762,11743.432675334343
000d7d20_4763,11743.434944690036
000d7d20_4764,11743.43659144777
000d7d20_4765,11743.437225071899
000d7d20_4766,11743.435113549032
000d7d20_4767,11743.430790667251
000d7d20_4768,11743.429669210658
000d7d20_4769,11743.429274650014
000d7d20_4770,11743.429508250247
000d7d20_4771,11743.428625778342
000d7d20_4772,11743.426436402875
000d7d20_4773,11743.425007336788
000d7d20_4774,11743.424193858393
000d7d20_4775,11743.423321880018
000d7d20_4776,11743.419903491817
000d7d20_4777,11743.416409077417
000d7d20_4778,11743.413142502342
000d7d20_4779,11743.411782559953
000d7d20_4780,11743.411098603006
000d7d20_4781,11743.409843220537
000d7d20_4782,11743.407894764208
000d7d20_4783,11743.407325694348
000d7d20_4784,11743.406902009481
000d7d20_4785,11743.405066356221
000d7d20_4786,11743.40199738217
000d7d20_4787,11743.401113509091
000d7d20_4788,11743.401264924669
000d7d20_4789,11743.404835493442
000d7d20_4790,11743.40907325668
000d7d20_4791,11743.411391621597
000d7d20_4792,11743.413831793208
000d7d20_4793,11743.416729057022
000d7d20_4794,11743.42100551561
000d7d20_4795,11743.424339225798
000d7d20_4796,11743.429095993579
000d7d20_4797,11743.43289536667
000d7d20_4798,11743.433826435641
000d7d20_4799,11743.434699173013
000d7d20_4800,11743.432763161836
000d7d20_4801,11743.427171737352
000d7d20_4802,11743.421770546083
000d7d20_4803,11743.416023217462
000d7d20_4804,11743.411488461783
000d7d20_4805,11743.4082251502
000d7d20_4806,11743.40772405731
000d7d20_4807,11743.40688219758
000d7d20_4808,11743.40668067248
000d7d20_4809,11743.40695242118
000d7d20_4810,11743.405691139973
000d7d20_4811,11743.402546947684
000d7d20_4812,11743.399552654479
000d7d20_4813,11743.395699662307
000d7d20_4814,11743.393285783131
000d7d20_4815,11743.393425248894
000d7d20_4816,11743.395000716071
000d7d20_4817,11743.396016565495
000d7d20_4818,11743.39877602967
000d7d20_4819,11743.400818572174
000d7d20_4820,11743.40240456189
000d7d20_4821,11743.401789161016
000d7d20_4822,11743.407744719298
000d7d20_4823,11743.426603524957
000d7d20_4824,11743.424928331347
000d7d20_4825,11743.391950725474
000d7d20_4826,11743.339228337789
000d7d20_4827,11743.278739581117
000d7d20_4828,11743.226100660608
000d7d20_4829,11743.189516669216
000d7d20_4830,11743.175230827605
000d7d20_4831,11743.190806488004
000d7d20_4832,11743.24060482527
000d7d20_4833,11743.31051187803
000d7d20_4834,11743.358412031284
000d7d20_4835,11743.3863077266
000d7d20_4836,11743.404811688331
000d7d20_4837,11743.416060316411
000d7d20_4838,11743.42277068567
000d7d20_4839,11743.427223394781
000d7d20_4840,11743.431785547848
000d7d20_4841,11743.441633484661
000d7d20_4842,11743.452746155002
000d7d20_4843,11743.463085369342
000d7d20_4844,11743.472087564107
000d7d20_4845,11743.480373985367
000d7d20_4846,11743.488057402254
000d7d20_4847,11743.49269878753
000d7d20_4848,11743.492104088244
000d7d20_4849,11743.489095995163
000d7d20_4850,11743.488450550758
000d7d20_4851,11743.491560542658
000d7d20_4852,11743.496665500792
000d7d20_4853,11743.502190266943
000d7d20_4854,11743.50863724106
000d7d20_4855,11743.512372997367
000d7d20_4856,11743.522156277719
000d7d20_4857,11743.535472008047
000d7d20_4858,11743.549661655525
000d7d20_4859,11743.564872135668
000d7d20_4860,11743.580859938473
000d7d20_4861,11743.592259464443
000d7d20_4862,11743.59898765769
000d7d20_4863,11743.601586734658
000d7d20_4864,11743.600419245264
000d7d20_4865,11743.59625957395
000d7d20_4866,11743.59645587804
000d7d20_4867,11743.595077606999
000d7d20_4868,11743.593200149026
000d7d20_4869,11743.591285555758
000d7d20_4870,11743.589199052289
000d7d20_4871,11743.585693052453
000d7d20_4872,11743.58320710088
000d7d20_4873,11743.583864093738
000d7d20_4874,11743.584399423444
000d7d20_4875,11743.585514245871
000d7d20_4876,11743.585564606732
000d7d20_4877,11743.583771608224
000d7d20_4878,11743.582629244338
000d7d20_4879,11743.57982624979
000d7d20_4880,11743.582023655868
000d7d20_4881,11743.585355727992
000d7d20_4882,11743.5840418345
000d7d20_4883,11743.581515411763
000d7d20_4884,11743.578326485524
000d7d20_4885,11743.577063413044
000d7d20_4886,11743.57821533697
000d7d20_4887,11743.580194951875
000d7d20_4888,11743.583148593741
000d7d20_4889,11743.58553390661
000d7d20_4890,11743.59154706416
000d7d20_4891,11743.59537753095
000d7d20_4892,11743.593037769562
000d7d20_4893,11743.588479546132
000d7d20_4894,11743.58411742721
000d7d20_4895,11743.581223678637
000d7d20_4896,11743.580148685116
000d7d20_4897,11743.579701599047
000d7d20_4898,11743.580991053255
000d7d20_4899,11743.581850190356
000d7d20_4900,11743.590227307252
000d7d20_4901,11743.603765301716
000d7d20_4902,11743.618993602848
000d7d20_4903,11743.63111082806
000d7d20_4904,11743.64226500772
000d7d20_4905,11743.650915569724
000d7d20_4906,11743.655485670364
000d7d20_4907,11743.655022308776
000d7d20_4908,11743.648832877945
000d7d20_4909,11743.638882123076
000d7d20_4910,11743.633125223558
000d7d20_4911,11743.627389964662
000d7d20_4912,11743.621446398718
000d7d20_4913,11743.612443220874
000d7d20_4914,11743.605476425502
000d7d20_4915,11743.599542314882
000d7d20_4916,11743.593327668525
000d7d20_4917,11743.588389034992
000d7d20_4918,11743.58667122948
000d7d20_4919,11743.587943447852
000d7d20_4920,11743.592168700226
000d7d20_4921,11743.596934255442
000d7d20_4922,11743.602269519812
000d7d20_4923,11743.604325550146
000d7d20_4924,11743.606791281507
000d7d20_4925,11743.607302824268
000d7d20_4926,11743.606715179816
000d7d20_4927,11743.606205122545
000d7d20_4928,11743.60906344924
000d7d20_4929,11743.611411919428
000d7d20_4930,11743.614882616734
000d7d20_4931,11743.614439669931
000d7d20_4932,11743.613481490804
000d7d20_4933,11743.61420901072
000d7d20_4934,11743.615542888865
000d7d20_4935,11743.614015443556
000d7d20_4936,11743.61238632922
000d7d20_4937,11743.611653773714
000d7d20_4938,11743.61260616564
000d7d20_4939,11743.61423710492
000d7d20_4940,11743.616089716508
000d7d20_4941,11743.613651013293
000d7d20_4942,11743.613388601156
000d7d20_4943,11743.617827228425
000d7d20_4944,11743.62129300647
000d7d20_4945,11743.622320886436
000d7d20_4946,11743.622476164406
000d7d20_4947,11743.621893552649
000d7d20_4948,11743.620088253034
000d7d20_4949,11743.619075220522
000d7d20_4950,11743.618310116703
000d7d20_4951,11743.616976189674
000d7d20_4952,11743.616958309358
000d7d20_4953,11743.621138437764
000d7d20_4954,11743.626327904338
000d7d20_4955,11743.63045620576
000d7d20_4956,11743.635117484459
000d7d20_4957,11743.638991009102
000d7d20_4958,11743.6433660519
000d7d20_4959,11743.648664524473
000d7d20_4960,11743.654867670568
000d7d20_4961,11743.660175756071
000d7d20_4962,11743.665759277064
000d7d20_4963,11743.672775837995
000d7d20_4964,11743.67723863301
000d7d20_4965,11743.681422696947
000d7d20_4966,11743.68716110196
000d7d20_4967,11743.6925787211
000d7d20_4968,11743.69946727595
000d7d20_4969,11743.7064687346
000d7d20_4970,11743.714645629841
000d7d20_4971,11743.722907696745
000d7d20_4972,11743.731901446892
000d7d20_4973,11743.739782253171
000d7d20_4974,11743.745750219452
000d7d20_4975,11743.753292190062
000d7d20_4976,11743.760033122482
000d7d20_4977,11743.766272793477
000d7d20_4978,11743.77389686897
000d7d20_4979,11743.780554378798
000d7d20_4980,11743.78945177757
000d7d20_4981,11743.798088246549
000d7d20_4982,11743.806333216035
000d7d20_4983,11743.815427316229
000d7d20_4984,11743.823696176938
000d7d20_4985,11743.833644295677
000d7d20_4986,11743.84197529729
000d7d20_4987,11743.850429303695
000d7d20_4988,11743.861106762179
000d7d20_4989,11743.870936587278
000d7d20_4990,11743.882534907338
000d7d20_4991,11743.892584279287
000d7d20_4992,11743.90331129327
000d7d20_4993,11743.914204855198
000d7d20_4994,11743.923604466156
000d7d20_4995,11743.933256607757
000d7d20_4996,11743.940430235176
000d7d20_4997,11743.948355129613
000d7d20_4998,11743.957575863338
000d7d20_4999,11743.965375872282
000d7d20_5000,11743.974566931363
000d7d20_5001,11743.983757665561
000d7d20_5002,11743.992455114034
000d7d20_5003,11744.001516816443
000d7d20_5004,11744.010263418615
000d7d20_5005,11744.01920788311
000d7d20_5006,11744.026389794242
000d7d20_5007,11744.035573063165
000d7d20_5008,11744.045270577395
000d7d20_5009,11744.054315161411
000d7d20_5010,11744.064335325093
000d7d20_5011,11744.073454664129
000d7d20_5012,11744.082750014915
000d7d20_5013,11744.095081689109
000d7d20_5014,11744.106266957695
000d7d20_5015,11744.116440575977
000d7d20_5016,11744.125839497772
000d7d20_5017,11744.137228265652
000d7d20_5018,11744.14881661646
000d7d20_5019,11744.16000779202
000d7d20_5020,11744.170488967064
000d7d20_5021,11744.179276291237
000d7d20_5022,11744.187119856684
000d7d20_5023,11744.197420351684
000d7d20_5024,11744.205736637003
000d7d20_5025,11744.211048190078
000d7d20_5026,11744.218398743933
000d7d20_5027,11744.227398984203
000d7d20_5028,11744.238503446908
000d7d20_5029,11744.249306224086
000d7d20_5030,11744.258689588218
000d7d20_5031,11744.266338665268
000d7d20_5032,11744.272292876994
000d7d20_5033,11744.28074679252
000d7d20_5034,11744.286855886065
000d7d20_5035,11744.287665729997
000d7d20_5036,11744.289235173152
000d7d20_5037,11744.291951556668
000d7d20_5038,11744.295187183101
000d7d20_5039,11744.298074944913
000d7d20_5040,11744.308185696023
000d7d20_5041,11744.318079998344
000d7d20_5042,11744.327859264298
000d7d20_5043,11744.338487908422
000d7d20_5044,11744.346921874067
000d7d20_5045,11744.349988574864
000d7d20_5046,11744.347910551991
000d7d20_5047,11744.346178088133
000d7d20_5048,11744.348170292757
000d7d20_5049,11744.35260205793
000d7d20_5050,11744.362998795898
000d7d20_5051,11744.367707113097
000d7d20_5052,11744.371870673727
000d7d20_5053,11744.37481938364
000d7d20_5054,11744.373910034898
000d7d20_5055,11744.368316750995
000d7d20_5056,11744.35826839308
000d7d20_5057,11744.358122450336
000d7d20_5058,11744.364045999406
000d7d20_5059,11744.369078519654
000d7d20_5060,11744.375589056988
000d7d20_5061,11744.38058141755
000d7d20_5062,11744.386640620447
000d7d20_5063,11744.385872050942
000d7d20_5064,11744.380201383652
000d7d20_5065,11744.3722283196
000d7d20_5066,11744.36824282183
000d7d20_5067,11744.373774363441
000d7d20_5068,11744.379616162048
000d7d20_5069,11744.385716899427
000d7d20_5070,11744.391340377868
000d7d20_5071,11744.39536033199
000d7d20_5072,11744.396136021202
000d7d20_5073,11744.39257223728
000d7d20_5074,11744.388844167242
000d7d20_5075,11744.386176295491
000d7d20_5076,11744.391527793989
000d7d20_5077,11744.400688390146
000d7d20_5078,11744.40790530687
000d7d20_5079,11744.412658574363
000d7d20_5080,11744.413830638741
000d7d20_5081,11744.412708284319
000d7d20_5082,11744.410981663528
000d7d20_5083,11744.409410274076
000d7d20_5084,11744.404548505972
000d7d20_5085,11744.39954713063
000d7d20_5086,11744.395155040293
000d7d20_5087,11744.403026923052
000d7d20_5088,11744.416533862204
000d7d20_5089,11744.435032157464
000d7d20_5090,11744.459191440541
000d7d20_5091,11744.485441336416
000d7d20_5092,11744.50854662195
000d7d20_5093,11744.52644410967
000d7d20_5094,11744.536782861678
000d7d20_5095,11744.540069499093
000d7d20_5096,11744.535449777166
000d7d20_5097,11744.535014146799
000d7d20_5098,11744.530575302606
000d7d20_5099,11744.519231326502
000d7d20_5100,11744.51308686539
000d7d20_5101,11744.508475938412
000d7d20_5102,11744.506196003316
000d7d20_5103,11744.51023358274
000d7d20_5104,11744.518964644427
000d7d20_5105,11744.529745497992
000d7d20_5106,11744.538434128048
000d7d20_5107,11744.545282275572
000d7d20_5108,11744.547343494185
000d7d20_5109,11744.540633929872
000d7d20_5110,11744.53626413698
000d7d20_5111,11744.530669925554
000d7d20_5112,11744.526208812651
000d7d20_5113,11744.526197587598
000d7d20_5114,11744.532937648222
000d7d20_5115,11744.54227327798
000d7d20_5116,11744.554429155089
000d7d20_5117,11744.565845844214
000d7d20_5118,11744.573288669602
000d7d20_5119,11744.571812302034
000d7d20_5120,11744.565172773626
000d7d20_5121,11744.556305438506
000d7d20_5122,11744.548496085512
000d7d20_5123,11744.546548548777
000d7d20_5124,11744.550260963439
000d7d20_5125,11744.55334871318
000d7d20_5126,11744.55657806783
000d7d20_5127,11744.554262211772
000d7d20_5128,11744.547717454603
000d7d20_5129,11744.536514013853
000d7d20_5130,11744.526835046272
000d7d20_5131,11744.522163026875
000d7d20_5132,11744.522362124375
000d7d20_5133,11744.528388729439
000d7d20_5134,11744.539147574473
000d7d20_5135,11744.549629000601
000d7d20_5136,11744.556973641158
000d7d20_5137,11744.559001715306
000d7d20_5138,11744.558751098499
000d7d20_5139,11744.557889616639
000d7d20_5140,11744.556981792073
000d7d20_5141,11744.55525590279
000d7d20_5142,11744.551774353968
000d7d20_5143,11744.55053159401
000d7d20_5144,11744.551349967238
000d7d20_5145,11744.552251219235
000d7d20_5146,11744.550824891357
000d7d20_5147,11744.54918168886
000d7d20_5148,11744.551093017062
000d7d20_5149,11744.553795561855
000d7d20_5150,11744.558901743458
000d7d20_5151,11744.563557112762
000d7d20_5152,11744.566155936234
000d7d20_5153,11744.56928405938
000d7d20_5154,11744.56808348194
000d7d20_5155,11744.565479252153
000d7d20_5156,11744.56279810575
000d7d20_5157,11744.561250397393
000d7d20_5158,11744.557235259963
000d7d20_5159,11744.553736273898
000d7d20_5160,11744.551654975097
000d7d20_5161,11744.553469616814
000d7d20_5162,11744.55699853172
000d7d20_5163,11744.562557434248
000d7d20_5164,11744.565401038382
000d7d20_5165,11744.566965698672
000d7d20_5166,11744.568390891303
000d7d20_5167,11744.566943716287
000d7d20_5168,11744.558491371248
000d7d20_5169,11744.548708973896
000d7d20_5170,11744.53766053058
000d7d20_5171,11744.530790368448
000d7d20_5172,11744.526388482602
000d7d20_5173,11744.526836493218
000d7d20_5174,11744.530065488867
000d7d20_5175,11744.534494276842
000d7d20_5176,11744.542242626594
000d7d20_5177,11744.549666335435
000d7d20_5178,11744.555662466719
000d7d20_5179,11744.560162784732
000d7d20_5180,11744.562617062746
000d7d20_5181,11744.56188009987
000d7d20_5182,11744.564034287143
000d7d20_5183,11744.565990767162
000d7d20_5184,11744.561848367659
000d7d20_5185,11744.55968925044
000d7d20_5186,11744.560857045932
000d7d20_5187,11744.559148879012
000d7d20_5188,11744.55751787311
000d7d20_5189,11744.557719478762
000d7d20_5190,11744.55750880805
000d7d20_5191,11744.558697730252
000d7d20_5192,11744.55914995326
000d7d20_5193,11744.553121245779
000d7d20_5194,11744.54098106223
000d7d20_5195,11744.531228611733
000d7d20_5196,11744.523561481637
000d7d20_5197,11744.515209032796
000d7d20_5198,11744.510784450416
000d7d20_5199,11744.511730216687
000d7d20_5200,11744.513971556797
000d7d20_5201,11744.517450651729
000d7d20_5202,11744.517957419439
000d7d20_5203,11744.521695961928
000d7d20_5204,11744.52545955774
000d7d20_5205,11744.523415935419
000d7d20_5206,11744.520488689104
000d7d20_5207,11744.516435928112
000d7d20_5208,11744.514276089601
000d7d20_5209,11744.50874526203
000d7d20_5210,11744.500789167148
000d7d20_5211,11744.493420833951
000d7d20_5212,11744.49136203467
000d7d20_5213,11744.49766985897
000d7d20_5214,11744.505641822598
000d7d20_5215,11744.509462295071
000d7d20_5216,11744.513534306701
000d7d20_5217,11744.516501961149
000d7d20_5218,11744.522883830195
000d7d20_5219,11744.520315857182
000d7d20_5220,11744.515307407502
000d7d20_5221,11744.512064319286
000d7d20_5222,11744.510909412606
000d7d20_5223,11744.510971713476
000d7d20_5224,11744.507712907962
000d7d20_5225,11744.50217334684
000d7d20_5226,11744.49572319401
000d7d20_5227,11744.491558657915
000d7d20_5228,11744.490611946272
000d7d20_5229,11744.480465452463
000d7d20_5230,11744.471237613538
000d7d20_5231,11744.472703557225
000d7d20_5232,11744.474949729853
000d7d20_5233,11744.46927267555
000d7d20_5234,11744.46384867285
000d7d20_5235,11744.461689439273
000d7d20_5236,11744.4623917303
000d7d20_5237,11744.469704212375
000d7d20_5238,11744.476596091887
000d7d20_5239,11744.475315171203
000d7d20_5240,11744.475766862062
000d7d20_5241,11744.479128263725
000d7d20_5242,11744.47477997236
000d7d20_5243,11744.461526980422
000d7d20_5244,11744.451890398817
000d7d20_5245,11744.446222303934
000d7d20_5246,11744.444519485167
000d7d20_5247,11744.450924218298
000d7d20_5248,11744.448955490083
000d7d20_5249,11744.438414400218
000d7d20_5250,11744.42413019514
000d7d20_5251,11744.409954900068
000d7d20_5252,11744.404042924281
000d7d20_5253,11744.404051761969
000d7d20_5254,11744.405213014512
000d7d20_5255,11744.409908905745
000d7d20_5256,11744.418118104159
000d7d20_5257,11744.427010062918
000d7d20_5258,11744.424541294453
000d7d20_5259,11744.41121056075
000d7d20_5260,11744.399004701409
000d7d20_5261,11744.389529245851
000d7d20_5262,11744.387349589295
000d7d20_5263,11744.38584856638
000d7d20_5264,11744.380687456358
000d7d20_5265,11744.375145114751
000d7d20_5266,11744.37107060503
000d7d20_5267,11744.365359277708
000d7d20_5268,11744.359631096177
000d7d20_5269,11744.350717240493
000d7d20_5270,11744.347715359934
000d7d20_5271,11744.337927662627
000d7d20_5272,11744.326665785886
000d7d20_5273,11744.317156402696
000d7d20_5274,11744.307015009645
000d7d20_5275,11744.296241606702
000d7d20_5276,11744.28483619387
000d7d20_5277,11744.27279877115
00bbac68_1545,12224.916865421725
00bbac68_1546,12224.961944221497
00bbac68_1547,12225.007442688357
00bbac68_1548,12225.053360822301
00bbac68_1549,12225.099698623333
00bbac68_1550,12225.14645609148
00bbac68_1551,12225.193948026339
00bbac68_1552,12225.24261170923
00bbac68_1553,12225.28992639495
00bbac68_1554,12225.338881392296
00bbac68_1555,12225.385064704595
00bbac68_1556,12225.431831157253
00bbac68_1557,12225.4800238635
00bbac68_1558,12225.52828079155
00bbac68_1559,12225.575358404574
00bbac68_1560,12225.62411553379
00bbac68_1561,12225.673746802102
00bbac68_1562,12225.722841572793
00bbac68_1563,12225.770195104149
00bbac68_1564,12225.82040462223
00bbac68_1565,12225.868625491903
00bbac68_1566,12225.917332329474
00bbac68_1567,12225.968558732595
00bbac68_1568,12226.018601841966
00bbac68_1569,12226.069233012098
00bbac68_1570,12226.12130714639
00bbac68_1571,12226.172511665069
00bbac68_1572,12226.221852408691
00bbac68_1573,12226.270106944694
00bbac68_1574,12226.318821561337
00bbac68_1575,12226.36853929719
00bbac68_1576,12226.416664564307
00bbac68_1577,12226.46675901008
00bbac68_1578,12226.515267710432
00bbac68_1579,12226.565880380644
00bbac68_1580,12226.61988596671
00bbac68_1581,12226.672569724
00bbac68_1582,12226.725620207539
00bbac68_1583,12226.77740696834
00bbac68_1584,12226.827424192346
00bbac68_1585,12226.876664862939
00bbac68_1586,12226.923357657615
00bbac68_1587,12226.967769993807
00bbac68_1588,12227.011170234708
00bbac68_1589,12227.05853959727
00bbac68_1590,12227.107845188173
00bbac68_1591,12227.158892863123
00bbac68_1592,12227.211731322459
00bbac68_1593,12227.26484366486
00bbac68_1594,12227.318608372752
00bbac68_1595,12227.372076234205
00bbac68_1596,12227.425137811737
00bbac68_1597,12227.476856213485
00bbac68_1598,12227.528852579395
00bbac68_1599,12227.582847662112
00bbac68_1600,12227.635415936405
00bbac68_1601,12227.690534192856
00bbac68_1602,12227.745773662498
00bbac68_1603,12227.802697401308
00bbac68_1604,12227.858193084245
00bbac68_1605,12227.911434069963
00bbac68_1606,12227.964428035046
00bbac68_1607,12228.01588125529
00bbac68_1608,12228.066225294791
00bbac68_1609,12228.11769638531
00bbac68_1610,12228.171003946332
00bbac68_1611,12228.226631392004
00bbac68_1612,12228.283499621391
00bbac68_1613,12228.339524981922
00bbac68_1614,12228.390278313609
00bbac68_1615,12228.437582678565
00bbac68_1616,12228.479419487383
00bbac68_1617,12228.516455306324
00bbac68_1618,12228.55297525946
00bbac68_1619,12228.589774881397
00bbac68_1620,12228.626166313396
00bbac68_1621,12228.663480556206
00bbac68_1622,12228.704344328333
00bbac68_1623,12228.743476986245
00bbac68_1624,12228.780863437903
00bbac68_1625,12228.816267835115
00bbac68_1626,12228.84858253795
00bbac68_1627,12228.880876794596
00bbac68_1628,12228.913811916987
00bbac68_1629,12228.945395712482
00bbac68_1630,12228.974712538362
00bbac68_1631,12229.006916259385
00bbac68_1632,12229.044024335519
00bbac68_1633,12229.079003981751
00bbac68_1634,12229.113562593902
00bbac68_1635,12229.147633220338
00bbac68_1636,12229.18240831633
00bbac68_1637,12229.216533724963
00bbac68_1638,12229.248321758085
00bbac68_1639,12229.279603809973
00bbac68_1640,12229.310525380874
00bbac68_1641,12229.340579547685
00bbac68_1642,12229.36993360864
00bbac68_1643,12229.39775941239
00bbac68_1644,12229.427414826427
00bbac68_1645,12229.455476063475
00bbac68_1646,12229.482637110399
00bbac68_1647,12229.506896637544
00bbac68_1648,12229.531859605133
00bbac68_1649,12229.55715478452
00bbac68_1650,12229.58265991741
00bbac68_1651,12229.605145796791
00bbac68_1652,12229.631411615428
00bbac68_1653,12229.657487278742
00bbac68_1654,12229.683438309386
00bbac68_1655,12229.70665479366
00bbac68_1656,12229.726557199483
00bbac68_1657,12229.741939414962
00bbac68_1658,12229.757545120181
00bbac68_1659,12229.771015562575
00bbac68_1660,12229.786092557277
00bbac68_1661,12229.800035056436
00bbac68_1662,12229.819030966904
00bbac68_1663,12229.835379684866
00bbac68_1664,12229.85233717131
00bbac68_1665,12229.868965699756
00bbac68_1666,12229.88303878133
00bbac68_1667,12229.895730722477
00bbac68_1668,12229.908894839476
00bbac68_1669,12229.92146526913
00bbac68_1670,12229.934249250646
00bbac68_1671,12229.945496412016
00bbac68_1672,12229.954709950933
00bbac68_1673,12229.962142291803
00bbac68_1674,12229.970158111119
00bbac68_1675,12229.980101941062
00bbac68_1676,12229.987427658958
00bbac68_1677,12229.993828390849
00bbac68_1678,12230.001080301368
00bbac68_1679,12230.005537751767
00bbac68_1680,12230.008523584453
00bbac68_1681,12230.011121971775
00bbac68_1682,12230.01038611313
00bbac68_1683,12230.009575211538
00bbac68_1684,12230.011554694865
00bbac68_1685,12230.014642282817
00bbac68_1686,12230.015124991765
00bbac68_1687,12230.01650480305
00bbac68_1688,12230.017922045861
00bbac68_1689,12230.017969136721
00bbac68_1690,12230.017053072763
00bbac68_1691,12230.016104153328
00bbac68_1692,12230.014728930377
00bbac68_1693,12230.01277472185
00bbac68_1694,12230.011577390473
00bbac68_1695,12230.008343929861
00bbac68_1696,12230.005975512166
00bbac68_1697,12230.00323482943
00bbac68_1698,12230.00029458334
00bbac68_1699,12229.9968967237
00bbac68_1700,12229.99299352485
00bbac68_1701,12229.989525815276
00bbac68_1702,12229.986495923695
00bbac68_1703,12229.983182427495
00bbac68_1704,12229.98008734563
00bbac68_1705,12229.976097343086
00bbac68_1706,12229.971567646542
00bbac68_1707,12229.966685926229
00bbac68_1708,12229.962261345237
00bbac68_1709,12229.957091620021
00bbac68_1710,12229.952188940348
00bbac68_1711,12229.946690574778
00bbac68_1712,12229.940930336334
00bbac68_1713,12229.935552113122
00bbac68_1714,12229.929769513128
00bbac68_1715,12229.92293677766
00bbac68_1716,12229.915876400262
00bbac68_1717,12229.909627146742
00bbac68_1718,12229.903808903306
00bbac68_1719,12229.89869966139
00bbac68_1720,12229.893975076968
00bbac68_1721,12229.888151657991
00bbac68_1722,12229.881365296624
00bbac68_1723,12229.873497830806
00bbac68_1724,12229.866208475509
00bbac68_1725,12229.857543816928
00bbac68_1726,12229.849075077575
00bbac68_1727,12229.839526941247
00bbac68_1728,12229.83010850353
00bbac68_1729,12229.821550677241
00bbac68_1730,12229.812961882413
00bbac68_1731,12229.803582013532
00bbac68_1732,12229.793610717581
00bbac68_1733,12229.785440160598
00bbac68_1734,12229.778562249683
00bbac68_1735,12229.767370020498
00bbac68_1736,12229.752603975176
00bbac68_1737,12229.751036286372
00bbac68_1738,12229.750935527809
00bbac68_1739,12229.7477476674
00bbac68_1740,12229.740367279168
00bbac68_1741,12229.730558813962
00bbac68_1742,12229.717438057069
00bbac68_1743,12229.701885664508
00bbac68_1744,12229.681093151303
00bbac68_1745,12229.656165138687
00bbac68_1746,12229.633628753956
00bbac68_1747,12229.626701931451
00bbac68_1748,12229.617238144134
00bbac68_1749,12229.606366296865
00bbac68_1750,12229.59611213487
00bbac68_1751,12229.58774231504
00bbac68_1752,12229.578493315199
00bbac68_1753,12229.567571399179
00bbac68_1754,12229.552679133038
00bbac68_1755,12229.53458467041
00bbac68_1756,12229.518764329176
00bbac68_1757,12229.505717521375
00bbac68_1758,12229.492935372564
00bbac68_1759,12229.481487432404
00bbac68_1760,12229.474098418948
00bbac68_1761,12229.46882381931
00bbac68_1762,12229.459771446986
00bbac68_1763,12229.438388370914
00bbac68_1764,12229.409092892281
00bbac68_1765,12229.374899059821
00bbac68_1766,12229.345226864829
00bbac68_1767,12229.318302437689
00bbac68_1768,12229.298333031533
00bbac68_1769,12229.282496137208
00bbac68_1770,12229.26692462262
00bbac68_1771,12229.251172407185
00bbac68_1772,12229.23008118209
00bbac68_1773,12229.19619738864
00bbac68_1774,12229.159828465594
00bbac68_1775,12229.121554500261
00bbac68_1776,12229.085232106296
00bbac68_1777,12229.051720823101
00bbac68_1778,12229.02406796476
00bbac68_1779,12228.99343119072
00bbac68_1780,12228.959343557477
00bbac68_1781,12228.923821793083
00bbac68_1782,12228.88634361383
00bbac68_1783,12228.845850500107
00bbac68_1784,12228.805585235787
00bbac68_1785,12228.763239291495
00bbac68_1786,12228.71999809354
00bbac68_1787,12228.6759533092
00bbac68_1788,12228.63226572132
00bbac68_1789,12228.587691635596
00bbac68_1790,12228.543126042736
00bbac68_1791,12228.497071043064
00bbac68_1792,12228.453220183415
00bbac68_1793,12228.408121983142
00bbac68_1794,12228.36239030265
00bbac68_1795,12228.316004673694
00bbac68_1796,12228.271702854909
00bbac68_1797,12228.228657285319
00bbac68_1798,12228.187568495036
00bbac68_1799,12228.147613121868
00bbac68_1800,12228.108074403226
00bbac68_1801,12228.066559338298
00bbac68_1802,12228.024813419142
00bbac68_1803,12227.977890286376
00bbac68_1804,12227.931381048476
00bbac68_1805,12227.88673973304
00bbac68_1806,12227.84515271636
00bbac68_1807,12227.804110393787
00bbac68_1808,12227.764298408376
00bbac68_1809,12227.72689280814
00bbac68_1810,12227.687130940809
00bbac68_1811,12227.64273229344
00bbac68_1812,12227.597514942961
00bbac68_1813,12227.550318979374
00bbac68_1814,12227.50499876148
00bbac68_1815,12227.460473668409
00bbac68_1816,12227.416937231961
00bbac68_1817,12227.374417749386
00bbac68_1818,12227.334221294932
00bbac68_1819,12227.296769303499
00bbac68_1820,12227.25604025181
00bbac68_1821,12227.21206481132
00bbac68_1822,12227.167390136623
00bbac68_1823,12227.12352441601
00bbac68_1824,12227.080366156417
00bbac68_1825,12227.036633419384
00bbac68_1826,12226.991770945133
00bbac68_1827,12226.94752583986
00bbac68_1828,12226.907883248725
00bbac68_1829,12226.869741485236
00bbac68_1830,12226.827752184092
00bbac68_1831,12226.784619267499
00bbac68_1832,12226.744663482219
00bbac68_1833,12226.703273710988
00bbac68_1834,12226.656528085048
00bbac68_1835,12226.599949701425
00bbac68_1836,12226.547256665155
00bbac68_1837,12226.498837097157
00bbac68_1838,12226.455102783539
00bbac68_1839,12226.41163040686
00bbac68_1840,12226.367374393807
00bbac68_1841,12226.325746102313
00bbac68_1842,12226.285772068964
00bbac68_1843,12226.240611847865
00bbac68_1844,12226.189802615343
00bbac68_1845,12226.134469335058
00bbac68_1846,12226.087775631451
00bbac68_1847,12226.040974384472
00bbac68_1848,12225.993317924842
00bbac68_1849,12225.946194319491
00bbac68_1850,12225.898614892758
00bbac68_1851,12225.849563749165
00bbac68_1852,12225.799340431673
00bbac68_1853,12225.746603388432
00bbac68_1854,12225.695333482457
00bbac68_1855,12225.646572111058
00bbac68_1856,12225.594472054006
00bbac68_1857,12225.53545020433
00bbac68_1858,12225.48076685199
00bbac68_1859,12225.436479562752
00bbac68_1860,12225.395951308756
00bbac68_1861,12225.356385058123
00bbac68_1862,12225.312364833328
00bbac68_1863,12225.256238743841
00bbac68_1864,12225.198092446637
00bbac68_1865,12225.145149643617
00bbac68_1866,12225.096750353103
00bbac68_1867,12225.04970927363
00bbac68_1868,12224.999875626541
00bbac68_1869,12224.946776859848
00bbac68_1870,12224.890950409841
00bbac68_1871,12224.841696225563
00bbac68_1872,12224.793386916082
00bbac68_1873,12224.741450254227
00bbac68_1874,12224.697030520405
00bbac68_1875,12224.664049939558
00bbac68_1876,12224.638917735705
00bbac68_1877,12224.607063653079
00bbac68_1878,12224.559998574656
00bbac68_1879,12224.496191886687
00bbac68_1880,12224.424999229403
00bbac68_1881,12224.357709110707
00bbac68_1882,12224.294450025021
00bbac68_1883,12224.235821436592
00bbac68_1884,12224.184211113303
00bbac68_1885,12224.136749161242
00bbac68_1886,12224.094284147573
00bbac68_1887,12224.056003646007
00bbac68_1888,12224.012778497356
00bbac68_1889,12223.955177480848
00bbac68_1890,12223.898875306342
00bbac68_1891,12223.848188337835
00bbac68_1892,12223.800048608686
00bbac68_1893,12223.752790364884
00bbac68_1894,12223.699948071682
00bbac68_1895,12223.641819019247
00bbac68_1896,12223.585750798899
00bbac68_1897,12223.53370727821
00bbac68_1898,12223.474996478966
00bbac68_1899,12223.411119250244
00bbac68_1900,12223.358046358746
00bbac68_1901,12223.313786668408
00bbac68_1902,12223.275817790422
00bbac68_1903,12223.24650736513
00bbac68_1904,12223.21844973712
00bbac68_1905,12223.19723770415
00bbac68_1906,12223.172886021344
00bbac68_1907,12223.130999786265
00bbac68_1908,12223.069352281907
00bbac68_1909,12222.990340746252
00bbac68_1910,12222.908029247039
00bbac68_1911,12222.830833987937
00bbac68_1912,12222.768370135054
00bbac68_1913,12222.726168746514
00bbac68_1914,12222.69934995918
00bbac68_1915,12222.688007923784
00bbac68_1916,12222.672921709127
00bbac68_1917,12222.644668815317
00bbac68_1918,12222.611908706462
00bbac68_1919,12222.574300770928
00bbac68_1920,12222.53347828063
00bbac68_1921,12222.49268764597
00bbac68_1922,12222.452232377636
00bbac68_1923,12222.41159541854
00bbac68_1924,12222.370159232183
00bbac68_1925,12222.329965594487
00bbac68_1926,12222.289723989361
00bbac68_1927,12222.247985987196
00bbac68_1928,12222.211096386894
00bbac68_1929,12222.17626704019
00bbac68_1930,12222.141070601898
00bbac68_1931,12222.102659607066
00bbac68_1932,12222.062558492315
00bbac68_1933,12222.021154665557
00bbac68_1934,12221.97950268049
00bbac68_1935,12221.935512302309
00bbac68_1936,12221.892423261404
00bbac68_1937,12221.850067773787
00bbac68_1938,12221.812356945382
00bbac68_1939,12221.772635342993
00bbac68_1940,12221.730827111798
00bbac68_1941,12221.683806632114
00bbac68_1942,12221.638794495306
00bbac68_1943,12221.600449505979
00bbac68_1944,12221.56697745599
00bbac68_1945,12221.536579516385
00bbac68_1946,12221.508740285564
00bbac68_1947,12221.483484113216
00bbac68_1948,12221.458868820322
00bbac68_1949,12221.426484646818
00bbac68_1950,12221.389020356513
00bbac68_1951,12221.347411013434
00bbac68_1952,12221.304612250187
00bbac68_1953,12221.265776859305
00bbac68_1954,12221.228332181792
00bbac68_1955,12221.192708197841
00bbac68_1956,12221.158153700977
00bbac68_1957,12221.126615066234
00bbac68_1958,12221.09721262725
00bbac68_1959,12221.064292343774
00bbac68_1960,12221.030903764333
00bbac68_1961,12220.999305851625
00bbac68_1962,12220.966970043535
00bbac68_1963,12220.934011973144
00bbac68_1964,12220.901994390957
00bbac68_1965,12220.869885282968
00bbac68_1966,12220.83805154858
00bbac68_1967,12220.8075118926
00bbac68_1968,12220.7760964474
00bbac68_1969,12220.74214811992
00bbac68_1970,12220.708876755198
00bbac68_1971,12220.67799072932
00bbac68_1972,12220.65031271879
00bbac68_1973,12220.625181323423
00bbac68_1974,12220.603732608766
00bbac68_1975,12220.5861101558
00bbac68_1976,12220.56965253417
00bbac68_1977,12220.555435325543
00bbac68_1978,12220.537622337624
00bbac68_1979,12220.509158144225
00bbac68_1980,12220.472042504141
00bbac68_1981,12220.426310496565
00bbac68_1982,12220.380357161659
00bbac68_1983,12220.34453134254
00bbac68_1984,12220.322680622194
00bbac68_1985,12220.31196716721
00bbac68_1986,12220.307482363696
00bbac68_1987,12220.305337831369
00bbac68_1988,12220.291480165257
00bbac68_1989,12220.260542192376
00bbac68_1990,12220.225085115011
00bbac68_1991,12220.186204881604
00bbac68_1992,12220.14640279294
00bbac68_1993,12220.115528874634
00bbac68_1994,12220.102547522041
00bbac68_1995,12220.108535004128
00bbac68_1996,12220.12137651541
00bbac68_1997,12220.120550352865
00bbac68_1998,12220.103919738383
00bbac68_1999,12220.084240422744
00bbac68_2000,12220.06682096843
00bbac68_2001,12220.042931465112
00bbac68_2002,12220.00588093938
00bbac68_2003,12219.964581331331
00bbac68_2004,12219.929538884095
00bbac68_2005,12219.903767486605
00bbac68_2006,12219.867228709118
00bbac68_2007,12219.838595348328
00bbac68_2008,12219.827964836553
00bbac68_2009,12219.832370706888
00bbac68_2010,12219.833703155196
00bbac68_2011,12219.831326760246
00bbac68_2012,12219.829375018764
00bbac68_2013,12219.825221082036
00bbac68_2014,12219.808407934004
00bbac68_2015,12219.786047483885
00bbac68_2016,12219.778322888847
00bbac68_2017,12219.798268276412
00bbac68_2018,12219.784392887374
00bbac68_2019,12219.72232352067
00bbac68_2020,12219.624778126941
00bbac68_2021,12219.512691182343
00bbac68_2022,12219.3817207151
00bbac68_2023,12219.255145137191
00bbac68_2024,12219.18904258731
00bbac68_2025,12219.19684740376
00bbac68_2026,12219.284760517912
00bbac68_2027,12219.409363659668
00bbac68_2028,12219.524209151634
00bbac68_2029,12219.61543000732
00bbac68_2030,12219.684760661894
00bbac68_2031,12219.716188226266
00bbac68_2032,12219.695396490293
00bbac68_2033,12219.654373332982
00bbac68_2034,12219.629210585405
00bbac68_2035,12219.599440056689
00bbac68_2036,12219.56925917397
00bbac68_2037,12219.540597112078
00bbac68_2038,12219.518139193606
00bbac68_2039,12219.487891406287
00bbac68_2040,12219.45774142075
00bbac68_2041,12219.426986645401
00bbac68_2042,12219.395149864275
00bbac68_2043,12219.360776027923
00bbac68_2044,12219.325548890947
00bbac68_2045,12219.289408142498
00bbac68_2046,12219.252276260842
00bbac68_2047,12219.213646179085
00bbac68_2048,12219.173322054892
00bbac68_2049,12219.130866520809
00bbac68_2050,12219.08698469239
00bbac68_2051,12219.03391846241
00bbac68_2052,12218.969319919699
00bbac68_2053,12218.902284496144
00bbac68_2054,12218.838455710984
00bbac68_2055,12218.78285734394
00bbac68_2056,12218.735257203261
00bbac68_2057,12218.693408319712
00bbac68_2058,12218.65823976185
00bbac68_2059,12218.6310560161
00bbac68_2060,12218.609104709662
00bbac68_2061,12218.584457118346
00bbac68_2062,12218.557248126948
00bbac68_2063,12218.535364441415
00bbac68_2064,12218.518140969507
00bbac68_2065,12218.505175757891
00bbac68_2066,12218.49193483766
00bbac68_2067,12218.472986231089
00bbac68_2068,12218.44938960129
00bbac68_2069,12218.424172015953
00bbac68_2070,12218.39849052162
00bbac68_2071,12218.369844154577
00bbac68_2072,12218.338387650261
00bbac68_2073,12218.304521289303
00bbac68_2074,12218.269342513744
00bbac68_2075,12218.23443256041
00bbac68_2076,12218.200770535528
00bbac68_2077,12218.166134230589
00bbac68_2078,12218.129002046917
00bbac68_2079,12218.09245598897
00bbac68_2080,12218.059102122701
00bbac68_2081,12218.026020000798
00bbac68_2082,12217.992505919243
00bbac68_2083,12217.959567795864
00bbac68_2084,12217.92854738105
00bbac68_2085,12217.900510368763
00bbac68_2086,12217.8729404958
00bbac68_2087,12217.8438806214
00bbac68_2088,12217.811635779966
00bbac68_2089,12217.780022995186
00bbac68_2090,12217.751987978801
00bbac68_2091,12217.725273239752
00bbac68_2092,12217.698690189689
00bbac68_2093,12217.673760450378
00bbac68_2094,12217.651056599369
00bbac68_2095,12217.630330277654
00bbac68_2096,12217.609573969616
00bbac68_2097,12217.588949124878
00bbac68_2098,12217.568827900213
00bbac68_2099,12217.549743534868
00bbac68_2100,12217.532337102268
00bbac68_2101,12217.514492568163
00bbac68_2102,12217.49631957609
00bbac68_2103,12217.47825738798
00bbac68_2104,12217.461060878315
00bbac68_2105,12217.4435348248
00bbac68_2106,12217.426018443224
00bbac68_2107,12217.40809363476
00bbac68_2108,12217.389618069343
00bbac68_2109,12217.371729881357
00bbac68_2110,12217.353948770757
00bbac68_2111,12217.334731219093
00bbac68_2112,12217.316033928877
00bbac68_2113,12217.297708436141
00bbac68_2114,12217.279138695823
00bbac68_2115,12217.259936044218
00bbac68_2116,12217.241427081992
00bbac68_2117,12217.222269733516
00bbac68_2118,12217.202964169646
00bbac68_2119,12217.18409558465
00bbac68_2120,12217.164686891254
00bbac68_2121,12217.145274756807
00bbac68_2122,12217.12571663256
00bbac68_2123,12217.106247602078
00bbac68_2124,12217.086224469072
00bbac68_2125,12217.066302038926
00bbac68_2126,12217.0467456547
00bbac68_2127,12217.026132964256
00bbac68_2128,12217.006394350637
00bbac68_2129,12216.985723951726
00bbac68_2130,12216.965142432811
00bbac68_2131,12216.945065929944
00bbac68_2132,12216.924053093535
00bbac68_2133,12216.904073554324
00bbac68_2134,12216.88361142655
00bbac68_2135,12216.863534873804
00bbac68_2136,12216.84292314564
00bbac68_2137,12216.82193852344
00bbac68_2138,12216.800676277235
00bbac68_2139,12216.77880661499
00bbac68_2140,12216.756658423878
00bbac68_2141,12216.734975179486
00bbac68_2142,12216.712390495675
00bbac68_2143,12216.690667162275
00bbac68_2144,12216.667917992721
00bbac68_2145,12216.646459014417
00bbac68_2146,12216.623388493277
00bbac68_2147,12216.600140142242
00bbac68_2148,12216.576345277306
00bbac68_2149,12216.552180745719
00bbac68_2150,12216.52808429141
00bbac68_2151,12216.503735955837
00bbac68_2152,12216.47850750988
00bbac68_2153,12216.45404789561
00bbac68_2154,12216.42889601166
00bbac68_2155,12216.405611918723
00bbac68_2156,12216.380709679353
00bbac68_2157,12216.355890166182
00bbac68_2158,12216.331930662636
00bbac68_2159,12216.307530842572
00bbac68_2160,12216.284946513406
00bbac68_2161,12216.261429662278
00bbac68_2162,12216.238185086682
00bbac68_2163,12216.216042267497
00bbac68_2164,12216.193316979952
00bbac68_2165,12216.171335299394
00bbac68_2166,12216.149119446136
00bbac68_2167,12216.126608613233
00bbac68_2168,12216.104212365877
00bbac68_2169,12216.080917334179
00bbac68_2170,12216.058813439766
00bbac68_2171,12216.035588457155
00bbac68_2172,12216.012327301181
00bbac68_2173,12215.990472344361
00bbac68_2174,12215.967972606792
00bbac68_2175,12215.945737514377
00bbac68_2176,12215.923975281421
00bbac68_2177,12215.902453503517
00bbac68_2178,12215.880926883425
00bbac68_2179,12215.859493254984
00bbac68_2180,12215.840099039322
00bbac68_2181,12215.820531818856
00bbac68_2182,12215.80191145719
00bbac68_2183,12215.784589971294
00bbac68_2184,12215.768571066266
00bbac68_2185,12215.753314853217
00bbac68_2186,12215.739036778565
00bbac68_2187,12215.72637785324
00bbac68_2188,12215.715573099966
00bbac68_2189,12215.70598992312
00bbac68_2190,12215.69832188408
00bbac68_2191,12215.69064601862
00bbac68_2192,12215.684737028081
00bbac68_2193,12215.679160174837
00bbac68_2194,12215.675183135623
00bbac68_2195,12215.670788842915
00bbac68_2196,12215.666624312977
00bbac68_2197,12215.66404930484
00bbac68_2198,12215.662489729826
00bbac68_2199,12215.661058239451
00bbac68_2200,12215.659300322473
00bbac68_2201,12215.658541841309
00bbac68_2202,12215.658639272096
00bbac68_2203,12215.658725490486
00bbac68_2204,12215.658713276254
00bbac68_2205,12215.657846051896
00bbac68_2206,12215.658078006814
00bbac68_2207,12215.658581486998
00bbac68_2208,12215.658619652468
00bbac68_2209,12215.658903041305
00bbac68_2210,12215.658145878584
00bbac68_2211,12215.657606156072
00bbac68_2212,12215.657559870975
00bbac68_2213,12215.657930040876
00bbac68_2214,12215.658490494381
00bbac68_2215,12215.658706437778
00bbac68_2216,12215.659518634227
00bbac68_2217,12215.658847251663
00bbac68_2218,12215.659810694546
00bbac68_2219,12215.659815160678
00bbac68_2220,12215.65999488067
00bbac68_2221,12215.659370012458
00bbac68_2222,12215.66008765841
00bbac68_2223,12215.659976574885
00bbac68_2224,12215.659773107449
00bbac68_2225,12215.659506603957
00bbac68_2226,12215.659268271582
00bbac68_2227,12215.658888362581
00bbac68_2228,12215.660043972479
00bbac68_2229,12215.660369075478
00bbac68_2230,12215.661327924674
00bbac68_2231,12215.661226595992
00bbac68_2232,12215.66073812087
00bbac68_2233,12215.660581319698
00bbac68_2234,12215.660205158776
00bbac68_2235,12215.660963632316
00bbac68_2236,12215.661702557223
00bbac68_2237,12215.662662392788
00bbac68_2238,12215.663455288439
00bbac68_2239,12215.664219761491
00bbac68_2240,12215.66442870644
00bbac68_2241,12215.664189847892
00bbac68_2242,12215.66321900185
00bbac68_2243,12215.663134486836
00bbac68_2244,12215.661710484757
00bbac68_2245,12215.661771768951
00bbac68_2246,12215.661610951087
00bbac68_2247,12215.662332090495
00bbac68_2248,12215.662828861925
00bbac68_2249,12215.664000341083
00bbac68_2250,12215.664910995809
00bbac68_2251,12215.666069429619
00bbac68_2252,12215.666670598383
00bbac68_2253,12215.66700476834
00bbac68_2254,12215.666709207024
00bbac68_2255,12215.667281652124
00bbac68_2256,12215.66688976568
00bbac68_2257,12215.667019745186
00bbac68_2258,12215.666616758954
00bbac68_2259,12215.666729149343
00bbac68_2260,12215.666454007673
00bbac68_2261,12215.666703619041
00bbac68_2262,12215.666829048307
00bbac68_2263,12215.667452860436
00bbac68_2264,12215.667636580554
00bbac68_2265,12215.668161021953
00bbac68_2266,12215.66829811181
00bbac68_2267,12215.66867491636
00bbac68_2268,12215.669088754657
00bbac68_2269,12215.66964557128
00bbac68_2270,12215.670188563661
00bbac68_2271,12215.670565311308
00bbac68_2272,12215.671205517177
00bbac68_2273,12215.672337936558
00bbac68_2274,12215.673055628591
00bbac68_2275,12215.67435031354
00bbac68_2276,12215.675996916982
00bbac68_2277,12215.676617075296
00bbac68_2278,12215.677360208843
00bbac68_2279,12215.67758607915
00bbac68_2280,12215.67777177583
00bbac68_2281,12215.67774434016
00bbac68_2282,12215.67857941379
00bbac68_2283,12215.678786772902
00bbac68_2284,12215.679092727416
00bbac68_2285,12215.679661086013
00bbac68_2286,12215.680724568241
00bbac68_2287,12215.681526346652
00bbac68_2288,12215.681997357482
00bbac68_2289,12215.682534559419
00bbac68_2290,12215.683200982689
00bbac68_2291,12215.684721482688
00bbac68_2292,12215.685192552137
00bbac68_2293,12215.685593756582
00bbac68_2294,12215.68644339467
00bbac68_2295,12215.686459895842
00bbac68_2296,12215.686948821925
00bbac68_2297,12215.688131643325
00bbac68_2298,12215.687530185223
00bbac68_2299,12215.68790148109
00bbac68_2300,12215.688735681404
00bbac68_2301,12215.68916802189
00bbac68_2302,12215.688930116336
00bbac68_2303,12215.690441603441
00bbac68_2304,12215.690911362759
00bbac68_2305,12215.692212281927
00bbac68_2306,12215.692421307978
00bbac68_2307,12215.69361571018
00bbac68_2308,12215.694127863397
00bbac68_2309,12215.695027323347
00bbac68_2310,12215.697245662552
00bbac68_2311,12215.697532710423
00bbac68_2312,12215.69933349259
00bbac68_2313,12215.699885038788
00bbac68_2314,12215.700970782003
00bbac68_2315,12215.70128199189
00bbac68_2316,12215.701325756738
00bbac68_2317,12215.700791744694
00bbac68_2318,12215.70170444316
00bbac68_2319,12215.700715410807
00bbac68_2320,12215.702842018854
00bbac68_2321,12215.702460226425
00bbac68_2322,12215.70355786315
00bbac68_2323,12215.703257525798
00bbac68_2324,12215.703919289124
00bbac68_2325,12215.704252198284
00bbac68_2326,12215.705838093483
00bbac68_2327,12215.70562363409
00bbac68_2328,12215.707733118974
00bbac68_2329,12215.707147399668
00bbac68_2330,12215.709676979886
00bbac68_2331,12215.709270568714
00bbac68_2332,12215.709314596657
00bbac68_2333,12215.709840275118
00bbac68_2334,12215.70980017275
00bbac68_2335,12215.71109303215
00bbac68_2336,12215.71036410176
00bbac68_2337,12215.711609702288
00bbac68_2338,12215.7117912604
00bbac68_2339,12215.711762673662
00bbac68_2340,12215.712809698689
00bbac68_2341,12215.713456441146
00bbac68_2342,12215.713930041762
00bbac68_2343,12215.715502542895
00bbac68_2344,12215.71515456021
00bbac68_2345,12215.716249633757
00bbac68_2346,12215.715925800161
00bbac68_2347,12215.717870319533
00bbac68_2348,12215.7171081087
00bbac68_2349,12215.71698954904
00bbac68_2350,12215.717685124831
00bbac68_2351,12215.718809854712
00bbac68_2352,12215.719476495613
00bbac68_2353,12215.720178898526
00bbac68_2354,12215.720064612775
00bbac68_2355,12215.721421175243
00bbac68_2356,12215.721645988726
00bbac68_2357,12215.722011969894
00bbac68_2358,12215.720281064026
00bbac68_2359,12215.71994871188
00bbac68_2360,12215.719753364418
00bbac68_2361,12215.720484469482
00bbac68_2362,12215.720953580178
00bbac68_2363,12215.721653196393
00bbac68_2364,12215.721962892816
00bbac68_2365,12215.722219216519
00bbac68_2366,12215.722101594904
00bbac68_2367,12215.721247258592
00bbac68_2368,12215.719288256212
00bbac68_2369,12215.719729083488
00bbac68_2370,12215.718846375203
00bbac68_2371,12215.719978175879
00bbac68_2372,12215.719863836895
00bbac68_2373,12215.720926076086
00bbac68_2374,12215.72086169503
00bbac68_2375,12215.720805365236
00bbac68_2376,12215.719836365364
00bbac68_2377,12215.719824650518
00bbac68_2378,12215.718690221729
00bbac68_2379,12215.719517772006
00bbac68_2380,12215.719041456894
00bbac68_2381,12215.72021355778
00bbac68_2382,12215.720113121472
00bbac68_2383,12215.720560904792
00bbac68_2384,12215.719302073441
00bbac68_2385,12215.719374125689
00bbac68_2386,12215.718286190659
00bbac68_2387,12215.719114629184
00bbac68_2388,12215.718504250543
00bbac68_2389,12215.718825565862
00bbac68_2390,12215.717311590102
00bbac68_2391,12215.718670291006
00bbac68_2392,12215.718221568852
00bbac68_2393,12215.719072952603
00bbac68_2394,12215.71844066968
00bbac68_2395,12215.720057199043
00bbac68_2396,12215.719262027971
00bbac68_2397,12215.718740505561
00bbac68_2398,12215.7186728251
00bbac68_2399,12215.717992041049
00bbac68_2400,12215.717320058102
00bbac68_2401,12215.718420789199
00bbac68_2402,12215.718248170531
00bbac68_2403,12215.718224266755
00bbac68_2404,12215.718414344223
00bbac68_2405,12215.718625955848
00bbac68_2406,12215.718034028043
00bbac68_2407,12215.717826427404
00bbac68_2408,12215.718963635534
00bbac68_2409,12215.71795571729
00bbac68_2410,12215.719396761197
00bbac68_2411,12215.718827999397
00bbac68_2412,12215.718963928093
00bbac68_2413,12215.717400322661
00bbac68_2414,12215.716893910663
00bbac68_2415,12215.715550127985
00bbac68_2416,12215.715704949002
00bbac68_2417,12215.71601369913
00bbac68_2418,12215.716688831959
00bbac68_2419,12215.71562375905
00bbac68_2420,12215.717808376812
00bbac68_2421,12215.717582404322
00bbac68_2422,12215.718894798807
00bbac68_2423,12215.717892512856
00bbac68_2424,12215.716447762537
00bbac68_2425,12215.716060414707
00bbac68_2426,12215.715890637424
00bbac68_2427,12215.71606535287
00bbac68_2428,12215.715721590557
00bbac68_2429,12215.7144942102
00bbac68_2430,12215.715503837899
00bbac68_2431,12215.715501914783
00bbac68_2432,12215.715976432592
00bbac68_2433,12215.715373584695
00bbac68_2434,12215.713854904161
00bbac68_2435,12215.71484991303
00bbac68_2436,12215.714194771837
00bbac68_2437,12215.715020521646
00bbac68_2438,12215.713701890498
00bbac68_2439,12215.714354515578
00bbac68_2440,12215.714483677002
00bbac68_2441,12215.71519363075
00bbac68_2442,12215.714288120962
00bbac68_2443,12215.714896824182
00bbac68_2444,12215.714459225404
00bbac68_2445,12215.716258129552
00bbac68_2446,12215.715270077937
00bbac68_2447,12215.717149180193
00bbac68_2448,12215.716355246346
00bbac68_2449,12215.718058748356
00bbac68_2450,12215.71683423574
00bbac68_2451,12215.716232922263
00bbac68_2452,12215.715078627549
00bbac68_2453,12215.715059555543
00bbac68_2454,12215.714705770495
00bbac68_2455,12215.71374057536
00bbac68_2456,12215.713646329252
00bbac68_2457,12215.714396865835
00bbac68_2458,12215.715112983966
00bbac68_2459,12215.715344736389
00bbac68_2460,12215.714756872918
00bbac68_2461,12215.714746013398
00bbac68_2462,12215.71538789858
00bbac68_2463,12215.715256428397
00bbac68_2464,12215.715206943452
00bbac68_2465,12215.713385438929
00bbac68_2466,12215.7148199878
00bbac68_2467,12215.714349803067
00bbac68_2468,12215.715673812221
00bbac68_2469,12215.715301479362
00bbac68_2470,12215.715713730046
00bbac68_2471,12215.715494245618
00bbac68_2472,12215.71639751243
00bbac68_2473,12215.716570159875
00bbac68_2474,12215.716878923255
00bbac68_2475,12215.716532326529
00bbac68_2476,12215.717421533045
00bbac68_2477,12215.717242882823
00bbac68_2478,12215.717712730986
00bbac68_2479,12215.717379056903
00bbac68_2480,12215.71621857075
00bbac68_2481,12215.715732051296
00bbac68_2482,12215.716285504086
00bbac68_2483,12215.71647630084
00bbac68_2484,12215.717294721098
00bbac68_2485,12215.718083290867
00bbac68_2486,12215.718500377534
00bbac68_2487,12215.719478196155
00bbac68_2488,12215.719603284564
00bbac68_2489,12215.719496007336
00bbac68_2490,12215.718908742012
00bbac68_2491,12215.719238978301
00bbac68_2492,12215.719399991913
00bbac68_2493,12215.719389793121
00bbac68_2494,12215.719429042509
00bbac68_2495,12215.719638262095
00bbac68_2496,12215.71934503514
00bbac68_2497,12215.719891398843
00bbac68_2498,12215.719135749872
00bbac68_2499,12215.719505559999
00bbac68_2500,12215.71931899865
00bbac68_2501,12215.719346956948
00bbac68_2502,12215.719695640706
00bbac68_2503,12215.71927941584
00bbac68_2504,12215.71974124133
00bbac68_2505,12215.719627817794
00bbac68_2506,12215.719706051295
00bbac68_2507,12215.719546581877
00bbac68_2508,12215.71958930361
00bbac68_2509,12215.719859452038
00bbac68_2510,12215.71988170109
00bbac68_2511,12215.719683862171
00bbac68_2512,12215.719775626738
00bbac68_2513,12215.719705909123
00bbac68_2514,12215.719906016322
00bbac68_2515,12215.719956759956
00bbac68_2516,12215.720031937355
00bbac68_2517,12215.7201994329
00bbac68_2518,12215.720816535424
00bbac68_2519,12215.722396919187
00bbac68_2520,12215.72255813337
00bbac68_2521,12215.723225213074
00bbac68_2522,12215.722831957577
00bbac68_2523,12215.723126786175
00bbac68_2524,12215.722201643104
00bbac68_2525,12215.722536382418
00bbac68_2526,12215.721632327699
00bbac68_2527,12215.722227094844
00bbac68_2528,12215.723156359822
00bbac68_2529,12215.724501553403
00bbac68_2530,12215.723965577268
00bbac68_2531,12215.7245533276
00bbac68_2532,12215.723539057697
00bbac68_2533,12215.723715759628
00bbac68_2534,12215.72401440104
00bbac68_2535,12215.724051462783
00bbac68_2536,12215.723637474232
00bbac68_2537,12215.723930044205
00bbac68_2538,12215.724291681716
00bbac68_2539,12215.724056238087
00bbac68_2540,12215.725152559615
00bbac68_2541,12215.724930900968
00bbac68_2542,12215.725049485816
00bbac68_2543,12215.725225217557
00bbac68_2544,12215.727021088931
00bbac68_2545,12215.725771354266
00bbac68_2546,12215.725837948316
00bbac68_2547,12215.724596921535
00bbac68_2548,12215.72485530866
00bbac68_2549,12215.725548395107
00bbac68_2550,12215.725991666102
00bbac68_2551,12215.725378743104
00bbac68_2552,12215.725742504963
00bbac68_2553,12215.728510045996
00bbac68_2554,12215.729476944976
00bbac68_2555,12215.729935812591
00bbac68_2556,12215.729531733334
00bbac68_2557,12215.730557700841
00bbac68_2558,12215.729933564995
00bbac68_2559,12215.730001316664
00bbac68_2560,12215.72782564216
00bbac68_2561,12215.728190287693
00bbac68_2562,12215.727134463377
00bbac68_2563,12215.729202443523
00bbac68_2564,12215.72729466191
00bbac68_2565,12215.729663044458
00bbac68_2566,12215.728193282073
00bbac68_2567,12215.730234318888
00bbac68_2568,12215.728321712722
00bbac68_2569,12215.730408355696
00bbac68_2570,12215.728976489616
00bbac68_2571,12215.730238797234
00bbac68_2572,12215.728455235709
00bbac68_2573,12215.73002942055
00bbac68_2574,12215.728710564617
00bbac68_2575,12215.730603990485
00bbac68_2576,12215.728771366688
00bbac68_2577,12215.730999905882
00bbac68_2578,12215.729626609456
00bbac68_2579,12215.731954959288
00bbac68_2580,12215.7309844632
00bbac68_2581,12215.731456217527
00bbac68_2582,12215.730493281739
00bbac68_2583,12215.731352716375
00bbac68_2584,12215.73102047128
00bbac68_2585,12215.730776385044
00bbac68_2586,12215.730868784274
00bbac68_2587,12215.732507403738
00bbac68_2588,12215.731463886514
00bbac68_2589,12215.732619686012
00bbac68_2590,12215.733316816608
00bbac68_2591,12215.73240537277
00bbac68_2592,12215.732234567378
00bbac68_2593,12215.731807759108
00bbac68_2594,12215.732966554317
00bbac68_2595,12215.731418166302
00bbac68_2596,12215.73282928842
00bbac68_2597,12215.733450058007
00bbac68_2598,12215.733413814998
00bbac68_2599,12215.733847519312
00bbac68_2600,12215.735164305439
00bbac68_2601,12215.733824812181
00bbac68_2602,12215.73437429039
00bbac68_2603,12215.734124495966
00bbac68_2604,12215.734436864834
00bbac68_2605,12215.733426257239
00bbac68_2606,12215.734693766808
00bbac68_2607,12215.73426325817
00bbac68_2608,12215.734376763456
00bbac68_2609,12215.735322417744
00bbac68_2610,12215.735455736147
00bbac68_2611,12215.73497191672
00bbac68_2612,12215.736154229518
00bbac68_2613,12215.735786741443
00bbac68_2614,12215.735573083937
00bbac68_2615,12215.736103734787
00bbac68_2616,12215.735846791256
00bbac68_2617,12215.735258145294
00bbac68_2618,12215.736425612477
00bbac68_2619,12215.736191606067
00bbac68_2620,12215.73596235129
00bbac68_2621,12215.736550997703
00bbac68_2622,12215.73661388467
00bbac68_2623,12215.735945692797
00bbac68_2624,12215.736842973332
00bbac68_2625,12215.736574592433
00bbac68_2626,12215.736220031085
00bbac68_2627,12215.737336141327
00bbac68_2628,12215.737337765342
00bbac68_2629,12215.737019458778
00bbac68_2630,12215.738499604537
00bbac68_2631,12215.738475848146
00bbac68_2632,12215.739546069883
00bbac68_2633,12215.739126419652
00bbac68_2634,12215.739950712486
00bbac68_2635,12215.739271272392
00bbac68_2636,12215.739241777552
00bbac68_2637,12215.738854924894
00bbac68_2638,12215.738805617222
00bbac68_2639,12215.738649973868
00bbac68_2640,12215.740445677613
00bbac68_2641,12215.739670424591
00bbac68_2642,12215.741245094205
00bbac68_2643,12215.740580794209
00bbac68_2644,12215.741025910302
00bbac68_2645,12215.741450282076
00bbac68_2646,12215.74035342817
00bbac68_2647,12215.74099684005
00bbac68_2648,12215.740519188847
00bbac68_2649,12215.741332430654
00bbac68_2650,12215.741054819922
00bbac68_2651,12215.741722945568
00bbac68_2652,12215.741061656083
00bbac68_2653,12215.743044944378
00bbac68_2654,12215.74236266729
00bbac68_2655,12215.743572827196
00bbac68_2656,12215.742529331204
00bbac68_2657,12215.742754336628
00bbac68_2658,12215.741758993641
00bbac68_2659,12215.742878538253
00bbac68_2660,12215.740896062023
00bbac68_2661,12215.742926786239
00bbac68_2662,12215.741485937726
00bbac68_2663,12215.742829514413
00bbac68_2664,12215.742512573484
00bbac68_2665,12215.74305934515
00bbac68_2666,12215.742202125852
00bbac68_2667,12215.74277507058
00bbac68_2668,12215.743350412036
00bbac68_2669,12215.744203241855
00bbac68_2670,12215.744195017656
00bbac68_2671,12215.744314203286
00bbac68_2672,12215.743977373126
00bbac68_2673,12215.74341994648
00bbac68_2674,12215.744360613451
00bbac68_2675,12215.743722276326
00bbac68_2676,12215.74373470885
00bbac68_2677,12215.743286256045
00bbac68_2678,12215.74423452228
00bbac68_2679,12215.744203311528
00bbac68_2680,12215.744930666842
00bbac68_2681,12215.744263813725
00bbac68_2682,12215.745547738345
00bbac68_2683,12215.745430700994
00bbac68_2684,12215.74652505104
00bbac68_2685,12215.746355400312
00bbac68_2686,12215.746451758281
00bbac68_2687,12215.744905944033
00bbac68_2688,12215.745806033612
00bbac68_2689,12215.744241628126
00bbac68_2690,12215.745231767163
00bbac68_2691,12215.744047518194
00bbac68_2692,12215.744991445406
00bbac68_2693,12215.744224474955
00bbac68_2694,12215.745202056247
00bbac68_2695,12215.744796316692
00bbac68_2696,12215.745703167126
00bbac68_2697,12215.746547413946
00bbac68_2698,12215.746952151692
00bbac68_2699,12215.746896414268
00bbac68_2700,12215.746708759503
00bbac68_2701,12215.746353867537
00bbac68_2702,12215.746554144982
00bbac68_2703,12215.747373368926
00bbac68_2704,12215.74733122745
00bbac68_2705,12215.747634101615
00bbac68_2706,12215.748075335458
00bbac68_2707,12215.750060725622
00bbac68_2708,12215.748616645493
00bbac68_2709,12215.74853390087
00bbac68_2710,12215.74664364661
00bbac68_2711,12215.747978484873
00bbac68_2712,12215.746872517639
00bbac68_2713,12215.748945258554
00bbac68_2714,12215.74782532056
00bbac68_2715,12215.749012663195
00bbac68_2716,12215.749164480962
00bbac68_2717,12215.7498673569
00bbac68_2718,12215.748294205001
00bbac68_2719,12215.749194123586
00bbac68_2720,12215.747520329334
00bbac68_2721,12215.749886561918
00bbac68_2722,12215.747266227307
00bbac68_2723,12215.749205658196
00bbac68_2724,12215.748521484486
00bbac68_2725,12215.749428463852
00bbac68_2726,12215.749782415385
00bbac68_2727,12215.749095608382
00bbac68_2728,12215.750277386353
00bbac68_2729,12215.750747795983
00bbac68_2730,12215.750059052349
00bbac68_2731,12215.751218112968
00bbac68_2732,12215.749132665731
00bbac68_2733,12215.75090030206
00bbac68_2734,12215.749502352415
00bbac68_2735,12215.751040790154
00bbac68_2736,12215.750737760587
00bbac68_2737,12215.75075275973
00bbac68_2738,12215.751390597052
00bbac68_2739,12215.750252669644
00bbac68_2740,12215.750812545692
00bbac68_2741,12215.750655127216
00bbac68_2742,12215.749390859623
00bbac68_2743,12215.749965428327
00bbac68_2744,12215.747890002924
00bbac68_2745,12215.750882411116
00bbac68_2746,12215.750979590579
00bbac68_2747,12215.752452222448
00bbac68_2748,12215.753505480185
00bbac68_2749,12215.753674792528
00bbac68_2750,12215.756153462953
00bbac68_2751,12215.755645950652
00bbac68_2752,12215.754540141017
00bbac68_2753,12215.753450058515
00bbac68_2754,12215.750665319567
00bbac68_2755,12215.751636120509
00bbac68_2756,12215.749915794493
00bbac68_2757,12215.749279788062
00bbac68_2758,12215.750000936223
00bbac68_2759,12215.748994203303
00bbac68_2760,12215.75130362788
00bbac68_2761,12215.750461696683
00bbac68_2762,12215.750411126912
00bbac68_2763,12215.750115007144
00bbac68_2764,12215.748630851514
00bbac68_2765,12215.749472926573
00bbac68_2766,12215.748158152226
00bbac68_2767,12215.747962362453
00bbac68_2768,12215.74875652254
00bbac68_2769,12215.747563825706
00bbac68_2770,12215.749104181785
00bbac68_2771,12215.748220410658
00bbac68_2772,12215.74785988927
00bbac68_2773,12215.748199081867
00bbac68_2774,12215.747037322917
00bbac68_2775,12215.748869831392
00bbac68_2776,12215.74817673949
00bbac68_2777,12215.748148968485
00bbac68_2778,12215.748248367036
00bbac68_2779,12215.74689660226
00bbac68_2780,12215.7481142155
00bbac68_2781,12215.747235856215
00bbac68_2782,12215.746730848019
00bbac68_2783,12215.74716676072
00bbac68_2784,12215.745923254757
00bbac68_2785,12215.74809579095
00bbac68_2786,12215.747002583405
00bbac68_2787,12215.746887647003
00bbac68_2788,12215.746813835523
00bbac68_2789,12215.745707601844
00bbac68_2790,12215.747720505442
00bbac68_2791,12215.747180324517
00bbac68_2792,12215.74718292741
00bbac68_2793,12215.747029436425
00bbac68_2794,12215.745890623351
00bbac68_2795,12215.747515181822
00bbac68_2796,12215.746420823121
00bbac68_2797,12215.746026966739
00bbac68_2798,12215.746446787205
00bbac68_2799,12215.745488071323
00bbac68_2800,12215.747948037395
00bbac68_2801,12215.747373137943
00bbac68_2802,12215.747376636891
00bbac68_2803,12215.746873323766
00bbac68_2804,12215.745668247224
00bbac68_2805,12215.747317365745
00bbac68_2806,12215.746642921968
00bbac68_2807,12215.746098484698
00bbac68_2808,12215.746898805775
00bbac68_2809,12215.745503391685
00bbac68_2810,12215.747383352154
00bbac68_2811,12215.746510136647
00bbac68_2812,12215.746524405426
00bbac68_2813,12215.746400173888
00bbac68_2814,12215.745419555884
00bbac68_2815,12215.747351973452
00bbac68_2816,12215.746282686356
00bbac68_2817,12215.746008382353
00bbac68_2818,12215.745956367493
00bbac68_2819,12215.74432023618
00bbac68_2820,12215.745634356961
00bbac68_2821,12215.744596231318
00bbac68_2822,12215.744272848511
00bbac68_2823,12215.744481524613
00bbac68_2824,12215.74325654591
00bbac68_2825,12215.744687941331
00bbac68_2826,12215.743740486787
00bbac68_2827,12215.743167355813
00bbac68_2828,12215.742210624961
00bbac68_2829,12215.74031954976
00bbac68_2830,12215.740083863875
00bbac68_2831,12215.7369751691
00bbac68_2832,12215.73654328797
00bbac68_2833,12215.733808638393
00bbac68_2834,12215.732008728766
00bbac68_2835,12215.731253788712
00bbac68_2836,12215.728945427229
00bbac68_2837,12215.726528793457
00bbac68_2838,12215.724066449751
00bbac68_2839,12215.721360643629
00bbac68_2840,12215.719369091756
00bbac68_2841,12215.716497306265
00bbac68_2842,12215.715800816894
00bbac68_2843,12215.712878589187
00bbac68_2844,12215.712432236014
00bbac68_2845,12215.71058271715
00bbac68_2846,12215.708980871092
00bbac68_2847,12215.706223759622
00bbac68_2848,12215.705098632114
00bbac68_2849,12215.702964560805
00bbac68_2850,12215.70061148494
00bbac68_2851,12215.69875168605
00bbac68_2852,12215.696968650464
00bbac68_2853,12215.694523924707
00bbac68_2854,12215.692409915708
00bbac68_2855,12215.690355549912
00bbac68_2856,12215.687968549948
00bbac68_2857,12215.685570713222
00bbac68_2858,12215.685314029179
00bbac68_2859,12215.682740066939
00bbac68_2860,12215.680642941035
00bbac68_2861,12215.678839424943
00bbac68_2862,12215.676762188152
00bbac68_2863,12215.6745773416
00bbac68_2864,12215.672678316272
00bbac68_2865,12215.670978633123
00bbac68_2866,12215.668856381275
00bbac68_2867,12215.667568816309
00bbac68_2868,12215.666392540514
00bbac68_2869,12215.663985447965
00bbac68_2870,12215.661422307505
00bbac68_2871,12215.65952212881
00bbac68_2872,12215.657308256297
00bbac68_2873,12215.655012676216
00bbac68_2874,12215.653015817548
00bbac68_2875,12215.650690494414
00bbac68_2876,12215.649324422611
00bbac68_2877,12215.647470401178
00bbac68_2878,12215.646411079852
00bbac68_2879,12215.644235363307
00bbac68_2880,12215.642462898362
00bbac68_2881,12215.641635175096
00bbac68_2882,12215.639223765706
00bbac68_2883,12215.636668494188
00bbac68_2884,12215.63457586155
00bbac68_2885,12215.631922165794
00bbac68_2886,12215.6301126986
00bbac68_2887,12215.627791836203
00bbac68_2888,12215.626432753797
00bbac68_2889,12215.624613503689
00bbac68_2890,12215.623307420676
00bbac68_2891,12215.62216845675
00bbac68_2892,12215.619660852706
00bbac68_2893,12215.617116164436
00bbac68_2894,12215.615160754998
00bbac68_2895,12215.612761310122
00bbac68_2896,12215.61037748163
00bbac68_2897,12215.60823549088
00bbac68_2898,12215.606423829167
00bbac68_2899,12215.60468534986
00bbac68_2900,12215.602664999307
00bbac68_2901,12215.6010751955
00bbac68_2902,12215.599096120979
00bbac68_2903,12215.597143142717
00bbac68_2904,12215.595673591197
00bbac68_2905,12215.59404588853
00bbac68_2906,12215.592541183989
00bbac68_2907,12215.590906401128
00bbac68_2908,12215.58906109512
00bbac68_2909,12215.587001067834
00bbac68_2910,12215.5849617481
00bbac68_2911,12215.58307101582
00bbac68_2912,12215.580311211987
00bbac68_2913,12215.578083999868
00bbac68_2914,12215.576332366149
00bbac68_2915,12215.575305823379
00bbac68_2916,12215.573539540004
00bbac68_2917,12215.572511136159
00bbac68_2918,12215.57176084877
00bbac68_2919,12215.57033067218
00bbac68_2920,12215.56948983765
00bbac68_2921,12215.568091243596
00bbac68_2922,12215.566942201829
00bbac68_2923,12215.566059593457
00bbac68_2924,12215.564930419954
00bbac68_2925,12215.56478884183
00bbac68_2926,12215.56385564707
00bbac68_2927,12215.564766721945
00bbac68_2928,12215.564963830751
00bbac68_2929,12215.56527116575
00bbac68_2930,12215.565705209781
00bbac68_2931,12215.56525398112
00bbac68_2932,12215.565938646008
00bbac68_2933,12215.565151216546
00bbac68_2934,12215.565023354553
00bbac68_2935,12215.564839473811
00bbac68_2936,12215.563887334407
00bbac68_2937,12215.564518589246
00bbac68_2938,12215.564337690372
00bbac68_2939,12215.565282288855
00bbac68_2940,12215.564904037654
00bbac68_2941,12215.564046350733
00bbac68_2942,12215.564539215176
00bbac68_2943,12215.56383876262
00bbac68_2944,12215.563386157388
00bbac68_2945,12215.56287425554
00bbac68_2946,12215.56217361604
00bbac68_2947,12215.562204194677
00bbac68_2948,12215.56263441998
00bbac68_2949,12215.563240334513
00bbac68_2950,12215.562915599523
00bbac68_2951,12215.563363245155
00bbac68_2952,12215.563778302989
00bbac68_2953,12215.563273811986
00bbac68_2954,12215.563485490304
00bbac68_2955,12215.563439496022
00bbac68_2956,12215.56227920898
00bbac68_2957,12215.561306994825
00bbac68_2958,12215.56200895591
00bbac68_2959,12215.561768217553
00bbac68_2960,12215.561588612378
00bbac68_2961,12215.563035139872
00bbac68_2962,12215.563115455387
00bbac68_2963,12215.562944205227
00bbac68_2964,12215.562890324236
00bbac68_2965,12215.562879354298
00bbac68_2966,12215.562179846209
00bbac68_2967,12215.561394796587
00bbac68_2968,12215.56121498943
00bbac68_2969,12215.560374336466
00bbac68_2970,12215.56089443123
00bbac68_2971,12215.561618989865
00bbac68_2972,12215.561153914136
00bbac68_2973,12215.560533965105
00bbac68_2974,12215.561211041415
00bbac68_2975,12215.561997558136
00bbac68_2976,12215.561409935923
00bbac68_2977,12215.560528492759
00bbac68_2978,12215.559732899084
00bbac68_2979,12215.559525466968
00bbac68_2980,12215.561091231211
00bbac68_2981,12215.561267856549
00bbac68_2982,12215.561084493766
00bbac68_2983,12215.560969823313
00bbac68_2984,12215.56147420395
00bbac68_2985,12215.56110458382
00bbac68_2986,12215.561597235199
00bbac68_2987,12215.56145861512
00bbac68_2988,12215.561046440756
00bbac68_2989,12215.560864407897
00bbac68_2990,12215.561189541266
00bbac68_2991,12215.560458699369
00bbac68_2992,12215.559582172296
00bbac68_2993,12215.559016313575
00bbac68_2994,12215.559028476368
00bbac68_2995,12215.560686290675
00bbac68_2996,12215.562495712997
00bbac68_2997,12215.562801664495
00bbac68_2998,12215.562487290019
00bbac68_2999,12215.561720840373
00bbac68_3000,12215.560720339821
00bbac68_3001,12215.559661866084
00bbac68_3002,12215.558661855348
00bbac68_3003,12215.558129736506
00bbac68_3004,12215.558171759389
00bbac68_3005,12215.559158383136
00bbac68_3006,12215.55989605694
00bbac68_3007,12215.560453189475
00bbac68_3008,12215.560812331414
00bbac68_3009,12215.561097592203
00bbac68_3010,12215.561613580841
00bbac68_3011,12215.562042894868
00bbac68_3012,12215.56248152175
00bbac68_3013,12215.562948549677
00bbac68_3014,12215.563217293255
00bbac68_3015,12215.56337403672
00bbac68_3016,12215.563713067313
00bbac68_3017,12215.563458848406
00bbac68_3018,12215.56297620391
00bbac68_3019,12215.562559824371
00bbac68_3020,12215.562656307226
00bbac68_3021,12215.562875673866
00bbac68_3022,12215.563384878144
00bbac68_3023,12215.563999901093
00bbac68_3024,12215.564466280513
00bbac68_3025,12215.564631374815
00bbac68_3026,12215.564512071116
00bbac68_3027,12215.564160414913
00bbac68_3028,12215.563907038564
00bbac68_3029,12215.563816826087
00bbac68_3030,12215.564299508416
00bbac68_3031,12215.564697802463
00bbac68_3032,12215.564838379632
00bbac68_3033,12215.56507405568
00bbac68_3034,12215.565354635299
00bbac68_3035,12215.565214705852
00bbac68_3036,12215.56488466782
00bbac68_3037,12215.56466122621
00bbac68_3038,12215.564412652115
00bbac68_3039,12215.563068079473
00bbac68_3040,12215.562947182
00bbac68_3041,12215.563382661818
00bbac68_3042,12215.56416509054
00bbac68_3043,12215.565614280476
00bbac68_3044,12215.567461264596
00bbac68_3045,12215.568758166944
00bbac68_3046,12215.569706304514
00bbac68_3047,12215.570539749217
00bbac68_3048,12215.570055379689
00bbac68_3049,12215.567276367437
00bbac68_3050,12215.56626357995
00bbac68_3051,12215.565873502244
00bbac68_3052,12215.56604132878
00bbac68_3053,12215.566765753993
00bbac68_3054,12215.5679038257
00bbac68_3055,12215.568960357978
00bbac68_3056,12215.56984054749
00bbac68_3057,12215.569559705713
00bbac68_3058,12215.569039292925
00bbac68_3059,12215.568253004174
00bbac68_3060,12215.568440407646
00bbac68_3061,12215.568604169739
00bbac68_3062,12215.568681976878
00bbac68_3063,12215.568906497652
00bbac68_3064,12215.5683902654
00bbac68_3065,12215.568589743081
00bbac68_3066,12215.569168150943
00bbac68_3067,12215.56925907372
00bbac68_3068,12215.570066754284
00bbac68_3069,12215.570865741953
00bbac68_3070,12215.57056500561
00bbac68_3071,12215.572878470253
00bbac68_3072,12215.5765663618
00bbac68_3073,12215.57934021298
00bbac68_3074,12215.580357250265
00bbac68_3075,12215.580364892623
00bbac68_3076,12215.58038727945
00bbac68_3077,12215.579555879176
00bbac68_3078,12215.577236993784
00bbac68_3079,12215.574031259835
00bbac68_3080,12215.569921429935
00bbac68_3081,12215.570160694311
00bbac68_3082,12215.572161435157
00bbac68_3083,12215.573780714587
00bbac68_3084,12215.574676641012
00bbac68_3085,12215.573068237936
00bbac68_3086,12215.573828611088
00bbac68_3087,12215.57500019832
00bbac68_3088,12215.576250105943
00bbac68_3089,12215.575268238652
00bbac68_3090,12215.57430193034
00bbac68_3091,12215.574941310597
00bbac68_3092,12215.57597341067
00bbac68_3093,12215.575521864383
00bbac68_3094,12215.575320154112
00bbac68_3095,12215.574432749276
00bbac68_3096,12215.575785787332
00bbac68_3097,12215.575789470298
00bbac68_3098,12215.577244673386
00bbac68_3099,12215.577615651502
00bbac68_3100,12215.579427799621
00bbac68_3101,12215.580037932115
00bbac68_3102,12215.579861856382
00bbac68_3103,12215.578806713285
00bbac68_3104,12215.579710952701
00bbac68_3105,12215.579114859738
00bbac68_3106,12215.579005571835
00bbac68_3107,12215.578305367888
00bbac68_3108,12215.578813715154
00bbac68_3109,12215.580942075669
00bbac68_3110,12215.582570633258
00bbac68_3111,12215.581962998629
00bbac68_3112,12215.582274866101
00bbac68_3113,12215.582469364886
00bbac68_3114,12215.581682247142
00bbac68_3115,12215.580078049006
00bbac68_3116,12215.579568001507
00bbac68_3117,12215.578560856782
00bbac68_3118,12215.578253044354
00bbac68_3119,12215.579669581515
00bbac68_3120,12215.578817164855
00bbac68_3121,12215.578692180145
00bbac68_3122,12215.579791054843
00bbac68_3123,12215.57924284099
00bbac68_3124,12215.57875673629
00bbac68_3125,12215.580009829258
00bbac68_3126,12215.580312869653
00bbac68_3127,12215.580524155768
00bbac68_3128,12215.58028250778
00bbac68_3129,12215.580756148409
00bbac68_3130,12215.580644553756
00bbac68_3131,12215.581016093456
00bbac68_3132,12215.581683999078
00bbac68_3133,12215.581116778865
00bbac68_3134,12215.582453050238
00bbac68_3135,12215.583742605077
00bbac68_3136,12215.585119386458
00bbac68_3137,12215.586914021926
00bbac68_3138,12215.587282331422
00bbac68_3139,12215.58938580235
00bbac68_3140,12215.589974610788
00bbac68_3141,12215.590387865388
00bbac68_3142,12215.5911908528
00bbac68_3143,12215.591657965826
00bbac68_3144,12215.591952059458
00bbac68_3145,12215.592443051766
00bbac68_3146,12215.593636058478
00bbac68_3147,12215.59503422388
00bbac68_3148,12215.595342561379
00bbac68_3149,12215.596956584852
00bbac68_3150,12215.59756335479
00bbac68_3151,12215.599516757382
00bbac68_3152,12215.600439118527
00bbac68_3153,12215.602680905296
00bbac68_3154,12215.603712980266
00bbac68_3155,12215.60585014757
00bbac68_3156,12215.606824143544
00bbac68_3157,12215.60904757808
00bbac68_3158,12215.610331896012
00bbac68_3159,12215.612732787402
00bbac68_3160,12215.613787132672
00bbac68_3161,12215.616807039347
00bbac68_3162,12215.619072667487
00bbac68_3163,12215.62195782662
00bbac68_3164,12215.62471330212
00bbac68_3165,12215.627546341391
00bbac68_3166,12215.63091363723
00bbac68_3167,12215.634841749616
00bbac68_3168,12215.639657882202
00bbac68_3169,12215.644562190357
00bbac68_3170,12215.649724309682
00bbac68_3171,12215.658067488352
00bbac68_3172,12215.664375385666
00bbac68_3173,12215.669802725608
00bbac68_3174,12215.677313573233
00bbac68_3175,12215.684969036862
00bbac68_3176,12215.694897677984
00bbac68_3177,12215.70343304336
00bbac68_3178,12215.712855937523
00bbac68_3179,12215.723851259903
00bbac68_3180,12215.736179166004
00bbac68_3181,12215.749501952767
00bbac68_3182,12215.76178851127
00bbac68_3183,12215.771896450955
00bbac68_3184,12215.782774903633
00bbac68_3185,12215.793925475402
00bbac68_3186,12215.803629661534
00bbac68_3187,12215.81106093039
00bbac68_3188,12215.820847793933
00bbac68_3189,12215.83382263098
00bbac68_3190,12215.848519834217
00bbac68_3191,12215.867850292852
00bbac68_3192,12215.891550426719
00bbac68_3193,12215.911426388207
00bbac68_3194,12215.929240088512
00bbac68_3195,12215.945177040325
00bbac68_3196,12215.953702324174
00bbac68_3197,12215.96114279377
00bbac68_3198,12215.980671033609
00bbac68_3199,12216.009834355504
00bbac68_3200,12216.044842289664
00bbac68_3201,12216.084318279887
00bbac68_3202,12216.124214887834
00bbac68_3203,12216.15813935779
00bbac68_3204,12216.183338045095
00bbac68_3205,12216.197773201435
00bbac68_3206,12216.2003842641
00bbac68_3207,12216.200441143024
00bbac68_3208,12216.207631129306
00bbac68_3209,12216.215262536134
00bbac68_3210,12216.220930014462
00bbac68_3211,12216.226422649102
00bbac68_3212,12216.234133343263
00bbac68_3213,12216.241450259018
00bbac68_3214,12216.2455516908
00bbac68_3215,12216.248732729551
00bbac68_3216,12216.25326839473
00bbac68_3217,12216.257989614513
00bbac68_3218,12216.262817227233
00bbac68_3219,12216.268526834727
00bbac68_3220,12216.273618163392
00bbac68_3221,12216.279820256357
00bbac68_3222,12216.285966718506
00bbac68_3223,12216.290663489022
00bbac68_3224,12216.292661709937
00bbac68_3225,12216.294496645913
00bbac68_3226,12216.298263208893
00bbac68_3227,12216.300495177431
00bbac68_3228,12216.30344871701
00bbac68_3229,12216.309985611832
00bbac68_3230,12216.315260494102
00bbac68_3231,12216.32010887388
00bbac68_3232,12216.324096860035
00bbac68_3233,12216.330045203129
00bbac68_3234,12216.333232201145
00bbac68_3235,12216.33549165832
00bbac68_3236,12216.340455937167
00bbac68_3237,12216.344119072899
00bbac68_3238,12216.346427935341
00bbac68_3239,12216.35048665167
00bbac68_3240,12216.352535622675
00bbac68_3241,12216.354932886064
00bbac68_3242,12216.357093090537
00bbac68_3243,12216.359885122145
00bbac68_3244,12216.362456803667
00bbac68_3245,12216.3643845968
00bbac68_3246,12216.367798906304
00bbac68_3247,12216.371725698067
00bbac68_3248,12216.3729062238
00bbac68_3249,12216.372347325572
00bbac68_3250,12216.371258187763
00bbac68_3251,12216.371249433269
00bbac68_3252,12216.371743862286
00bbac68_3253,12216.372481164752
00bbac68_3254,12216.37566292
00bbac68_3255,12216.378636941015
00bbac68_3256,12216.380562781225
00bbac68_3257,12216.386556806097
00bbac68_3258,12216.389380536437
00bbac68_3259,12216.38941080957
00bbac68_3260,12216.390622238177
00bbac68_3261,12216.390194434061
00bbac68_3262,12216.393919693255
00bbac68_3263,12216.39824969197
00bbac68_3264,12216.398342677941
00bbac68_3265,12216.395801689043
00bbac68_3266,12216.390915837574
00bbac68_3267,12216.39167793162
00bbac68_3268,12216.391894751794
00bbac68_3269,12216.39460162809
00bbac68_3270,12216.39724588164
00bbac68_3271,12216.401260729577
00bbac68_3272,12216.409274390822
00bbac68_3273,12216.41544061806
00bbac68_3274,12216.412367351573
00bbac68_3275,12216.408618561012
00bbac68_3276,12216.407007128842
00bbac68_3277,12216.406493312354
00bbac68_3278,12216.406906033115
00bbac68_3279,12216.408102053454
00bbac68_3280,12216.408539826163
00bbac68_3281,12216.411096349482
00bbac68_3282,12216.414701879561
00bbac68_3283,12216.417694186675
00bbac68_3284,12216.419765716382
00bbac68_3285,12216.423974815032
00bbac68_3286,12216.430830288878
00bbac68_3287,12216.431951815724
00bbac68_3288,12216.432116972728
00bbac68_3289,12216.427816742718
00bbac68_3290,12216.42153399509
00bbac68_3291,12216.423981485768
00bbac68_3292,12216.431160096014
00bbac68_3293,12216.440870518403
00bbac68_3294,12216.456011276363
00bbac68_3295,12216.472548397742
00bbac68_3296,12216.490955904723
00bbac68_3297,12216.503865379937
00bbac68_3298,12216.514211277967
00bbac68_3299,12216.516832323694
00bbac68_3300,12216.5145564292
00bbac68_3301,12216.513925605253
00bbac68_3302,12216.5144493609
00bbac68_3303,12216.518228825673
00bbac68_3304,12216.52451301963
00bbac68_3305,12216.533922132932
00bbac68_3306,12216.544013433104
00bbac68_3307,12216.555646073259
00bbac68_3308,12216.569149325904
00bbac68_3309,12216.577779421026
00bbac68_3310,12216.583215212298
00bbac68_3311,12216.58450124846
00bbac68_3312,12216.58539415343
00bbac68_3313,12216.587826950868
00bbac68_3314,12216.58855990832
00bbac68_3315,12216.588195352138
00bbac68_3316,12216.583255409994
00bbac68_3317,12216.578704643909
00bbac68_3318,12216.575697826318
00bbac68_3319,12216.571541189765
00bbac68_3320,12216.566444547541
00bbac68_3321,12216.558603188088
00bbac68_3322,12216.551909806492
00bbac68_3323,12216.550780270514
00bbac68_3324,12216.548771878939
00bbac68_3325,12216.547615756179
00bbac68_3326,12216.546040031208
00bbac68_3327,12216.54302687784
00bbac68_3328,12216.541272912391
00bbac68_3329,12216.540219769468
00bbac68_3330,12216.538054834331
00bbac68_3331,12216.53218287582
00bbac68_3332,12216.5276429714
00bbac68_3333,12216.523643993532
00bbac68_3334,12216.519506555946
00bbac68_3335,12216.5143237499
00bbac68_3336,12216.507892545964
00bbac68_3337,12216.500419109976
00bbac68_3338,12216.495386566508
00bbac68_3339,12216.494422413536
00bbac68_3340,12216.493747389211
00bbac68_3341,12216.484417054522
00bbac68_3342,12216.47686471869
00bbac68_3343,12216.474213218795
00bbac68_3344,12216.473820589556
00bbac68_3345,12216.473007118168
00bbac68_3346,12216.475134409628
00bbac68_3347,12216.480888956146
00bbac68_3348,12216.479160122708
00bbac68_3349,12216.472814162618
00bbac68_3350,12216.461459173795
00bbac68_3351,12216.443788676643
00bbac68_3352,12216.42732956371
00bbac68_3353,12216.4149524419
00bbac68_3354,12216.408877415059
00bbac68_3355,12216.416084895605
00bbac68_3356,12216.432106789007
00bbac68_3357,12216.435883442462
00bbac68_3358,12216.42888843912
00bbac68_3359,12216.42691079901
00bbac68_3360,12216.429374874868
00bbac68_3361,12216.425698881372
00bbac68_3362,12216.419011166581
00bbac68_3363,12216.414148406564
00bbac68_3364,12216.415065579064
00bbac68_3365,12216.42630988191
00bbac68_3366,12216.435959745324
00bbac68_3367,12216.427809742301
00bbac68_3368,12216.424775013984
00bbac68_3369,12216.429451037442
00bbac68_3370,12216.436483139776
00bbac68_3371,12216.439890321939
00bbac68_3372,12216.445511434868
00bbac68_3373,12216.449191419344
00bbac68_3374,12216.451064511679
00bbac68_3375,12216.453115643491
00bbac68_3376,12216.453772714543
00bbac68_3377,12216.452170642518
00bbac68_3378,12216.451881479257
00bbac68_3379,12216.451713293423
00bbac68_3380,12216.452331826778
00bbac68_3381,12216.454315915435
00bbac68_3382,12216.455182481257
00bbac68_3383,12216.45202544647
00bbac68_3384,12216.446852967614
00bbac68_3385,12216.446789075002
00bbac68_3386,12216.451492870365
00bbac68_3387,12216.45980691044
00bbac68_3388,12216.468581469599
00bbac68_3389,12216.477689057285
00bbac68_3390,12216.485817178323
00bbac68_3391,12216.491386498523
00bbac68_3392,12216.494488087948
00bbac68_3393,12216.49172037379
00bbac68_3394,12216.492414537803
00bbac68_3395,12216.499919716069
00bbac68_3396,12216.507859790134
00bbac68_3397,12216.515527179305
00bbac68_3398,12216.524083197917
00bbac68_3399,12216.531473393326
00bbac68_3400,12216.536210263283
00bbac68_3401,12216.53733601058
00bbac68_3402,12216.53624534958
00bbac68_3403,12216.529976013762
00bbac68_3404,12216.526266874964
00bbac68_3405,12216.524206183913
00bbac68_3406,12216.521093320527
00bbac68_3407,12216.515451052715
00bbac68_3408,12216.513401485856
00bbac68_3409,12216.514052201626
00bbac68_3410,12216.51586239093
00bbac68_3411,12216.519857331266
00bbac68_3412,12216.522096611789
00bbac68_3413,12216.524291322992
00bbac68_3414,12216.501073133726
00bbac68_3415,12216.519898183962
00bbac68_3416,12216.566386489256
00bbac68_3417,12216.629703975143
00bbac68_3418,12216.706343444526
00bbac68_3419,12216.786466135538
00bbac68_3420,12216.857877661405
00bbac68_3421,12216.91402709725
00bbac68_3422,12216.943189304557
00bbac68_3423,12216.944113519377
00bbac68_3424,12216.910322149499
00bbac68_3425,12216.909388895445
00bbac68_3426,12216.907151169804
00bbac68_3427,12216.90383947839
00bbac68_3428,12216.899915809978
00bbac68_3429,12216.896804673994
00bbac68_3430,12216.892788663878
00bbac68_3431,12216.88813485887
00bbac68_3432,12216.883411953579
00bbac68_3433,12216.87846221485
00bbac68_3434,12216.87415259217
00bbac68_3435,12216.871006098178
00bbac68_3436,12216.86571032594
00bbac68_3437,12216.861657265126
00bbac68_3438,12216.856911212346
00bbac68_3439,12216.850352980236
00bbac68_3440,12216.842954130125
00bbac68_3441,12216.836011683507
00bbac68_3442,12216.829968281538
00bbac68_3443,12216.820984266627
00bbac68_3444,12216.81289938198
00bbac68_3445,12216.803588378118
00bbac68_3446,12216.792671146279
00bbac68_3447,12216.782228381526
00bbac68_3448,12216.772215089699
00bbac68_3449,12216.761651604058
00bbac68_3450,12216.755470225111
00bbac68_3451,12216.755536190418
00bbac68_3452,12216.753268451277
00bbac68_3453,12216.744578900858
00bbac68_3454,12216.73398153401
00bbac68_3455,12216.72050827301
00bbac68_3456,12216.699350758616
00bbac68_3457,12216.673189854895
00bbac68_3458,12216.650281540957
00bbac68_3459,12216.631650478772
00bbac68_3460,12216.615724428182
00bbac68_3461,12216.597401576033
00bbac68_3462,12216.576980408983
00bbac68_3463,12216.558344665817
00bbac68_3464,12216.547030428315
00bbac68_3465,12216.540616018348
00bbac68_3466,12216.534130275904
00bbac68_3467,12216.522722203681
00bbac68_3468,12216.496364188786
00bbac68_3469,12216.459243882286
00bbac68_3470,12216.415066112459
00bbac68_3471,12216.365867384266
00bbac68_3472,12216.323308509505
00bbac68_3473,12216.289535062475
00bbac68_3474,12216.268298178835
00bbac68_3475,12216.259293076342
00bbac68_3476,12216.25907659595
00bbac68_3477,12216.255556294014
00bbac68_3478,12216.241547556037
00bbac68_3479,12216.229390799792
00bbac68_3480,12216.221123185827
00bbac68_3481,12216.214945208867
00bbac68_3482,12216.20660120354
00bbac68_3483,12216.19601894004
00bbac68_3484,12216.186020573441
00bbac68_3485,12216.17664445861
00bbac68_3486,12216.168250532714
00bbac68_3487,12216.159749384102
00bbac68_3488,12216.152963116496
00bbac68_3489,12216.146424722629
00bbac68_3490,12216.138318488098
00bbac68_3491,12216.128580866869
00bbac68_3492,12216.115680367173
00bbac68_3493,12216.104813446384
00bbac68_3494,12216.09499243769
00bbac68_3495,12216.086027838925
00bbac68_3496,12216.078902577094
00bbac68_3497,12216.07124025854
00bbac68_3498,12216.064316044558
00bbac68_3499,12216.054131448904
00bbac68_3500,12216.04154397812
00bbac68_3501,12216.030469327266
00bbac68_3502,12216.016777424184
00bbac68_3503,12216.008814185272
00bbac68_3504,12215.99673982945
00bbac68_3505,12215.987100728762
00bbac68_3506,12215.981726233007
00bbac68_3507,12215.976401586177
00bbac68_3508,12215.967890183982
00bbac68_3509,12215.95718773425
00bbac68_3510,12215.944012363787
00bbac68_3511,12215.932416225958
00bbac68_3512,12215.917122854433
00bbac68_3513,12215.904033914758
00bbac68_3514,12215.88664758124
00bbac68_3515,12215.872367116335
00bbac68_3516,12215.862350934829
00bbac68_3517,12215.855572020486
00bbac68_3518,12215.847620810033
00bbac68_3519,12215.83877058623
00bbac68_3520,12215.829010235557
00bbac68_3521,12215.819196894165
00bbac68_3522,12215.806272402202
00bbac68_3523,12215.789176354801
00bbac68_3524,12215.769612051605
00bbac68_3525,12215.74832981445
00bbac68_3526,12215.731600487772
00bbac68_3527,12215.720165795341
00bbac68_3528,12215.710539479218
00bbac68_3529,12215.701635021314
00bbac68_3530,12215.695426664202
00bbac68_3531,12215.689431878734
00bbac68_3532,12215.68213353437
00bbac68_3533,12215.672689249983
00bbac68_3534,12215.661679168945
00bbac68_3535,12215.65060794198
00bbac68_3536,12215.642414405618
00bbac68_3537,12215.63477498775
00bbac68_3538,12215.629446573363
00bbac68_3539,12215.625985947114
00bbac68_3540,12215.623729854997
00bbac68_3541,12215.622726633183
00bbac68_3542,12215.621985724953
00bbac68_3543,12215.620777569822
00bbac68_3544,12215.619783829738
00bbac68_3545,12215.618983142254
00bbac68_3546,12215.617882028142
00bbac68_3547,12215.615703605723
00bbac68_3548,12215.614650927811
00bbac68_3549,12215.614234065475
00bbac68_3550,12215.613539817587
00bbac68_3551,12215.613422717906
00bbac68_3552,12215.613759042903
00bbac68_3553,12215.612902919853
00bbac68_3554,12215.612705923195
00bbac68_3555,12215.61230160606
00bbac68_3556,12215.612029685228
00bbac68_3557,12215.611867283777
00bbac68_3558,12215.611615794829
00bbac68_3559,12215.61112735586
00bbac68_3560,12215.610813021742
00bbac68_3561,12215.61113208473
00bbac68_3562,12215.611262394006
00bbac68_3563,12215.61103602195
00bbac68_3564,12215.611491156626
00bbac68_3565,12215.611570261033
00bbac68_3566,12215.612105627406
00bbac68_3567,12215.612872928577
00bbac68_3568,12215.613035456705
00bbac68_3569,12215.613003664894
00bbac68_3570,12215.613198872854
00bbac68_3571,12215.613413202218
00bbac68_3572,12215.612950393239
00bbac68_3573,12215.612968008443
00bbac68_3574,12215.612931060132
00bbac68_3575,12215.612935806683
00bbac68_3576,12215.613940544743
00bbac68_3577,12215.614707373737
00bbac68_3578,12215.6149951437
00bbac68_3579,12215.615126098652
00bbac68_3580,12215.615079943103
00bbac68_3581,12215.61487332904
00bbac68_3582,12215.614534603854
00bbac68_3583,12215.61512446304
00bbac68_3584,12215.615011600019
00bbac68_3585,12215.615167278513
00bbac68_3586,12215.615759569842
00bbac68_3587,12215.615768828126
00bbac68_3588,12215.616127733121
00bbac68_3589,12215.615994953681
00bbac68_3590,12215.61568073869
00bbac68_3591,12215.615871902231
00bbac68_3592,12215.615865607175
00bbac68_3593,12215.61599537882
00bbac68_3594,12215.61528050183
00bbac68_3595,12215.614892722955
00bbac68_3596,12215.6152490432
00bbac68_3597,12215.61537378669
00bbac68_3598,12215.615609599814
00bbac68_3599,12215.615996534874
00bbac68_3600,12215.616008311395
00bbac68_3601,12215.616267028265
00bbac68_3602,12215.616438971949
00bbac68_3603,12215.616094504208
00bbac68_3604,12215.615550877541
00bbac68_3605,12215.615428637419
00bbac68_3606,12215.615456868218
00bbac68_3607,12215.615438471066
00bbac68_3608,12215.615329347198
00bbac68_3609,12215.615678042086
00bbac68_3610,12215.61588335379
00bbac68_3611,12215.616129657987
00bbac68_3612,12215.616610216977
00bbac68_3613,12215.616698903144
00bbac68_3614,12215.616508763684
00bbac68_3615,12215.616375872001
00bbac68_3616,12215.616519849984
00bbac68_3617,12215.616609091112
00bbac68_3618,12215.616204375432
00bbac68_3619,12215.616314444018
00bbac68_3620,12215.616457121643
00bbac68_3621,12215.616158780602
00bbac68_3622,12215.61632355469
00bbac68_3623,12215.616518882136
00bbac68_3624,12215.616220223113
00bbac68_3625,12215.616346467246
00bbac68_3626,12215.616527454968
00bbac68_3627,12215.616119551909
00bbac68_3628,12215.616238568178
00bbac68_3629,12215.616344068694
00bbac68_3630,12215.61611506427
00bbac68_3631,12215.616800609876
00bbac68_3632,12215.617509439944
00bbac68_3633,12215.61748760334
00bbac68_3634,12215.61735269945
00bbac68_3635,12215.617784149963
00bbac68_3636,12215.617294060894
00bbac68_3637,12215.616753168084
00bbac68_3638,12215.61673546038
00bbac68_3639,12215.616049095945
00bbac68_3640,12215.615670399555
00bbac68_3641,12215.616366293856
00bbac68_3642,12215.616386627516
00bbac68_3643,12215.616235003145
00bbac68_3644,12215.6168444324
00bbac68_3645,12215.617700303332
00bbac68_3646,12215.617599000721
00bbac68_3647,12215.617472851527
00bbac68_3648,12215.61808254426
00bbac68_3649,12215.617466303385
00bbac68_3650,12215.616943695011
00bbac68_3651,12215.617289976573
00bbac68_3652,12215.617270352956
00bbac68_3653,12215.617179179233
00bbac68_3654,12215.617431828949
00bbac68_3655,12215.617812575128
00bbac68_3656,12215.617373078312
00bbac68_3657,12215.617075513506
00bbac68_3658,12215.617622658963
00bbac68_3659,12215.617436589786
00bbac68_3660,12215.61729334476
00bbac68_3661,12215.617569164351
00bbac68_3662,12215.618060994258
00bbac68_3663,12215.618111413023
00bbac68_3664,12215.617953354158
00bbac68_3665,12215.617946641314
00bbac68_3666,12215.617903439008
00bbac68_3667,12215.61805607936
00bbac68_3668,12215.618219001568
00bbac68_3669,12215.617896023894
00bbac68_3670,12215.61764273078
00bbac68_3671,12215.617351125235
00bbac68_3672,12215.617389656487
00bbac68_3673,12215.61754467284
00bbac68_3674,12215.617802478177
00bbac68_3675,12215.61789556378
00bbac68_3676,12215.618438396896
00bbac68_3677,12215.619123526434
00bbac68_3678,12215.619574021068
00bbac68_3679,12215.620182981465
00bbac68_3680,12215.620609260437
00bbac68_3681,12215.620474422254
00bbac68_3682,12215.620985109854
00bbac68_3683,12215.62190377393
00bbac68_3684,12215.622624414369
00bbac68_3685,12215.623105510069
00bbac68_3686,12215.623609276634
00bbac68_3687,12215.623979901637
00bbac68_3688,12215.623983412659
00bbac68_3689,12215.62435008045
00bbac68_3690,12215.624352075902
00bbac68_3691,12215.624891883237
00bbac68_3692,12215.626013351703
00bbac68_3693,12215.627046971867
00bbac68_3694,12215.628112147486
00bbac68_3695,12215.629341941456
00bbac68_3696,12215.630039418127
00bbac68_3697,12215.630245235025
00bbac68_3698,12215.630417670782
00bbac68_3699,12215.63088792271
00bbac68_3700,12215.631402776078
00bbac68_3701,12215.632084806746
00bbac68_3702,12215.633008711886
00bbac68_3703,12215.634329145523
00bbac68_3704,12215.634969184706
00bbac68_3705,12215.635540131025
00bbac68_3706,12215.635760712095
00bbac68_3707,12215.635898430772
00bbac68_3708,12215.635879363403
00bbac68_3709,12215.635981278147
00bbac68_3710,12215.636842559394
00bbac68_3711,12215.63728516806
00bbac68_3712,12215.638236075953
00bbac68_3713,12215.639547063493
00bbac68_3714,12215.640607487654
00bbac68_3715,12215.640989427073
00bbac68_3716,12215.64114484316
00bbac68_3717,12215.641473323409
00bbac68_3718,12215.642063157666
00bbac68_3719,12215.642388995595
00bbac68_3720,12215.643448901217
00bbac68_3721,12215.643897493279
00bbac68_3722,12215.644202505473
00bbac68_3723,12215.64498617199
00bbac68_3724,12215.646220849241
00bbac68_3725,12215.646222295756
00bbac68_3726,12215.647227899351
00bbac68_3727,12215.647563095838
00bbac68_3728,12215.647914372368
00bbac68_3729,12215.64852461237
00bbac68_3730,12215.649088029772
00bbac68_3731,12215.650100291947
00bbac68_3732,12215.650003312883
00bbac68_3733,12215.65099924236
00bbac68_3734,12215.651536616842
00bbac68_3735,12215.65232600904
00bbac68_3736,12215.652899165307
00bbac68_3737,12215.653305534674
00bbac68_3738,12215.653529393081
00bbac68_3739,12215.6555301577
00bbac68_3740,12215.655892107112
00bbac68_3741,12215.656540396343
00bbac68_3742,12215.656664683847
00bbac68_3743,12215.656859566021
00bbac68_3744,12215.65750953217
00bbac68_3745,12215.658103614038
00bbac68_3746,12215.657894720936
00bbac68_3747,12215.659192223757
00bbac68_3748,12215.659556501123
00bbac68_3749,12215.660700741035
00bbac68_3750,12215.661237123215
00bbac68_3751,12215.661671512431
00bbac68_3752,12215.662431809142
00bbac68_3753,12215.662322952418
00bbac68_3754,12215.663911638243
00bbac68_3755,12215.664194450863
00bbac68_3756,12215.664884075635
00bbac68_3757,12215.6655587254
00bbac68_3758,12215.66524881838
00bbac68_3759,12215.66559678092
00bbac68_3760,12215.66662338277
00bbac68_3761,12215.667200804512
00bbac68_3762,12215.667877727665
00bbac68_3763,12215.668407981731
00bbac68_3764,12215.669214718968
00bbac68_3765,12215.669193008382
00bbac68_3766,12215.66854716141
00bbac68_3767,12215.667965550121
00bbac68_3768,12215.668185951348
00bbac68_3769,12215.670018489393
00bbac68_3770,12215.671870413325
00bbac68_3771,12215.674126966967
00bbac68_3772,12215.675414131303
00bbac68_3773,12215.676524694223
00bbac68_3774,12215.676143233748
00bbac68_3775,12215.67505223205
00bbac68_3776,12215.672995764413
00bbac68_3777,12215.671512054454
00bbac68_3778,12215.670237083978
00bbac68_3779,12215.669650459546
00bbac68_3780,12215.668754783092
00bbac68_3781,12215.66790243738
00bbac68_3782,12215.66575899802
00bbac68_3783,12215.665309468714
00bbac68_3784,12215.66441616265
00bbac68_3785,12215.664773309902
00bbac68_3786,12215.664694703039
00bbac68_3787,12215.664794146887
00bbac68_3788,12215.664066575446
00bbac68_3789,12215.664295345265
00bbac68_3790,12215.663519272442
00bbac68_3791,12215.662307206017
00bbac68_3792,12215.660009144865
00bbac68_3793,12215.659773074654
00bbac68_3794,12215.658870196727
00bbac68_3795,12215.65904174154
00bbac68_3796,12215.65809694752
00bbac68_3797,12215.65843168422
00bbac68_3798,12215.657855918256
00bbac68_3799,12215.65772096647
00bbac68_3800,12215.65747159746
00bbac68_3801,12215.656938363547
00bbac68_3802,12215.656416997168
00bbac68_3803,12215.657212734175
00bbac68_3804,12215.656567278063
00bbac68_3805,12215.656822046314
00bbac68_3806,12215.656046772689
00bbac68_3807,12215.655598052183
00bbac68_3808,12215.654077655661
00bbac68_3809,12215.652083328565
00bbac68_3810,12215.651297674693
00bbac68_3811,12215.649881583271
00bbac68_3812,12215.649533281714
00bbac68_3813,12215.649161975369
00bbac68_3814,12215.648848463057
00bbac68_3815,12215.64905142703
00bbac68_3816,12215.648933324697
00bbac68_3817,12215.64813765035
00bbac68_3818,12215.648164163966
00bbac68_3819,12215.647053850855
00bbac68_3820,12215.646912703243
00bbac68_3821,12215.645558477288
00bbac68_3822,12215.64512137805
00bbac68_3823,12215.644370939208
00bbac68_3824,12215.643925370663
00bbac68_3825,12215.643514675134
00bbac68_3826,12215.642817850581
00bbac68_3827,12215.64182651824
00bbac68_3828,12215.642001476368
00bbac68_3829,12215.640864594698
00bbac68_3830,12215.640506825912
00bbac68_3831,12215.63994357332
00bbac68_3832,12215.639333002599
00bbac68_3833,12215.638321278806
00bbac68_3834,12215.637228476813
00bbac68_3835,12215.637250493175
00bbac68_3836,12215.636088915144
00bbac68_3837,12215.635459762867
00bbac68_3838,12215.63532997996
00bbac68_3839,12215.635173841929
00bbac68_3840,12215.634707348428
00bbac68_3841,12215.63429655954
00bbac68_3842,12215.632950265332
00bbac68_3843,12215.631573802297
00bbac68_3844,12215.630721103891
00bbac68_3845,12215.631269090682
00bbac68_3846,12215.630551425857
00bbac68_3847,12215.630070166684
00bbac68_3848,12215.629670090319
00bbac68_3849,12215.629243269112
00bbac68_3850,12215.628241620612
00bbac68_3851,12215.62723809293
00bbac68_3852,12215.626159844029
00bbac68_3853,12215.625370239568
00bbac68_3854,12215.625045748538
00bbac68_3855,12215.62528861901
00bbac68_3856,12215.624954401315
00bbac68_3857,12215.624623365064
00bbac68_3858,12215.62436725252
00bbac68_3859,12215.624097272615
00bbac68_3860,12215.624038485288
00bbac68_3861,12215.623806839947
00bbac68_3862,12215.623665608087
00bbac68_3863,12215.623621146373
00bbac68_3864,12215.623262844467
00bbac68_3865,12215.623046346587
00bbac68_3866,12215.62316357302
00bbac68_3867,12215.623273734403
00bbac68_3868,12215.623701818347
00bbac68_3869,12215.623997276154
00bbac68_3870,12215.624519857181
00bbac68_3871,12215.624910082817
00bbac68_3872,12215.625279073418
00bbac68_3873,12215.625138184743
00bbac68_3874,12215.624754239852
00bbac68_3875,12215.625064660175
00bbac68_3876,12215.625759034116
00bbac68_3877,12215.626799831523
00bbac68_3878,12215.627974288174
00bbac68_3879,12215.629340064683
00bbac68_3880,12215.63091911086
00bbac68_3881,12215.632180519466
00bbac68_3882,12215.63330862101
00bbac68_3883,12215.633915298791
00bbac68_3884,12215.634717207904
00bbac68_3885,12215.636697072327
00bbac68_3886,12215.63766880237
00bbac68_3887,12215.638518404812
00bbac68_3888,12215.638843826935
00bbac68_3889,12215.638912042392
00bbac68_3890,12215.638712305466
00bbac68_3891,12215.638410060368
00bbac68_3892,12215.63844787489
00bbac68_3893,12215.638659928649
00bbac68_3894,12215.639466095237
00bbac68_3895,12215.640999798434
00bbac68_3896,12215.641850027292
00bbac68_3897,12215.643408006175
00bbac68_3898,12215.645279858676
00bbac68_3899,12215.646204090614
00bbac68_3900,12215.646876280336
00bbac68_3901,12215.64700214507
00bbac68_3902,12215.647310820006
00bbac68_3903,12215.647329071613
00bbac68_3904,12215.647470108626
00bbac68_3905,12215.648632291932
00bbac68_3906,12215.649196631784
00bbac68_3907,12215.650411488432
00bbac68_3908,12215.65162596037
00bbac68_3909,12215.651995084529
00bbac68_3910,12215.653391959248
00bbac68_3911,12215.653393657596
00bbac68_3912,12215.653909647628
00bbac68_3913,12215.654243739144
00bbac68_3914,12215.655099792539
00bbac68_3915,12215.656945354696
00bbac68_3916,12215.656907213272
00bbac68_3917,12215.657437966418
00bbac68_3918,12215.657791796923
00bbac68_3919,12215.659306852485
00bbac68_3920,12215.660350581189
00bbac68_3921,12215.660575457034
00bbac68_3922,12215.661197182046
00bbac68_3923,12215.662362064766
00bbac68_3924,12215.663094701085
00bbac68_3925,12215.664350139888
00bbac68_3926,12215.665061692715
00bbac68_3927,12215.665671938554
00bbac68_3928,12215.666248003396
00bbac68_3929,12215.668113179618
00bbac68_3930,12215.66780586589
00bbac68_3931,12215.66864450056
00bbac68_3932,12215.669200445524
00bbac68_3933,12215.669813613982
00bbac68_3934,12215.669795026224
00bbac68_3935,12215.670952765675
00bbac68_3936,12215.671001626892
00bbac68_3937,12215.670852498431
00bbac68_3938,12215.672354280232
00bbac68_3939,12215.674876603322
00bbac68_3940,12215.67703801241
00bbac68_3941,12215.678620824357
00bbac68_3942,12215.679926402216
00bbac68_3943,12215.680790602559
00bbac68_3944,12215.680849728102
00bbac68_3945,12215.681470551746
00bbac68_3946,12215.67977335666
00bbac68_3947,12215.680219384627
00bbac68_3948,12215.680270278659
00bbac68_3949,12215.681182685508
00bbac68_3950,12215.682589369953
00bbac68_3951,12215.68245445587
00bbac68_3952,12215.684084299248
00bbac68_3953,12215.684370040895
00bbac68_3954,12215.685534907348
00bbac68_3955,12215.686104398083
00bbac68_3956,12215.68704152602
00bbac68_3957,12215.687421227729
00bbac68_3958,12215.687726522952
00bbac68_3959,12215.687429237023
00bbac68_3960,12215.688513276109
00bbac68_3961,12215.687654496722
00bbac68_3962,12215.689073860249
00bbac68_3963,12215.68787518219
00bbac68_3964,12215.68942839493
00bbac68_3965,12215.687991848117
00bbac68_3966,12215.689698957347
00bbac68_3967,12215.688128858474
00bbac68_3968,12215.689746221711
00bbac68_3969,12215.687984015058
00bbac68_3970,12215.689721751705
00bbac68_3971,12215.688075451942
00bbac68_3972,12215.689863862994
00bbac68_3973,12215.688377167065
00bbac68_3974,12215.689789154334
00bbac68_3975,12215.688068552092
00bbac68_3976,12215.689636505285
00bbac68_3977,12215.687720632111
00bbac68_3978,12215.688997213128
00bbac68_3979,12215.686756256131
00bbac68_3980,12215.687693338408
00bbac68_3981,12215.686492426797
00bbac68_3982,12215.687042245347
00bbac68_3983,12215.686820309209
00bbac68_3984,12215.687256613171
00bbac68_3985,12215.687308598994
00bbac68_3986,12215.687642297707
00bbac68_3987,12215.68806550761
00bbac68_3988,12215.688118899148
00bbac68_3989,12215.687181376645
00bbac68_3990,12215.687643870815
00bbac68_3991,12215.687072295477
00bbac68_3992,12215.687427722889
00bbac68_3993,12215.687427705772
00bbac68_3994,12215.68781472296
00bbac68_3995,12215.68743944111
00bbac68_3996,12215.686552558724
00bbac68_3997,12215.687253096916
00bbac68_3998,12215.685698502672
00bbac68_3999,12215.68611756424
00bbac68_4000,12215.685008453918
00bbac68_4001,12215.684752561761
00bbac68_4002,12215.685116324867
00bbac68_4003,12215.684169614173
00bbac68_4004,12215.684589922519
00bbac68_4005,12215.684144429171
00bbac68_4006,12215.684191246177
00bbac68_4007,12215.68523510401
00bbac68_4008,12215.684833784531
00bbac68_4009,12215.685329530645
00bbac68_4010,12215.685053872981
00bbac68_4011,12215.684809992943
00bbac68_4012,12215.684605526396
00bbac68_4013,12215.684172862577
00bbac68_4014,12215.683589151373
00bbac68_4015,12215.683934262737
00bbac68_4016,12215.683888970669
00bbac68_4017,12215.684186650768
00bbac68_4018,12215.683607061288
00bbac68_4019,12215.684626330407
00bbac68_4020,12215.684400399601
00bbac68_4021,12215.68398766999
00bbac68_4022,12215.684835274518
00bbac68_4023,12215.684514560893
00bbac68_4024,12215.68397651388
00bbac68_4025,12215.68459958076
00bbac68_4026,12215.684491424112
00bbac68_4027,12215.683559123634
00bbac68_4028,12215.684009368531
00bbac68_4029,12215.683534706208
00bbac68_4030,12215.68237777385
00bbac68_4031,12215.681873650683
00bbac68_4032,12215.682658720289
00bbac68_4033,12215.681709804921
00bbac68_4034,12215.682084796943
00bbac68_4035,12215.68299536085
00bbac68_4036,12215.682447849456
00bbac68_4037,12215.682019380529
00bbac68_4038,12215.681801902809
00bbac68_4039,12215.68192312757
00bbac68_4040,12215.681518255496
00bbac68_4041,12215.68136766124
00bbac68_4042,12215.681712801637
00bbac68_4043,12215.682183745845
00bbac68_4044,12215.682115193078
00bbac68_4045,12215.68254490805
00bbac68_4046,12215.68184563869
00bbac68_4047,12215.682357912072
00bbac68_4048,12215.681622854201
00bbac68_4049,12215.682235324177
00bbac68_4050,12215.681064557022
00bbac68_4051,12215.681396702657
00bbac68_4052,12215.680427019759
00bbac68_4053,12215.680770910512
00bbac68_4054,12215.679132173818
00bbac68_4055,12215.679574739434
00bbac68_4056,12215.678274111786
00bbac68_4057,12215.6778878843
00bbac68_4058,12215.675431484175
00bbac68_4059,12215.674166191448
00bbac68_4060,12215.67248352283
00bbac68_4061,12215.67189711866
00bbac68_4062,12215.670316843269
00bbac68_4063,12215.67016681603
00bbac68_4064,12215.669634466023
00bbac68_4065,12215.6709623315
00bbac68_4066,12215.669604992967
00bbac68_4067,12215.668875959745
00bbac68_4068,12215.66632612467
00bbac68_4069,12215.665193497094
00bbac68_4070,12215.663185422472
00bbac68_4071,12215.662368670664
00bbac68_4072,12215.661230195014
00bbac68_4073,12215.660806927355
00bbac68_4074,12215.660259708751
00bbac68_4075,12215.660685094428
00bbac68_4076,12215.659046949
00bbac68_4077,12215.656968191619
00bbac68_4078,12215.655204549577
00bbac68_4079,12215.654459935824
00bbac68_4080,12215.653027474636
00bbac68_4081,12215.651944502297
00bbac68_4082,12215.651307420685
00bbac68_4083,12215.650322697882
00bbac68_4084,12215.649077371598
00bbac68_4085,12215.648653474309
00bbac68_4086,12215.64706305875
00bbac68_4087,12215.645296796341
00bbac68_4088,12215.64539103004
00bbac68_4089,12215.644495708262
00bbac68_4090,12215.643195536904
00bbac68_4091,12215.642096436099
00bbac68_4092,12215.64139747662
00bbac68_4093,12215.640317815883
00bbac68_4094,12215.638927280434
00bbac68_4095,12215.638658275298
00bbac68_4096,12215.637302378978
00bbac68_4097,12215.636652787827
00bbac68_4098,12215.636139403268
00bbac68_4099,12215.6351716748
00bbac68_4100,12215.633378236813
00bbac68_4101,12215.631933079043
00bbac68_4102,12215.630820379934
00bbac68_4103,12215.629730127972
00bbac68_4104,12215.628268349012
00bbac68_4105,12215.627898636143
00bbac68_4106,12215.626604586194
00bbac68_4107,12215.62606939712
00bbac68_4108,12215.62531677839
00bbac68_4109,12215.624341473083
00bbac68_4110,12215.622601385128
00bbac68_4111,12215.621083564292
00bbac68_4112,12215.620274717974
00bbac68_4113,12215.619335518832
00bbac68_4114,12215.618441365461
00bbac68_4115,12215.61751563512
00bbac68_4116,12215.616015336962
00bbac68_4117,12215.614898476419
00bbac68_4118,12215.613908471654
00bbac68_4119,12215.612322607118
00bbac68_4120,12215.611013961789
00bbac68_4121,12215.609783756128
00bbac68_4122,12215.609193966693
00bbac68_4123,12215.608926334779
00bbac68_4124,12215.608155034084
00bbac68_4125,12215.607457747534
00bbac68_4126,12215.606639365586
00bbac68_4127,12215.605919282638
00bbac68_4128,12215.605059357404
00bbac68_4129,12215.604076212785
00bbac68_4130,12215.602410571082
00bbac68_4131,12215.60092965169
00bbac68_4132,12215.600024965974
00bbac68_4133,12215.599208420537
00bbac68_4134,12215.598345501274
00bbac68_4135,12215.597131118006
00bbac68_4136,12215.596049863198
00bbac68_4137,12215.595357446844
00bbac68_4138,12215.5946437364
00bbac68_4139,12215.593432303835
00bbac68_4140,12215.591830202407
00bbac68_4141,12215.590922782216
00bbac68_4142,12215.590095304076
00bbac68_4143,12215.589436113143
00bbac68_4144,12215.588142991735
00bbac68_4145,12215.587062013967
00bbac68_4146,12215.586092548156
00bbac68_4147,12215.585903891064
00bbac68_4148,12215.586009612922
00bbac68_4149,12215.58535369101
00bbac68_4150,12215.585133112556
00bbac68_4151,12215.584485511776
00bbac68_4152,12215.583745404938
00bbac68_4153,12215.582772509086
00bbac68_4154,12215.58132685953
00bbac68_4155,12215.580949832802
00bbac68_4156,12215.580182645868
00bbac68_4157,12215.580568320727
00bbac68_4158,12215.580674139754
00bbac68_4159,12215.58072641243
00bbac68_4160,12215.580531557756
00bbac68_4161,12215.57973280259
00bbac68_4162,12215.57956129334
00bbac68_4163,12215.578754921717
00bbac68_4164,12215.578393992393
00bbac68_4165,12215.57808324265
00bbac68_4166,12215.577403417201
00bbac68_4167,12215.577623234298
00bbac68_4168,12215.57717013212
00bbac68_4169,12215.576857408509
00bbac68_4170,12215.576447188685
00bbac68_4171,12215.57581717652
00bbac68_4172,12215.575402360639
00bbac68_4173,12215.574887246144
00bbac68_4174,12215.57504016421
00bbac68_4175,12215.574548970551
00bbac68_4176,12215.574053387661
00bbac68_4177,12215.574508777074
00bbac68_4178,12215.57404003927
00bbac68_4179,12215.573417702075
00bbac68_4180,12215.572890533334
00bbac68_4181,12215.571986492252
00bbac68_4182,12215.571772778501
00bbac68_4183,12215.571562998175
00bbac68_4184,12215.571422072393
00bbac68_4185,12215.570662057595
00bbac68_4186,12215.570049366514
00bbac68_4187,12215.569949894987
00bbac68_4188,12215.569186182222
00bbac68_4189,12215.569187991256
00bbac68_4190,12215.568957497191
00bbac68_4191,12215.568747120935
00bbac68_4192,12215.569000391486
00bbac68_4193,12215.568637285443
00bbac68_4194,12215.567863033215
00bbac68_4195,12215.56684900114
00bbac68_4196,12215.56608777824
00bbac68_4197,12215.56540647558
00bbac68_4198,12215.565094258392
00bbac68_4199,12215.565482488506
00bbac68_4200,12215.565489592409
00bbac68_4201,12215.565048293538
00bbac68_4202,12215.565031981667
00bbac68_4203,12215.564952693512
00bbac68_4204,12215.564889838271
00bbac68_4205,12215.564651163957
00bbac68_4206,12215.564768936678
00bbac68_4207,12215.564759175802
00bbac68_4208,12215.564808257383
00bbac68_4209,12215.564895965339
00bbac68_4210,12215.565376896167
00bbac68_4211,12215.566161560711
00bbac68_4212,12215.567093565027
00bbac68_4213,12215.567564457178
00bbac68_4214,12215.56676263419
00bbac68_4215,12215.566244177537
00bbac68_4216,12215.566145778901
00bbac68_4217,12215.565774067054
00bbac68_4218,12215.565616187501
00bbac68_4219,12215.565351603436
00bbac68_4220,12215.565408024846
00bbac68_4221,12215.564617934375
00bbac68_4222,12215.564626485135
00bbac68_4223,12215.564853378812
00bbac68_4224,12215.564580224858
00bbac68_4225,12215.564300614602
00bbac68_4226,12215.565277152706
00bbac68_4227,12215.566527082274
00bbac68_4228,12215.567861441785
00bbac68_4229,12215.567554847934
00bbac68_4230,12215.568262365317
00bbac68_4231,12215.568806377021
00bbac68_4232,12215.570710400196
00bbac68_4233,12215.571570490476
00bbac68_4234,12215.572764757897
00bbac68_4235,12215.573662034309
00bbac68_4236,12215.575187218681
00bbac68_4237,12215.577205414029
00bbac68_4238,12215.579147890985
00bbac68_4239,12215.579986345421
00bbac68_4240,12215.583494906481
00bbac68_4241,12215.586425593352
00bbac68_4242,12215.590251910315
00bbac68_4243,12215.593496523277
00bbac68_4244,12215.59641403873
00bbac68_4245,12215.599941716904
00bbac68_4246,12215.602546687951
00bbac68_4247,12215.604965287905
00bbac68_4248,12215.607198929061
00bbac68_4249,12215.608860875527
00bbac68_4250,12215.61147179393
00bbac68_4251,12215.612376354122
00bbac68_4252,12215.612570848076
00bbac68_4253,12215.611789289445
00bbac68_4254,12215.60981330479
00bbac68_4255,12215.608321775188
00bbac68_4256,12215.605948241044
00bbac68_4257,12215.602883415038
00bbac68_4258,12215.600629114148
00bbac68_4259,12215.598481904013
00bbac68_4260,12215.596333364983
00bbac68_4261,12215.593383024665
00bbac68_4262,12215.59001682258
00bbac68_4263,12215.5877592443
00bbac68_4264,12215.585884560416
00bbac68_4265,12215.584418358463
00bbac68_4266,12215.583568419523
00bbac68_4267,12215.58316118335
00bbac68_4268,12215.583493603812
00bbac68_4269,12215.583678664101
00bbac68_4270,12215.583628207405
00bbac68_4271,12215.583646143423
00bbac68_4272,12215.583698401191
00bbac68_4273,12215.58413716257
00bbac68_4274,12215.584359375825
00bbac68_4275,12215.584552196691
00bbac68_4276,12215.585346905646
00bbac68_4277,12215.586336406686
00bbac68_4278,12215.587561324395
00bbac68_4279,12215.588848370386
00bbac68_4280,12215.58985985311
00bbac68_4281,12215.591096407483
00bbac68_4282,12215.592256987198
00bbac68_4283,12215.593781534433
00bbac68_4284,12215.594512238287
00bbac68_4285,12215.595238836428
00bbac68_4286,12215.596074358313
00bbac68_4287,12215.596855813215
00bbac68_4288,12215.598013173112
00bbac68_4289,12215.599254185054
00bbac68_4290,12215.600366994591
00bbac68_4291,12215.601397009013
00bbac68_4292,12215.602303874086
00bbac68_4293,12215.60381482037
00bbac68_4294,12215.605146680613
00bbac68_4295,12215.606100296045
00bbac68_4296,12215.606781573177
00bbac68_4297,12215.608153469002
00bbac68_4298,12215.609586653394
00bbac68_4299,12215.610445076269
00bbac68_4300,12215.61069354363
00bbac68_4301,12215.610669629321
00bbac68_4302,12215.611721754754
00bbac68_4303,12215.613422168197
00bbac68_4304,12215.615071760556
00bbac68_4305,12215.61627313012
00bbac68_4306,12215.617655253216
00bbac68_4307,12215.619222632246
00bbac68_4308,12215.620359259003
00bbac68_4309,12215.62128840041
00bbac68_4310,12215.621520391116
00bbac68_4311,12215.622049354315
00bbac68_4312,12215.62321217695
00bbac68_4313,12215.624393470614
00bbac68_4314,12215.626177671693
00bbac68_4315,12215.628186320788
00bbac68_4316,12215.629661995417
00bbac68_4317,12215.630895690538
00bbac68_4318,12215.63184482361
00bbac68_4319,12215.632897651822
00bbac68_4320,12215.634306501459
00bbac68_4321,12215.635078685285
00bbac68_4322,12215.635788796266
00bbac68_4323,12215.637286285155
00bbac68_4324,12215.638436078825
00bbac68_4325,12215.639692898825
00bbac68_4326,12215.640942917595
00bbac68_4327,12215.641710617358
00bbac68_4328,12215.642952984961
00bbac68_4329,12215.643568791198
00bbac68_4330,12215.644717175292
00bbac68_4331,12215.6454780728
00bbac68_4332,12215.646306348375
00bbac68_4333,12215.648400083814
00bbac68_4334,12215.648968861464
00bbac68_4335,12215.649527247191
00bbac68_4336,12215.65055618502
00bbac68_4337,12215.650288982451
00bbac68_4338,12215.651520128922
00bbac68_4339,12215.650847398178
00bbac68_4340,12215.650345770493
00bbac68_4341,12215.650203841422
00bbac68_4342,12215.649166741541
00bbac68_4343,12215.64962253618
00bbac68_4344,12215.648318006351
00bbac68_4345,12215.647712084388
00bbac68_4346,12215.646593088175
00bbac68_4347,12215.645681989672
00bbac68_4348,12215.646153399317
00bbac68_4349,12215.645017739987
00bbac68_4350,12215.644767186019
00bbac68_4351,12215.643911031422
00bbac68_4352,12215.64282535902
00bbac68_4353,12215.642890440326
00bbac68_4354,12215.641456913467
00bbac68_4355,12215.640790071808
00bbac68_4356,12215.639385640403
00bbac68_4357,12215.6392020657
00bbac68_4358,12215.638406110631
00bbac68_4359,12215.63755347943
00bbac68_4360,12215.63713551451
00bbac68_4361,12215.636247955794
00bbac68_4362,12215.636809661673
00bbac68_4363,12215.636625422492
00bbac68_4364,12215.635732020455
00bbac68_4365,12215.634751791553
00bbac68_4366,12215.633786876853
00bbac68_4367,12215.633042158563
00bbac68_4368,12215.631514253066
00bbac68_4369,12215.630559131256
00bbac68_4370,12215.62951909945
00bbac68_4371,12215.629411308275
00bbac68_4372,12215.629706530903
00bbac68_4373,12215.629519117341
00bbac68_4374,12215.62939596179
00bbac68_4375,12215.629090559054
00bbac68_4376,12215.628656159344
00bbac68_4377,12215.628149746375
00bbac68_4378,12215.627038394676
00bbac68_4379,12215.625661219567
00bbac68_4380,12215.62452376676
00bbac68_4381,12215.623915033266
00bbac68_4382,12215.623359349796
00bbac68_4383,12215.622682611494
00bbac68_4384,12215.621721349882
00bbac68_4385,12215.621748666588
00bbac68_4386,12215.621619124759
00bbac68_4387,12215.621040513932
00bbac68_4388,12215.619926601146
00bbac68_4389,12215.61917454286
00bbac68_4390,12215.618542913346
00bbac68_4391,12215.617875125692
00bbac68_4392,12215.61705530505
00bbac68_4393,12215.615823173424
00bbac68_4394,12215.615256785612
00bbac68_4395,12215.6151765863
00bbac68_4396,12215.614708214292
00bbac68_4397,12215.614105876508
00bbac68_4398,12215.6134595139
00bbac68_4399,12215.613115641965
00bbac68_4400,12215.612319316966
00bbac68_4401,12215.611704726005
00bbac68_4402,12215.610736994742
00bbac68_4403,12215.609927221989
00bbac68_4404,12215.609720635566
00bbac68_4405,12215.609212219097
00bbac68_4406,12215.608797764107
00bbac68_4407,12215.607992373021
00bbac68_4408,12215.606806957676
00bbac68_4409,12215.60599313986
00bbac68_4410,12215.605617627454
00bbac68_4411,12215.605069985068
00bbac68_4412,12215.604343576091
00bbac68_4413,12215.604041113918
00bbac68_4414,12215.603765266882
00bbac68_4415,12215.603227148975
00bbac68_4416,12215.602479656414
00bbac68_4417,12215.601269726885
00bbac68_4418,12215.600501622917
00bbac68_4419,12215.60042440048
00bbac68_4420,12215.60017915138
00bbac68_4421,12215.599514822643
00bbac68_4422,12215.599049125576
00bbac68_4423,12215.598758903987
00bbac68_4424,12215.598199354754
00bbac68_4425,12215.597519305036
00bbac68_4426,12215.596850712835
00bbac68_4427,12215.596384361952
00bbac68_4428,12215.596408773918
00bbac68_4429,12215.596574173447
00bbac68_4430,12215.596437010918
00bbac68_4431,12215.59645262644
00bbac68_4432,12215.596502149556
00bbac68_4433,12215.596856156692
00bbac68_4434,12215.597394365566
00bbac68_4435,12215.59796860243
00bbac68_4436,12215.59883208372
00bbac68_4437,12215.599908633474
00bbac68_4438,12215.601121041596
00bbac68_4439,12215.602423405948
00bbac68_4440,12215.603690305736
00bbac68_4441,12215.605357019103
00bbac68_4442,12215.60712777291
00bbac68_4443,12215.608405500567
00bbac68_4444,12215.609566584953
00bbac68_4445,12215.61091422103
00bbac68_4446,12215.612667008063
00bbac68_4447,12215.614243572109
00bbac68_4448,12215.615562202125
00bbac68_4449,12215.616363260757
00bbac68_4450,12215.617199822784
00bbac68_4451,12215.618622876153
00bbac68_4452,12215.619937690162
00bbac68_4453,12215.620805939172
00bbac68_4454,12215.621631155536
00bbac68_4455,12215.623106028166
00bbac68_4456,12215.624544168553
00bbac68_4457,12215.626518613837
00bbac68_4458,12215.627726525174
00bbac68_4459,12215.628357477106
00bbac68_4460,12215.629799312374
00bbac68_4461,12215.63101660564
00bbac68_4462,12215.63197645673
00bbac68_4463,12215.633422786243
00bbac68_4464,12215.634432926989
00bbac68_4465,12215.636135619487
00bbac68_4466,12215.63732423963
00bbac68_4467,12215.638577738053
00bbac68_4468,12215.638568344722
00bbac68_4469,12215.639529521155
00bbac68_4470,12215.640856444183
00bbac68_4471,12215.641865392026
00bbac68_4472,12215.643314580833
00bbac68_4473,12215.645448719177
00bbac68_4474,12215.647173133992
00bbac68_4475,12215.649425270934
00bbac68_4476,12215.65139198244
00bbac68_4477,12215.652061733279
00bbac68_4478,12215.6524118079
00bbac68_4479,12215.65308094343
00bbac68_4480,12215.653328658838
00bbac68_4481,12215.653934904949
00bbac68_4482,12215.655511527919
00bbac68_4483,12215.656480343378
00bbac68_4484,12215.657849758707
00bbac68_4485,12215.660080569389
00bbac68_4486,12215.66163052776
00bbac68_4487,12215.662331258005
00bbac68_4488,12215.663730276035
00bbac68_4489,12215.664314051366
00bbac68_4490,12215.666086582776
00bbac68_4491,12215.66706979927
00bbac68_4492,12215.669306124288
00bbac68_4493,12215.669762924641
00bbac68_4494,12215.671950842589
00bbac68_4495,12215.672932191066
00bbac68_4496,12215.67436412612
00bbac68_4497,12215.675219045914
00bbac68_4498,12215.676292083532
00bbac68_4499,12215.67720862514
00bbac68_4500,12215.678510338856
00bbac68_4501,12215.678509917523
00bbac68_4502,12215.680224509872
00bbac68_4503,12215.681174256239
00bbac68_4504,12215.683285061112
00bbac68_4505,12215.68415848108
00bbac68_4506,12215.686256870444
00bbac68_4507,12215.68607574287
00bbac68_4508,12215.687488699801
00bbac68_4509,12215.688443792445
00bbac68_4510,12215.689609497813
00bbac68_4511,12215.690299094531
00bbac68_4512,12215.692550077529
00bbac68_4513,12215.694058884692
00bbac68_4514,12215.696149132407
00bbac68_4515,12215.698199463443
00bbac68_4516,12215.699130803718
00bbac68_4517,12215.699690417248
00bbac68_4518,12215.701001666952
00bbac68_4519,12215.701392446026
00bbac68_4520,12215.703088937582
00bbac68_4521,12215.70299423789
00bbac68_4522,12215.703905711891
00bbac68_4523,12215.704204810956
00bbac68_4524,12215.706361288754
00bbac68_4525,12215.706941194632
00bbac68_4526,12215.707827316584
00bbac68_4527,12215.708736197812
00bbac68_4528,12215.708764966463
00bbac68_4529,12215.710053590523
00bbac68_4530,12215.709965926118
00bbac68_4531,12215.709299449161
00bbac68_4532,12215.709303469117
00bbac68_4533,12215.708442805368
00bbac68_4534,12215.70857095701
00bbac68_4535,12215.708012152849
00bbac68_4536,12215.708035627715
00bbac68_4537,12215.707608418197
00bbac68_4538,12215.708104225345
00bbac68_4539,12215.708185364787
00bbac68_4540,12215.707556960679
00bbac68_4541,12215.70821985835
00bbac68_4542,12215.707871892108
00bbac68_4543,12215.707153582742
00bbac68_4544,12215.706645090084
00bbac68_4545,12215.707728522451
00bbac68_4546,12215.706597663822
00bbac68_4547,12215.707327715423
00bbac68_4548,12215.70790880418
00bbac68_4549,12215.707115267664
00bbac68_4550,12215.707291896942
00bbac68_4551,12215.707064833354
00bbac68_4552,12215.707139455044
00bbac68_4553,12215.70626047674
00bbac68_4554,12215.705878177765
00bbac68_4555,12215.705547818463
00bbac68_4556,12215.705158080664
00bbac68_4557,12215.706103328928
00bbac68_4558,12215.70591744856
00bbac68_4559,12215.705277719819
00bbac68_4560,12215.705407453253
00bbac68_4561,12215.706110891913
00bbac68_4562,12215.706651337834
00bbac68_4563,12215.705751916694
00bbac68_4564,12215.705221745724
00bbac68_4565,12215.704295504645
00bbac68_4566,12215.704564800346
00bbac68_4567,12215.705544865852
00bbac68_4568,12215.70462112559
00bbac68_4569,12215.70490524996
00bbac68_4570,12215.704740790305
00bbac68_4571,12215.705586371823
00bbac68_4572,12215.704801929527
00bbac68_4573,12215.705789146134
00bbac68_4574,12215.704838094014
00bbac68_4575,12215.705357832867
00bbac68_4576,12215.704432641143
00bbac68_4577,12215.704679871633
00bbac68_4578,12215.70315012556
00bbac68_4579,12215.703232602878
00bbac68_4580,12215.702161715413
00bbac68_4581,12215.70252487289
00bbac68_4582,12215.703489482381
00bbac68_4583,12215.704432659004
00bbac68_4584,12215.704527279166
00bbac68_4585,12215.7045946119
00bbac68_4586,12215.703869505172
00bbac68_4587,12215.702735244016
00bbac68_4588,12215.701880875844
00bbac68_4589,12215.70070035954
00bbac68_4590,12215.699965965085
00bbac68_4591,12215.700095538776
00bbac68_4592,12215.702900051623
00bbac68_4593,12215.703597014402
00bbac68_4594,12215.704988514837
00bbac68_4595,12215.704913181387
00bbac68_4596,12215.70491002367
00bbac68_4597,12215.704025885858
00bbac68_4598,12215.703060861346
00bbac68_4599,12215.701766283726
00bbac68_4600,12215.70066210781
00bbac68_4601,12215.700326718128
00bbac68_4602,12215.701584029091
00bbac68_4603,12215.701285336818
00bbac68_4604,12215.701416224943
00bbac68_4605,12215.701065293557
00bbac68_4606,12215.700903888224
00bbac68_4607,12215.700944430348
00bbac68_4608,12215.700420774156
00bbac68_4609,12215.700711261292
00bbac68_4610,12215.700388566478
00bbac68_4611,12215.700692431128
00bbac68_4612,12215.700919748171
00bbac68_4613,12215.700996506745
00bbac68_4614,12215.701185090478
00bbac68_4615,12215.700830880334
00bbac68_4616,12215.700733858146
00bbac68_4617,12215.700050785179
00bbac68_4618,12215.699299215523
00bbac68_4619,12215.698907326263
00bbac68_4620,12215.697991218956
00bbac68_4621,12215.69707213626
00bbac68_4622,12215.697052480207
00bbac68_4623,12215.696820450717
00bbac68_4624,12215.697401357831
00bbac68_4625,12215.697451662465
00bbac68_4626,12215.69824021841
00bbac68_4627,12215.698123080556
00bbac68_4628,12215.69806353786
00bbac68_4629,12215.696863588171
00bbac68_4630,12215.696546383522
00bbac68_4631,12215.695712063876
00bbac68_4632,12215.696610998448
00bbac68_4633,12215.69620083845
00bbac68_4634,12215.696910730301
00bbac68_4635,12215.695702524947
00bbac68_4636,12215.69655718938
00bbac68_4637,12215.695761714815
00bbac68_4638,12215.695805178111
00bbac68_4639,12215.694595924379
00bbac68_4640,12215.694281974505
00bbac68_4641,12215.694528558644
00bbac68_4642,12215.694668117489
00bbac68_4643,12215.694789087205
00bbac68_4644,12215.693858799099
00bbac68_4645,12215.693560006705
00bbac68_4646,12215.694083580109
00bbac68_4647,12215.694021227739
00bbac68_4648,12215.69348286435
00bbac68_4649,12215.693274591738
00bbac68_4650,12215.692600854127
00bbac68_4651,12215.693010039075
00bbac68_4652,12215.692895582579
00bbac68_4653,12215.692959105669
00bbac68_4654,12215.691474096657
00bbac68_4655,12215.692629429606
00bbac68_4656,12215.692000225092
00bbac68_4657,12215.691642711778
00bbac68_4658,12215.691375052236
00bbac68_4659,12215.691802583795
00bbac68_4660,12215.690996235437
00bbac68_4661,12215.691429538529
00bbac68_4662,12215.69158036186
00bbac68_4663,12215.690702608357
00bbac68_4664,12215.690843901804
00bbac68_4665,12215.691081353241
00bbac68_4666,12215.690082447798
00bbac68_4667,12215.690035031621
00bbac68_4668,12215.689969380403
00bbac68_4669,12215.690445950475
00bbac68_4670,12215.690022030558
00bbac68_4671,12215.690234419435
00bbac68_4672,12215.689840105752
00bbac68_4673,12215.688761235193
00bbac68_4674,12215.68903439878
00bbac68_4675,12215.687514837093
00bbac68_4676,12215.687323412203
00bbac68_4677,12215.686709024838
00bbac68_4678,12215.687157352724
00bbac68_4679,12215.687569607311
00bbac68_4680,12215.688018729466
00bbac68_4681,12215.687283839703
00bbac68_4682,12215.6883955782
00bbac68_4683,12215.687248539853
00bbac68_4684,12215.688514462927
00bbac68_4685,12215.687378062019
00bbac68_4686,12215.688515368933
00bbac68_4687,12215.687014398118
00bbac68_4688,12215.68840271527
00bbac68_4689,12215.686640512937
00bbac68_4690,12215.688103693527
00bbac68_4691,12215.686234509703
00bbac68_4692,12215.687798527943
00bbac68_4693,12215.686009776131
00bbac68_4694,12215.687645710932
00bbac68_4695,12215.68556770528
00bbac68_4696,12215.686153885155
00bbac68_4697,12215.684667832445
00bbac68_4698,12215.685029223532
00bbac68_4699,12215.683803151282
00bbac68_4700,12215.68398912078
00bbac68_4701,12215.682474939083
00bbac68_4702,12215.68347315493
00bbac68_4703,12215.681886185452
00bbac68_4704,12215.682591049328
00bbac68_4705,12215.681653082549
00bbac68_4706,12215.681849472458
00bbac68_4707,12215.681533799641
00bbac68_4708,12215.682183842202
00bbac68_4709,12215.681771094785
00bbac68_4710,12215.681309404918
00bbac68_4711,12215.681545885784
00bbac68_4712,12215.681492164065
00bbac68_4713,12215.680503587862
00bbac68_4714,12215.681060112262
00bbac68_4715,12215.680422852514
00bbac68_4716,12215.680012117344
00bbac68_4717,12215.679553928328
00bbac68_4718,12215.680697383461
00bbac68_4719,12215.67934287322
00bbac68_4720,12215.67937344438
00bbac68_4721,12215.678774803408
00bbac68_4722,12215.679120145094
00bbac68_4723,12215.67860914278
00bbac68_4724,12215.678583192941
00bbac68_4725,12215.677357724384
00bbac68_4726,12215.677207908324
00bbac68_4727,12215.67753575153
00bbac68_4728,12215.677732841292
00bbac68_4729,12215.675872837932
00bbac68_4730,12215.675269472957
00bbac68_4731,12215.675720568674
00bbac68_4732,12215.676917824836
00bbac68_4733,12215.676294953704
00bbac68_4734,12215.67668709376
00bbac68_4735,12215.677261871888
00bbac68_4736,12215.67725156092
00bbac68_4737,12215.67736800612
00bbac68_4738,12215.675538687607
00bbac68_4739,12215.673887735229
00bbac68_4740,12215.672357039966
00bbac68_4741,12215.672278373158
00bbac68_4742,12215.671330367699
00bbac68_4743,12215.670652158642
00bbac68_4744,12215.670681428659
00bbac68_4745,12215.671148505353
00bbac68_4746,12215.67060029064
00bbac68_4747,12215.670530312935
00bbac68_4748,12215.67030179847
00bbac68_4749,12215.670295702399
00bbac68_4750,12215.669945291955
00bbac68_4751,12215.669677054
00bbac68_4752,12215.668983959215
00bbac68_4753,12215.667674183962
00bbac68_4754,12215.667139244732
00bbac68_4755,12215.666845373824
00bbac68_4756,12215.666888386335
00bbac68_4757,12215.666853163966
00bbac68_4758,12215.667448845732
00bbac68_4759,12215.667900394568
00bbac68_4760,12215.667757079234
00bbac68_4761,12215.66660394135
00bbac68_4762,12215.666290268276
00bbac68_4763,12215.665286210027
00bbac68_4764,12215.66552651297
00bbac68_4765,12215.665202621787
00bbac68_4766,12215.664814093932
00bbac68_4767,12215.664762177948
00bbac68_4768,12215.664856687687
00bbac68_4769,12215.66504621889
00bbac68_4770,12215.66428665895
00bbac68_4771,12215.66293318709
00bbac68_4772,12215.663648960122
00bbac68_4773,12215.663110556376
00bbac68_4774,12215.662457311046
00bbac68_4775,12215.662115993935
00bbac68_4776,12215.661181455089
00bbac68_4777,12215.661004346934
00bbac68_4778,12215.661086472677
00bbac68_4779,12215.661375122698
00bbac68_4780,12215.660568250809
00bbac68_4781,12215.660606227815
00bbac68_4782,12215.661284037527
00bbac68_4783,12215.660442101198
00bbac68_4784,12215.660337015914
00bbac68_4785,12215.660388221346
00bbac68_4786,12215.659172767293
00bbac68_4787,12215.658623173877
00bbac68_4788,12215.657834648391
00bbac68_4789,12215.657544534315
00bbac68_4790,12215.656638598659
00bbac68_4791,12215.657863406414
00bbac68_4792,12215.65775018789
00bbac68_4793,12215.657235446159
00bbac68_4794,12215.657777479562
00bbac68_4795,12215.656779842833
00bbac68_4796,12215.656585582652
00bbac68_4797,12215.655757779452
00bbac68_4798,12215.6550654467
00bbac68_4799,12215.654427144653
00bbac68_4800,12215.653598105164
00bbac68_4801,12215.654161154325
00bbac68_4802,12215.653297469333
00bbac68_4803,12215.653587085457
00bbac68_4804,12215.65362500399
00bbac68_4805,12215.65400836401
00bbac68_4806,12215.654213124333
00bbac68_4807,12215.65369702212
00bbac68_4808,12215.65393662092
00bbac68_4809,12215.652638849107
00bbac68_4810,12215.652236252798
00bbac68_4811,12215.652170550056
00bbac68_4812,12215.651356860973
00bbac68_4813,12215.652618182225
00bbac68_4814,12215.652389779782
00bbac68_4815,12215.653403806607
00bbac68_4816,12215.653358495932
00bbac68_4817,12215.653341201472
00bbac68_4818,12215.652927744562
00bbac68_4819,12215.652509206433
00bbac68_4820,12215.651614268729
00bbac68_4821,12215.650880725769
00bbac68_4822,12215.64975185259
00bbac68_4823,12215.650981054729
00bbac68_4824,12215.650446499081
00bbac68_4825,12215.650985659306
00bbac68_4826,12215.651731511509
00bbac68_4827,12215.651333170621
00bbac68_4828,12215.651481489014
00bbac68_4829,12215.651913592199
00bbac68_4830,12215.650822402731
00bbac68_4831,12215.65003496794
00bbac68_4832,12215.649351278644
00bbac68_4833,12215.650314702209
00bbac68_4834,12215.649271854487
00bbac68_4835,12215.649233231332
00bbac68_4836,12215.649007491338
00bbac68_4837,12215.649508539529
00bbac68_4838,12215.64966989612
00bbac68_4839,12215.649560533222
00bbac68_4840,12215.648853992738
00bbac68_4841,12215.648590892384
00bbac68_4842,12215.649076494288
00bbac68_4843,12215.649329988923
00bbac68_4844,12215.648491811617
00bbac68_4845,12215.64815435349
00bbac68_4846,12215.64817213127
00bbac68_4847,12215.649357261242
00bbac68_4848,12215.648778330602
00bbac68_4849,12215.648481725897
00bbac68_4850,12215.648073857941
00bbac68_4851,12215.648255194616
00bbac68_4852,12215.649248690863
00bbac68_4853,12215.64853775127
00bbac68_4854,12215.648131909447
00bbac68_4855,12215.647510783007
00bbac68_4856,12215.647279038878
00bbac68_4857,12215.64725773249
00bbac68_4858,12215.646752462108
00bbac68_4859,12215.647275425948
00bbac68_4860,12215.64709904514
00bbac68_4861,12215.647400340797
00bbac68_4862,12215.647519259644
00bbac68_4863,12215.647088315505
00bbac68_4864,12215.646499466438
00bbac68_4865,12215.645747044327
00bbac68_4866,12215.645326916045
00bbac68_4867,12215.645352498528
00bbac68_4868,12215.645866313213
00bbac68_4869,12215.647596445047
00bbac68_4870,12215.647649465507
00bbac68_4871,12215.64791142925
00bbac68_4872,12215.647417386
00bbac68_4873,12215.647064178047
00bbac68_4874,12215.646203696893
00bbac68_4875,12215.645493830369
00bbac68_4876,12215.644654351978
00bbac68_4877,12215.644254871575
00bbac68_4878,12215.644275713064
00bbac68_4879,12215.644692007776
00bbac68_4880,12215.6443656384
00bbac68_4881,12215.644453303576
00bbac68_4882,12215.644395118372
00bbac68_4883,12215.644585188962
00bbac68_4884,12215.644550729523
00bbac68_4885,12215.644762956865
00bbac68_4886,12215.64453225421
00bbac68_4887,12215.644645097113
00bbac68_4888,12215.644657574878
00bbac68_4889,12215.64448305385
00bbac68_4890,12215.644659001042
00bbac68_4891,12215.644536648862
00bbac68_4892,12215.644698158969
00bbac68_4893,12215.644739643592
00bbac68_4894,12215.64440545437
00bbac68_4895,12215.644632030951
00bbac68_4896,12215.64435679968
00bbac68_4897,12215.64426765424
00bbac68_4898,12215.643997877745
00bbac68_4899,12215.643584591817
00bbac68_4900,12215.64342326282
00bbac68_4901,12215.642875183557
00bbac68_4902,12215.642486685541
00bbac68_4903,12215.641423576359
00bbac68_4904,12215.641238959735
00bbac68_4905,12215.641201831233
00bbac68_4906,12215.641620479139
00bbac68_4907,12215.64204080704
00bbac68_4908,12215.642462793061
00bbac68_4909,12215.642718816118
00bbac68_4910,12215.642294649117
00bbac68_4911,12215.641242994583
00bbac68_4912,12215.640979880664
00bbac68_4913,12215.640351180282
00bbac68_4914,12215.64088403649
00bbac68_4915,12215.640971652785
00bbac68_4916,12215.641194482872
00bbac68_4917,12215.640714658912
00bbac68_4918,12215.640738000799
00bbac68_4919,12215.640474050671
00bbac68_4920,12215.639790472818
00bbac68_4921,12215.638779078863
00bbac68_4922,12215.638575299814
00bbac68_4923,12215.638633503557
00bbac68_4924,12215.638738691894
00bbac68_4925,12215.638397088554
00bbac68_4926,12215.637277629214
00bbac68_4927,12215.637034390074
00bbac68_4928,12215.636870620812
00bbac68_4929,12215.63663976224
00bbac68_4930,12215.637003310572
00bbac68_4931,12215.636613301427
00bbac68_4932,12215.635981690697
00bbac68_4933,12215.636663643945
00bbac68_4934,12215.636322794337
00bbac68_4935,12215.635886326276
00bbac68_4936,12215.635939835625
00bbac68_4937,12215.636367026857
00bbac68_4938,12215.635656408896
00bbac68_4939,12215.635998485033
00bbac68_4940,12215.636054449133
00bbac68_4941,12215.635244436646
00bbac68_4942,12215.634673643423
00bbac68_4943,12215.634426459754
00bbac68_4944,12215.63425949803
00bbac68_4945,12215.634043571557
00bbac68_4946,12215.634026898835
00bbac68_4947,12215.63375252056
00bbac68_4948,12215.633158717123
00bbac68_4949,12215.633563771295
00bbac68_4950,12215.632661112364
00bbac68_4951,12215.63247498265
00bbac68_4952,12215.632282017239
00bbac68_4953,12215.632355532367
00bbac68_4954,12215.632675063396
00bbac68_4955,12215.632806475918
00bbac68_4956,12215.632488211719
00bbac68_4957,12215.632769461427
00bbac68_4958,12215.63220801322
00bbac68_4959,12215.63230280023
00bbac68_4960,12215.631516692742
00bbac68_4961,12215.631491533126
00bbac68_4962,12215.630510660532
00bbac68_4963,12215.630131382295
00bbac68_4964,12215.629700376418
00bbac68_4965,12215.629714366563
00bbac68_4966,12215.629657213869
00bbac68_4967,12215.629645657056
00bbac68_4968,12215.629367321644
00bbac68_4969,12215.629724599283
00bbac68_4970,12215.62928304873
00bbac68_4971,12215.62942706678
00bbac68_4972,12215.628284530754
00bbac68_4973,12215.627686136268
00bbac68_4974,12215.627699981938
00bbac68_4975,12215.62719526172
00bbac68_4976,12215.627119969326
00bbac68_4977,12215.626891825419
00bbac68_4978,12215.626470535703
00bbac68_4979,12215.626184296558
00bbac68_4980,12215.626013642346
00bbac68_4981,12215.626434594215
00bbac68_4982,12215.625694817652
00bbac68_4983,12215.625355243303
00bbac68_4984,12215.625314306017
00bbac68_4985,12215.625404906903
00bbac68_4986,12215.625408488682
00bbac68_4987,12215.625174789933
00bbac68_4988,12215.62445739036
00bbac68_4989,12215.624751094398
00bbac68_4990,12215.624819274995
00bbac68_4991,12215.624765342094
00bbac68_4992,12215.624126430435
00bbac68_4993,12215.623847970857
00bbac68_4994,12215.624258754713
00bbac68_4995,12215.624523477652
00bbac68_4996,12215.624020333082
00bbac68_4997,12215.623497783079
00bbac68_4998,12215.623489009908
00bbac68_4999,12215.62407167928
00bbac68_5000,12215.624293587382
00bbac68_5001,12215.623976060086
00bbac68_5002,12215.623659480356
00bbac68_5003,12215.623447412918
00bbac68_5004,12215.623697335097
00bbac68_5005,12215.62340390911
00bbac68_5006,12215.624055084361
00bbac68_5007,12215.62505167042
00bbac68_5008,12215.62577756625
00bbac68_5009,12215.626505110642
00bbac68_5010,12215.627179851843
00bbac68_5011,12215.62716276036
00bbac68_5012,12215.627507009398
00bbac68_5013,12215.626870488542
00bbac68_5014,12215.626278766405
00bbac68_5015,12215.625562171323
00bbac68_5016,12215.625652965222
00bbac68_5017,12215.62592399155
00bbac68_5018,12215.626267329993
00bbac68_5019,12215.626236914915
00bbac68_5020,12215.62614833342
00bbac68_5021,12215.626361751929
00bbac68_5022,12215.627083302934
00bbac68_5023,12215.627680318037
00bbac68_5024,12215.62775496269
00bbac68_5025,12215.627504170883
00bbac68_5026,12215.627274430683
00bbac68_5027,12215.627493285938
00bbac68_5028,12215.628711535359
00bbac68_5029,12215.628505652447
00bbac68_5030,12215.62834236872
00bbac68_5031,12215.628235223721
00bbac68_5032,12215.628710977537
00bbac68_5033,12215.629890775017
00bbac68_5034,12215.62977240443
00bbac68_5035,12215.629443838308
00bbac68_5036,12215.629185452799
00bbac68_5037,12215.629736989718
00bbac68_5038,12215.630041577057
00bbac68_5039,12215.62948682312
00bbac68_5040,12215.629120425438
00bbac68_5041,12215.628968763327
00bbac68_5042,12215.629672549845
00bbac68_5043,12215.630055429741
00bbac68_5044,12215.629777883656
00bbac68_5045,12215.629908873096
00bbac68_5046,12215.630742135978
00bbac68_5047,12215.631278032142
00bbac68_5048,12215.631000507805
00bbac68_5049,12215.631152234715
00bbac68_5050,12215.631548745292
00bbac68_5051,12215.631597927437
00bbac68_5052,12215.631702068593
00bbac68_5053,12215.630951623736
00bbac68_5054,12215.630663949996
00bbac68_5055,12215.631407579353
00bbac68_5056,12215.631711385027
00bbac68_5057,12215.631595613748
00bbac68_5058,12215.631798812441
00bbac68_5059,12215.633030434441
00bbac68_5060,12215.633681663669
00bbac68_5061,12215.633798626399
00bbac68_5062,12215.63415018173
00bbac68_5063,12215.63379586743
00bbac68_5064,12215.633872993749
00bbac68_5065,12215.634009805468
00bbac68_5066,12215.633873694198
00bbac68_5067,12215.633533491426
00bbac68_5068,12215.63330470731
00bbac68_5069,12215.633568299452
00bbac68_5070,12215.633970915249
00bbac68_5071,12215.634245174359
00bbac68_5072,12215.634350333232
00bbac68_5073,12215.634199619217
00bbac68_5074,12215.63508731355
00bbac68_5075,12215.635158722418
00bbac68_5076,12215.635759295386
00bbac68_5077,12215.636099746614
00bbac68_5078,12215.63592847437
00bbac68_5079,12215.635889231591
00bbac68_5080,12215.63606052965
00bbac68_5081,12215.636244950318
00bbac68_5082,12215.636092828878
00bbac68_5083,12215.636657991749
00bbac68_5084,12215.637686913287
00bbac68_5085,12215.637405862408
00bbac68_5086,12215.637502596543
00bbac68_5087,12215.638278470424
00bbac68_5088,12215.637587556887
00bbac68_5089,12215.637307445271
00bbac68_5090,12215.637017697356
00bbac68_5091,12215.6380685514
00bbac68_5092,12215.637833729757
00bbac68_5093,12215.638573377348
00bbac68_5094,12215.639349041227
00bbac68_5095,12215.639103033925
00bbac68_5096,12215.639280869716
00bbac68_5097,12215.640179228283
00bbac68_5098,12215.639551805118
00bbac68_5099,12215.63953695436
00bbac68_5100,12215.639834056507
00bbac68_5101,12215.640093444596
00bbac68_5102,12215.6395793819
00bbac68_5103,12215.640130080075
00bbac68_5104,12215.641339061243
00bbac68_5105,12215.641443528617
00bbac68_5106,12215.642154948222
00bbac68_5107,12215.64314386058
00bbac68_5108,12215.642861205175
00bbac68_5109,12215.643242898506
00bbac68_5110,12215.64360483444
00bbac68_5111,12215.64295288673
00bbac68_5112,12215.642693034006
00bbac68_5113,12215.643124802362
00bbac68_5114,12215.64342809593
00bbac68_5115,12215.64325125914
00bbac68_5116,12215.64390030704
00bbac68_5117,12215.643986515523
00bbac68_5118,12215.643438459036
00bbac68_5119,12215.643627694717
00bbac68_5120,12215.644191600095
00bbac68_5121,12215.644088379471
00bbac68_5122,12215.644724205296
00bbac68_5123,12215.645791887951
00bbac68_5124,12215.645767661093
00bbac68_5125,12215.646390811955
00bbac68_5126,12215.64740503746
00bbac68_5127,12215.64691385375
00bbac68_5128,12215.646458629231
00bbac68_5129,12215.646964971354
00bbac68_5130,12215.64692560277
00bbac68_5131,12215.64652760118
00bbac68_5132,12215.646523921536
00bbac68_5133,12215.647569510065
00bbac68_5134,12215.647350935324
00bbac68_5135,12215.648112319795
00bbac68_5136,12215.64924204156
00bbac68_5137,12215.649009896693
00bbac68_5138,12215.649369158615
00bbac68_5139,12215.65033692476
00bbac68_5140,12215.649751000039
00bbac68_5141,12215.649674864639
00bbac68_5142,12215.649842018014
00bbac68_5143,12215.649818785858
00bbac68_5144,12215.649253722997
00bbac68_5145,12215.649347679984
00bbac68_5146,12215.650214823385
00bbac68_5147,12215.64996657001
00bbac68_5148,12215.650643917734
00bbac68_5149,12215.651709754276
00bbac68_5150,12215.651718790705
00bbac68_5151,12215.652591986662
00bbac68_5152,12215.653367096496
00bbac68_5153,12215.652615819197
00bbac68_5154,12215.652426277273
00bbac68_5155,12215.65247593221
00bbac68_5156,12215.652667876384
00bbac68_5157,12215.653012536102
00bbac68_5158,12215.654028669916
00bbac68_5159,12215.65562221118
00bbac68_5160,12215.65578157696
00bbac68_5161,12215.656370247825
00bbac68_5162,12215.657021963558
00bbac68_5163,12215.6561793883
00bbac68_5164,12215.655969942882
00bbac68_5165,12215.656017078636
00bbac68_5166,12215.655208746819
00bbac68_5167,12215.656036299753
00bbac68_5168,12215.656758644136
00bbac68_5169,12215.657150632775
00bbac68_5170,12215.657043311538
00bbac68_5171,12215.657494653999
00bbac68_5172,12215.657461077943
00bbac68_5173,12215.656766872395
00bbac68_5174,12215.656814936747
00bbac68_5175,12215.657487487988
00bbac68_5176,12215.657094837283
00bbac68_5177,12215.658027071857
00bbac68_5178,12215.658856425234
00bbac68_5179,12215.658696770246
00bbac68_5180,12215.65941357147
00bbac68_5181,12215.660114785982
00bbac68_5182,12215.659705276772
00bbac68_5183,12215.660512866543
00bbac68_5184,12215.662355389903
00bbac68_5185,12215.663428522617
00bbac68_5186,12215.663408151404
00bbac68_5187,12215.663847900449
00bbac68_5188,12215.664471966475
00bbac68_5189,12215.663709937333
00bbac68_5190,12215.664224187842
00bbac68_5191,12215.663528787103
00bbac68_5192,12215.663126406242
00bbac68_5193,12215.664278727223
00bbac68_5194,12215.665209621202
00bbac68_5195,12215.665849317182
00bbac68_5196,12215.665812110108
00bbac68_5197,12215.667021343368
00bbac68_5198,12215.667554849988
00bbac68_5199,12215.668456571186
00bbac68_5200,12215.66902688846
00bbac68_5201,12215.669548063735
00bbac68_5202,12215.669942767812
00bbac68_5203,12215.670071894281
00bbac68_5204,12215.671178053566
00bbac68_5205,12215.672714913433
00bbac68_5206,12215.672796429388
00bbac68_5207,12215.674442345167
00bbac68_5208,12215.674058983233
00bbac68_5209,12215.674313791234
00bbac68_5210,12215.674697252889
00bbac68_5211,12215.675884144364
00bbac68_5212,12215.67575305031
00bbac68_5213,12215.675156197396
00bbac68_5214,12215.676940058951
00bbac68_5215,12215.677355878443
00bbac68_5216,12215.67810037134
00bbac68_5217,12215.678942833067
00bbac68_5218,12215.678962433794
00bbac68_5219,12215.679083069526
00bbac68_5220,12215.680288574733
00bbac68_5221,12215.680017977716
00bbac68_5222,12215.679067723184
00bbac68_5223,12215.678648659277
00bbac68_5224,12215.679241200702
00bbac68_5225,12215.679988696495
00bbac68_5226,12215.681574222188
00bbac68_5227,12215.68396702331
00bbac68_5228,12215.685213785924
00bbac68_5229,12215.68648692029
00bbac68_5230,12215.686777490115
00bbac68_5231,12215.686581915656
00bbac68_5232,12215.685859864367
00bbac68_5233,12215.686033341635
00bbac68_5234,12215.685758614502
00bbac68_5235,12215.687516850096
00bbac68_5236,12215.6881062621
00bbac68_5237,12215.689902666085
00bbac68_5238,12215.689411369163
00bbac68_5239,12215.690930247543
00bbac68_5240,12215.690380466902
00bbac68_5241,12215.691156576635
00bbac68_5242,12215.690983294175
00bbac68_5243,12215.692203570867
00bbac68_5244,12215.692330627662
00bbac68_5245,12215.694056367198
00bbac68_5246,12215.694229679046
00bbac68_5247,12215.694885569668
00bbac68_5248,12215.695712869587
00bbac68_5249,12215.696520198813
00bbac68_5250,12215.696859545036
00bbac68_5251,12215.696930458493
00bbac68_5252,12215.697910573013
00bbac68_5253,12215.698102521068
00bbac68_5254,12215.698704070888
00bbac68_5255,12215.69888232586
00bbac68_5256,12215.699925815066
00bbac68_5257,12215.699366432178
00bbac68_5258,12215.701220258881
00bbac68_5259,12215.700401654138
00bbac68_5260,12215.702629211199
00bbac68_5261,12215.702360081184
00bbac68_5262,12215.703697450517
00bbac68_5263,12215.703618649039
00bbac68_5264,12215.705453184364
00bbac68_5265,12215.70520547359
00bbac68_5266,12215.705633589336
00bbac68_5267,12215.706170153495
00bbac68_5268,12215.707637507812
00bbac68_5269,12215.707485527193
00bbac68_5270,12215.708165258366
00bbac68_5271,12215.708629310064
00bbac68_5272,12215.708795498811
00bbac68_5273,12215.709810361077
00bbac68_5274,12215.710490216505
00bbac68_5275,12215.711036993878
00bbac68_5276,12215.711092289359
00bbac68_5277,12215.712626670116
00bbac68_5278,12215.71235187109
00bbac68_5279,12215.712611788666
00bbac68_5280,12215.711372887143
00bbac68_5281,12215.712216595486
00bbac68_5282,12215.71121626348
00bbac68_5283,12215.711212223858
00bbac68_5284,12215.709701381875
00bbac68_5285,12215.709996715445
00bbac68_5286,12215.709515591134
00bbac68_5287,12215.7098959397
00bbac68_5288,12215.7101816188
00bbac68_5289,12215.710950924145
00bbac68_5290,12215.711550966858
00bbac68_5291,12215.712225786523
00bbac68_5292,12215.712379880672
00bbac68_5293,12215.712332234667
00bbac68_5294,12215.71143829171
00bbac68_5295,12215.71194914745
00bbac68_5296,12215.710802008427
00bbac68_5297,12215.710565658796
00bbac68_5298,12215.708855962912
00bbac68_5299,12215.709295687575
00bbac68_5300,12215.70865987285
00bbac68_5301,12215.709083471353
00bbac68_5302,12215.709059628649
00bbac68_5303,12215.70973199122
00bbac68_5304,12215.70998323755
00bbac68_5305,12215.710006743546
00bbac68_5306,12215.708786082254
00bbac68_5307,12215.708587222107
00bbac68_5308,12215.70764647537
00bbac68_5309,12215.70849466887
00bbac68_5310,12215.708100146949
00bbac68_5311,12215.708589996077
00bbac68_5312,12215.707552735315
00bbac68_5313,12215.708366615743
00bbac68_5314,12215.708164699423
00bbac68_5315,12215.708389277155
00bbac68_5316,12215.70812162352
00bbac68_5317,12215.708742014427
00bbac68_5318,12215.708035553464
00bbac68_5319,12215.708553170427
00bbac68_5320,12215.708183932584
00bbac68_5321,12215.707621446105
00bbac68_5322,12215.706070091332
00bbac68_5323,12215.707143455604
00bbac68_5324,12215.706783845926
00bbac68_5325,12215.707843867645
00bbac68_5326,12215.707333736496
00bbac68_5327,12215.706684099161
00bbac68_5328,12215.70590113265
00bbac68_5329,12215.706478549127
00bbac68_5330,12215.705458608443
00bbac68_5331,12215.704611033789
00bbac68_5332,12215.704286406672
00bbac68_5333,12215.70506062726
00bbac68_5334,12215.704399736425
00bbac68_5335,12215.705555235912
00bbac68_5336,12215.70534746428
00bbac68_5337,12215.705489342226
00bbac68_5338,12215.705316906187
00bbac68_5339,12215.705714397001
00bbac68_5340,12215.70518354558
00bbac68_5341,12215.703962558739
00bbac68_5342,12215.705059109816
00bbac68_5343,12215.704026721309
00bbac68_5344,12215.70361668831
00bbac68_5345,12215.704211930417
00bbac68_5346,12215.704377560965
00bbac68_5347,12215.703407437386
00bbac68_5348,12215.704046743696
00bbac68_5349,12215.704190542529
00bbac68_5350,12215.704111552383
00bbac68_5351,12215.703827728603
00bbac68_5352,12215.704611882542
00bbac68_5353,12215.702910165535
00bbac68_5354,12215.703296656557
00bbac68_5355,12215.702095542221
00bbac68_5356,12215.703260083346
00bbac68_5357,12215.702146863783
00bbac68_5358,12215.703738173586
00bbac68_5359,12215.703168029122
00bbac68_5360,12215.703296845113
00bbac68_5361,12215.704184125687
00bbac68_5362,12215.703961531748
00bbac68_5363,12215.703022547037
00bbac68_5364,12215.703310611996
00bbac68_5365,12215.701801226227
00bbac68_5366,12215.703441699912
00bbac68_5367,12215.702350460597
00bbac68_5368,12215.702063676528
00bbac68_5369,12215.702041921817
00bbac68_5370,12215.701105494318
00bbac68_5371,12215.702838089332
00bbac68_5372,12215.701648330618
00bbac68_5373,12215.703096590796
00bbac68_5374,12215.702505938716
00bbac68_5375,12215.704181647889
00bbac68_5376,12215.70499831099
00bbac68_5377,12215.70522040443
00bbac68_5378,12215.705425372274
00bbac68_5379,12215.70653975266
00bbac68_5380,12215.705430926831
00bbac68_5381,12215.70760242346
00bbac68_5382,12215.706809439012
00bbac68_5383,12215.709132491625
00bbac68_5384,12215.70877264173
00bbac68_5385,12215.711399933585
00bbac68_5386,12215.711092240483
00bbac68_5387,12215.71213759105
00bbac68_5388,12215.712221360534
00bbac68_5389,12215.712615103665
00bbac68_5390,12215.71182788867
00bbac68_5391,12215.713258334188
00bbac68_5392,12215.712749685383
00bbac68_5393,12215.714300878968
00bbac68_5394,12215.715275617153
00bbac68_5395,12215.716132969052
00bbac68_5396,12215.716543346101
00bbac68_5397,12215.717240881417
00bbac68_5398,12215.718260882255
00bbac68_5399,12215.71854901539
00bbac68_5400,12215.719951473471
00bbac68_5401,12215.719938523831
00bbac68_5402,12215.72170297329
00bbac68_5403,12215.72195522767
00bbac68_5404,12215.724024669824
00bbac68_5405,12215.722908036603
00bbac68_5406,12215.724984201115
00bbac68_5407,12215.725009174595
00bbac68_5408,12215.726370279657
00bbac68_5409,12215.726286715506
00bbac68_5410,12215.728232449463
00bbac68_5411,12215.728091465158
00bbac68_5412,12215.729730132298
00bbac68_5413,12215.72794329467
00bbac68_5414,12215.73019146239
00bbac68_5415,12215.72892490733
00bbac68_5416,12215.732137119623
00bbac68_5417,12215.73155602546
00bbac68_5418,12215.73349929744
00bbac68_5419,12215.735233424299
00bbac68_5420,12215.736698631772
00bbac68_5421,12215.737549664056
00bbac68_5422,12215.737123365067
00bbac68_5423,12215.73700828894
00bbac68_5424,12215.738169196908
00bbac68_5425,12215.737253099473
00bbac68_5426,12215.738613415011
00bbac68_5427,12215.73883353023
00bbac68_5428,12215.739812241154
00bbac68_5429,12215.740762922547
00bbac68_5430,12215.74149259257
00bbac68_5431,12215.741394634068
00bbac68_5432,12215.742468021686
00bbac68_5433,12215.742710807952
00bbac68_5434,12215.744962301676
00bbac68_5435,12215.745024799107
00bbac68_5436,12215.746331231752
00bbac68_5437,12215.747376652242
00bbac68_5438,12215.747807874694
00bbac68_5439,12215.748506083986
00bbac68_5440,12215.747743842654
00bbac68_5441,12215.748042336692
00bbac68_5442,12215.74889445624
00bbac68_5443,12215.7496410395
00bbac68_5444,12215.751809641552
00bbac68_5445,12215.751961431717
00bbac68_5446,12215.752665364851
00bbac68_5447,12215.753651946558
00bbac68_5448,12215.754459189238
00bbac68_5449,12215.754672004163
00bbac68_5450,12215.754318131276
00bbac68_5451,12215.756492149594
00bbac68_5452,12215.75628276213
00bbac68_5453,12215.758101051992
00bbac68_5454,12215.757660126063
00bbac68_5455,12215.759477443928
00bbac68_5456,12215.758265135557
00bbac68_5457,12215.759444789084
00bbac68_5458,12215.759728454897
00bbac68_5459,12215.760465424992
00bbac68_5460,12215.761845174708
00bbac68_5461,12215.762080870812
00bbac68_5462,12215.763413301658
00bbac68_5463,12215.763753268417
00bbac68_5464,12215.764267304065
00bbac68_5465,12215.765497777102
00bbac68_5466,12215.764730579765
00bbac68_5467,12215.764727364178
00bbac68_5468,12215.765163976486
00bbac68_5469,12215.765121775506
00bbac68_5470,12215.76594130507
00bbac68_5471,12215.764019632283
00bbac68_5472,12215.766207939856
00bbac68_5473,12215.764751944236
00bbac68_5474,12215.766098697615
00bbac68_5475,12215.764677957366
00bbac68_5476,12215.766688046533
00bbac68_5477,12215.765329016036
00bbac68_5478,12215.768058635596
00bbac68_5479,12215.76729863712
00bbac68_5480,12215.767841226563
00bbac68_5481,12215.766761465242
00bbac68_5482,12215.768319630995
00bbac68_5483,12215.76760274558
00bbac68_5484,12215.767420763435
00bbac68_5485,12215.767095769166
00bbac68_5486,12215.768890509016
00bbac68_5487,12215.768996347944
00bbac68_5488,12215.770324371493
00bbac68_5489,12215.768693965812
00bbac68_5490,12215.769376364726
00bbac68_5491,12215.768953081768
00bbac68_5492,12215.769586661874
00bbac68_5493,12215.768794726951
00bbac68_5494,12215.767891326395
00bbac68_5495,12215.76911859497
00bbac68_5496,12215.768886704165
00bbac68_5497,12215.770299506503
00bbac68_5498,12215.769342130698
00bbac68_5499,12215.768388759703
00bbac68_5500,12215.769107318709
00bbac68_5501,12215.768308949733
00bbac68_5502,12215.76893825884
00bbac68_5503,12215.768055269262
00bbac68_5504,12215.767390974404
00bbac68_5505,12215.767838044183
00bbac68_5506,12215.767722325108
00bbac68_5507,12215.768802669352
00bbac68_5508,12215.768392626156
00bbac68_5509,12215.768495465549
00bbac68_5510,12215.767774920616
00bbac68_5511,12215.768484504959
00bbac68_5512,12215.768267371393
00bbac68_5513,12215.768657991275
00bbac68_5514,12215.767909701714
00bbac68_5515,12215.768435785361
00bbac68_5516,12215.766997767525
00bbac68_5517,12215.768132347575
00bbac68_5518,12215.767029997289
00bbac68_5519,12215.76785398342
00bbac68_5520,12215.766195210545
00bbac68_5521,12215.76742118131
00bbac68_5522,12215.765256900308
00bbac68_5523,12215.767304350802
00bbac68_5524,12215.765899098678
00bbac68_5525,12215.76719843817
00bbac68_5526,12215.765564821111
00bbac68_5527,12215.767799398745
00bbac68_5528,12215.766505207037
00bbac68_5529,12215.767152426357
00bbac68_5530,12215.766160613239
00bbac68_5531,12215.76609754332
00bbac68_5532,12215.765184616253
00bbac68_5533,12215.766604067023
00bbac68_5534,12215.765766087923
00bbac68_5535,12215.76680357115
00bbac68_5536,12215.765354340958
00bbac68_5537,12215.766596861013
00bbac68_5538,12215.765204053328
00bbac68_5539,12215.765780624344
00bbac68_5540,12215.76564809385
00bbac68_5541,12215.766264690912
00bbac68_5542,12215.766319531063
00bbac68_5543,12215.76661950834
00bbac68_5544,12215.765156811338
00bbac68_5545,12215.765863067105
00bbac68_5546,12215.76457447853
00bbac68_5547,12215.76650281257
00bbac68_5548,12215.766457579124
00bbac68_5549,12215.768558354972
00bbac68_5550,12215.768403130336
00bbac68_5551,12215.769877457651
00bbac68_5552,12215.769186652247
00bbac68_5553,12215.76814302963
00bbac68_5554,12215.766897066791
00bbac68_5555,12215.767354533746
00bbac68_5556,12215.766612146195
00bbac68_5557,12215.767370989695
00bbac68_5558,12215.767300109848
00bbac68_5559,12215.768270687555
00bbac68_5560,12215.76863964688
00bbac68_5561,12215.76980664305
00bbac68_5562,12215.769874873582
00bbac68_5563,12215.769671842198
00bbac68_5564,12215.769877133778
00bbac68_5565,12215.76829841991
00bbac68_5566,12215.768850998731
00bbac68_5567,12215.767833635204
00bbac68_5568,12215.76875786166
00bbac68_5569,12215.768412390325
00bbac68_5570,12215.769732115352
00bbac68_5571,12215.770325889567
00bbac68_5572,12215.771488188328
00bbac68_5573,12215.772123101213
00bbac68_5574,12215.773479050084
00bbac68_5575,12215.772587757474
00bbac68_5576,12215.773885078
00bbac68_5577,12215.772535249253
00bbac68_5578,12215.772556023963
00bbac68_5579,12215.771004664264
00bbac68_5580,12215.771180715132
00bbac68_5581,12215.770414011613
00bbac68_5582,12215.771850852645
00bbac68_5583,12215.77154789813
00bbac68_5584,12215.773224201595
00bbac68_5585,12215.772213231681
00bbac68_5586,12215.773623541307
00bbac68_5587,12215.773530151535
00bbac68_5588,12215.773583650145
00bbac68_5589,12215.773011276433
00bbac68_5590,12215.773341955774
00bbac68_5591,12215.774688670088
00bbac68_5592,12215.775398297734
00bbac68_5593,12215.774618263364
00bbac68_5594,12215.775685045526
00bbac68_5595,12215.774476436123
00bbac68_5596,12215.775402242238
00bbac68_5597,12215.775948762983
00bbac68_5598,12215.774871906842
00bbac68_5599,12215.774623058329
00bbac68_5600,12215.7751469796
00bbac68_5601,12215.775675247132
00bbac68_5602,12215.776190340956
00bbac68_5603,12215.77603133989
00bbac68_5604,12215.777145424723
00bbac68_5605,12215.777582524348
00bbac68_5606,12215.778016974547
00bbac68_5607,12215.779816235332
00bbac68_5608,12215.77821298668
00bbac68_5609,12215.78048406443
00bbac68_5610,12215.779527641922
00bbac68_5611,12215.781601519722
00bbac68_5612,12215.781484280618
00bbac68_5613,12215.781041227769
00bbac68_5614,12215.781110978874
00bbac68_5615,12215.780877829624
00bbac68_5616,12215.780643678369
00bbac68_5617,12215.781291362586
00bbac68_5618,12215.779767190586
00bbac68_5619,12215.781415602367
00bbac68_5620,12215.779549962464
00bbac68_5621,12215.783484842652
00bbac68_5622,12215.782043490797
00bbac68_5623,12215.784218220702
00bbac68_5624,12215.782620299033
00bbac68_5625,12215.784923939886
00bbac68_5626,12215.784710587917
00bbac68_5627,12215.78503514496
00bbac68_5628,12215.78459295076
00bbac68_5629,12215.785075596923
00bbac68_5630,12215.785157902616
00bbac68_5631,12215.787355036522
00bbac68_5632,12215.78630579669
00bbac68_5633,12215.788269983856
00bbac68_5634,12215.786755782312
00bbac68_5635,12215.789238995232
00bbac68_5636,12215.78731323852
00bbac68_5637,12215.788287182635
00bbac68_5638,12215.787266683785
00bbac68_5639,12215.786898615219
00bbac68_5640,12215.787189297112
00bbac68_5641,12215.787640391078
00bbac68_5642,12215.787600599871
00bbac68_5643,12215.788930835193
00bbac68_5644,12215.788562186674
00bbac68_5645,12215.789641398524
00bbac68_5646,12215.789246770084
00bbac68_5647,12215.78993399745
00bbac68_5648,12215.788924511857
00bbac68_5649,12215.788637421212
00bbac68_5650,12215.78896563254
00bbac68_5651,12215.789293256013
00bbac68_5652,12215.789425365576
00bbac68_5653,12215.79022104849
00bbac68_5654,12215.791272839193
00bbac68_5655,12215.791047138184
00bbac68_5656,12215.790813334539
00bbac68_5657,12215.790249140939
00bbac68_5658,12215.789433785063
00bbac68_5659,12215.788581536905
00bbac68_5660,12215.78778876509
00bbac68_5661,12215.787902236894
00bbac68_5662,12215.786952157214
00bbac68_5663,12215.787762194597
00bbac68_5664,12215.787741899247
00bbac68_5665,12215.787516337119
00bbac68_5666,12215.787497223575
00bbac68_5667,12215.788566434552
00bbac68_5668,12215.7877349162
00bbac68_5669,12215.78882837536
00bbac68_5670,12215.788573277334
00bbac68_5671,12215.790327718447
00bbac68_5672,12215.790181534589
00bbac68_5673,12215.790510429597
00bbac68_5674,12215.789451617688
00bbac68_5675,12215.789561745278
00bbac68_5676,12215.789171870154
00bbac68_5677,12215.790837683555
00bbac68_5678,12215.789119928915
00bbac68_5679,12215.790704444977
00bbac68_5680,12215.789773352742
00bbac68_5681,12215.792867042712
00bbac68_5682,12215.792249506045
00bbac68_5683,12215.793044249174
00bbac68_5684,12215.79232567033
00bbac68_5685,12215.794499471182
00bbac68_5686,12215.794148571611
00bbac68_5687,12215.79646620819
00bbac68_5688,12215.79635981861
00bbac68_5689,12215.79706190889
00bbac68_5690,12215.79631950607
00bbac68_5691,12215.797034287421
00bbac68_5692,12215.796479300036
00bbac68_5693,12215.796174734038
00bbac68_5694,12215.795535586552
00bbac68_5695,12215.7974074853
00bbac68_5696,12215.795964201276
00bbac68_5697,12215.79792848933
00bbac68_5698,12215.79855341163
00bbac68_5699,12215.797791555668
00bbac68_5700,12215.797568227226
00bbac68_5701,12215.79868783204
00bbac68_5702,12215.798960240669
00bbac68_5703,12215.798025071403
00bbac68_5704,12215.798759733647
00bbac68_5705,12215.798049230149
00bbac68_5706,12215.797088778185
00bbac68_5707,12215.797007885314
00bbac68_5708,12215.797005195504
00bbac68_5709,12215.797371066212
00bbac68_5710,12215.797251772115
00bbac68_5711,12215.79796295481
00bbac68_5712,12215.797968649618
00bbac68_5713,12215.797933776492
00bbac68_5714,12215.799013047064
00bbac68_5715,12215.796780372304
00bbac68_5716,12215.797194609415
00bbac68_5717,12215.796496068931
00bbac68_5718,12215.79632612854
00bbac68_5719,12215.798045301406
00bbac68_5720,12215.796442509974
00bbac68_5721,12215.798369936962
00bbac68_5722,12215.797326094716
00bbac68_5723,12215.798176223892
00bbac68_5724,12215.798585970508
00bbac68_5725,12215.79702472812
00bbac68_5726,12215.798333384719
00bbac68_5727,12215.796675672915
00bbac68_5728,12215.797560829815
00bbac68_5729,12215.797263271013
00bbac68_5730,12215.798282074935
00bbac68_5731,12215.797865196633
00bbac68_5732,12215.798451857838
00bbac68_5733,12215.798223770373
00bbac68_5734,12215.800128754454
00bbac68_5735,12215.798534432022
00bbac68_5736,12215.801707237424
00bbac68_5737,12215.799152353196
00bbac68_5738,12215.802457830232
00bbac68_5739,12215.799439442002
00bbac68_5740,12215.802966272338
00bbac68_5741,12215.799061913276
00bbac68_5742,12215.803770527767
00bbac68_5743,12215.800494983541
00bbac68_5744,12215.803779064434
00bbac68_5745,12215.801378916014
00bbac68_5746,12215.803907454694
00bbac68_5747,12215.801276246308
00bbac68_5748,12215.802583280547
00bbac68_5749,12215.801063869822
00bbac68_5750,12215.80322075628
00bbac68_5751,12215.80088735569
00bbac68_5752,12215.804282949353
00bbac68_5753,12215.801135124528
00bbac68_5754,12215.803327810425
00bbac68_5755,12215.800400610746
00bbac68_5756,12215.801881406183
00bbac68_5757,12215.799419606852
00bbac68_5758,12215.800926250107
00bbac68_5759,12215.800628913457
00bbac68_5760,12215.800797097016
00bbac68_5761,12215.799790680452
00bbac68_5762,12215.799474494434
00bbac68_5763,12215.798026330034
00bbac68_5764,12215.797929030061
00bbac68_5765,12215.796863007057
00bbac68_5766,12215.797176909244
00bbac68_5767,12215.797323580873
00bbac68_5768,12215.797704043614
00bbac68_5769,12215.797423047092
00bbac68_5770,12215.797453476409
00bbac68_5771,12215.796572402647
00bbac68_5772,12215.796695758367
00bbac68_5773,12215.795549387421
00bbac68_5774,12215.796700545498
00bbac68_5775,12215.79620931984
00bbac68_5776,12215.79676686459
00bbac68_5777,12215.796417274589
00bbac68_5778,12215.794683581516
00bbac68_5779,12215.795094885132
00bbac68_5780,12215.793180056527
00bbac68_5781,12215.793027791166
00bbac68_5782,12215.791629858591
00bbac68_5783,12215.790461640854
00bbac68_5784,12215.791853661902
00bbac68_5785,12215.789749492043
00bbac68_5786,12215.791015240895
00bbac68_5787,12215.789374558615
00bbac68_5788,12215.789623599176
00bbac68_5789,12215.78903331029
00bbac68_5790,12215.789438070278
00bbac68_5791,12215.789068832246
00bbac68_5792,12215.788494492135
00bbac68_5793,12215.789556609685
00bbac68_5794,12215.789767146514
00bbac68_5795,12215.789020322565
00bbac68_5796,12215.789917441805
00bbac68_5797,12215.78905910582
00bbac68_5798,12215.788171423916
00bbac68_5799,12215.787291921824
00bbac68_5800,12215.7881857366
00bbac68_5801,12215.786266926885
00bbac68_5802,12215.787339245087
00bbac68_5803,12215.787932864827
00bbac68_5804,12215.787239767778
00bbac68_5805,12215.787401806825
00bbac68_5806,12215.786978327424
00bbac68_5807,12215.786551750993
00bbac68_5808,12215.78701950603
00bbac68_5809,12215.786709138356
00bbac68_5810,12215.787353738862
00bbac68_5811,12215.786587214403
00bbac68_5812,12215.787263090278
00bbac68_5813,12215.788729599368
00bbac68_5814,12215.787252913571
00bbac68_5815,12215.78813517082
00bbac68_5816,12215.786546781732
00bbac68_5817,12215.787938139973
00bbac68_5818,12215.787094341955
00bbac68_5819,12215.788629041968
00bbac68_5820,12215.787058146605
00bbac68_5821,12215.788223081589
00bbac68_5822,12215.786660366815
00bbac68_5823,12215.788210621788
00bbac68_5824,12215.785289761952
00bbac68_5825,12215.786255329267
00bbac68_5826,12215.783659258326
00bbac68_5827,12215.78611337931
00bbac68_5828,12215.784107955711
00bbac68_5829,12215.787137131501
00bbac68_5830,12215.784316428619
00bbac68_5831,12215.786900608702
00bbac68_5832,12215.784253403137
00bbac68_5833,12215.786027569702
00bbac68_5834,12215.782659422162
00bbac68_5835,12215.78386866283
00bbac68_5836,12215.78134277383
00bbac68_5837,12215.783800951533
00bbac68_5838,12215.780971001011
00bbac68_5839,12215.783263148527
00bbac68_5840,12215.7806529499
00bbac68_5841,12215.78345982167
00bbac68_5842,12215.781131998669
00bbac68_5843,12215.783491290664
00bbac68_5844,12215.780859463279
00bbac68_5845,12215.782398821497
00bbac68_5846,12215.780224155784
00bbac68_5847,12215.781107233233
00bbac68_5848,12215.779194963488
00bbac68_5849,12215.779899943638
00bbac68_5850,12215.777636338618
00bbac68_5851,12215.778330508538
00bbac68_5852,12215.775947255286
00bbac68_5853,12215.775496961513
00bbac68_5854,12215.77384948625
00bbac68_5855,12215.773690695072
00bbac68_5856,12215.772614945923
00bbac68_5857,12215.772474878511
00bbac68_5858,12215.77190913033
00bbac68_5859,12215.77076306548
00bbac68_5860,12215.770406355427
00bbac68_5861,12215.769916464062
00bbac68_5862,12215.769241526697
00bbac68_5863,12215.767036378558
00bbac68_5864,12215.767986382785
00bbac68_5865,12215.766552686062
00bbac68_5866,12215.76610350467
00bbac68_5867,12215.76503381188
00bbac68_5868,12215.7645973334
00bbac68_5869,12215.762254962923
00bbac68_5870,12215.763256187496
00bbac68_5871,12215.76165526775
00bbac68_5872,12215.761289759854
00bbac68_5873,12215.759818166458
00bbac68_5874,12215.75990483524
00bbac68_5875,12215.759036702677
00bbac68_5876,12215.757917441144
00bbac68_5877,12215.75847887969
00bbac68_5878,12215.757309108882
00bbac68_5879,12215.757618544321
00bbac68_5880,12215.756592731916
00bbac68_5881,12215.756879130342
00bbac68_5882,12215.754817590543
00bbac68_5883,12215.75591652003
00bbac68_5884,12215.753085773704
00bbac68_5885,12215.753810942642
00bbac68_5886,12215.751626400497
00bbac68_5887,12215.752084030726
00bbac68_5888,12215.749072480476
00bbac68_5889,12215.750698818465
00bbac68_5890,12215.747532505691
00bbac68_5891,12215.749053765467
00bbac68_5892,12215.747208881367
00bbac68_5893,12215.748680488246
00bbac68_5894,12215.745991870823
00bbac68_5895,12215.746456514371
00bbac68_5896,12215.745432548332
00bbac68_5897,12215.743874217955
00bbac68_5898,12215.742088420364
00bbac68_5899,12215.741475531699
00bbac68_5900,12215.739660794628
00bbac68_5901,12215.740321275605
00bbac68_5902,12215.739286755108
00bbac68_5903,12215.738733830174
00bbac68_5904,12215.737392576471
00bbac68_5905,12215.737082416452
00bbac68_5906,12215.736403209534
00bbac68_5907,12215.73458907098
00bbac68_5908,12215.73364142967
00bbac68_5909,12215.732478801181
00bbac68_5910,12215.732480601488
00bbac68_5911,12215.7325135377
00bbac68_5912,12215.731513948971
00bbac68_5913,12215.731226141497
00bbac68_5914,12215.73062550282
00bbac68_5915,12215.730019843071
00bbac68_5916,12215.729228437387
00bbac68_5917,12215.728264623354
00bbac68_5918,12215.727603206149
00bbac68_5919,12215.726980296186
00bbac68_5920,12215.725962968681
00bbac68_5921,12215.724828100485
00bbac68_5922,12215.722709465528
00bbac68_5923,12215.722300167803
00bbac68_5924,12215.721227257476
00bbac68_5925,12215.721024322724
00bbac68_5926,12215.720184628051
00bbac68_5927,12215.718925401
00bbac68_5928,12215.71922554525
00bbac68_5929,12215.718830024756
00bbac68_5930,12215.71848780208
00bbac68_5931,12215.716761910131
00bbac68_5932,12215.715938727713
00bbac68_5933,12215.715990543173
00bbac68_5934,12215.714992476158
00bbac68_5935,12215.715777869591
00bbac68_5936,12215.71475856187
00bbac68_5937,12215.713804640109
00bbac68_5938,12215.71479542624
00bbac68_5939,12215.714452106291
00bbac68_5940,12215.713899355163
00bbac68_5941,12215.713334232958
00bbac68_5942,12215.713002959816
00bbac68_5943,12215.713604200608
00bbac68_5944,12215.713110910749
00bbac68_5945,12215.714082452261
00bbac68_5946,12215.714357334022
00bbac68_5947,12215.714252217738
00bbac68_5948,12215.714616573876
00bbac68_5949,12215.714695928375
00bbac68_5950,12215.713887684844
00bbac68_5951,12215.71355025337
00bbac68_5952,12215.713563759198
00bbac68_5953,12215.714340173156
00bbac68_5954,12215.713588888577
00bbac68_5955,12215.714466142335
00bbac68_5956,12215.714918728667
00bbac68_5957,12215.714169104333
00bbac68_5958,12215.714932917032
00bbac68_5959,12215.715314384202
00bbac68_5960,12215.714280475666
00bbac68_5961,12215.714969548932
00bbac68_5962,12215.715543685215
00bbac68_5963,12215.714677538374
00bbac68_5964,12215.715620003135
00bbac68_5965,12215.71657345975
00bbac68_5966,12215.717039947209
00bbac68_5967,12215.716355555249
00bbac68_5968,12215.718438079737
00bbac68_5969,12215.717742483102
00bbac68_5970,12215.718211828538
00bbac68_5971,12215.717840088226
00bbac68_5972,12215.718101915925
00bbac68_5973,12215.717272542905
00bbac68_5974,12215.718648837767
00bbac68_5975,12215.71758128556
00bbac68_5976,12215.718317050425
00bbac68_5977,12215.717493886781
00bbac68_5978,12215.719388992384
00bbac68_5979,12215.718273687082
00bbac68_5980,12215.718278478716
00bbac68_5981,12215.717660792994
00bbac68_5982,12215.718537227358
00bbac68_5983,12215.718522186013
00bbac68_5984,12215.71876909172
00bbac68_5985,12215.717275455361
00bbac68_5986,12215.718739753542
00bbac68_5987,12215.718560117053
00bbac68_5988,12215.72019359293
00bbac68_5989,12215.71970662593
00bbac68_5990,12215.720368493909
00bbac68_5991,12215.720517283438
00bbac68_5992,12215.719924272285
00bbac68_5993,12215.720424668893
00bbac68_5994,12215.71945423933
00bbac68_5995,12215.71917154414
00bbac68_5996,12215.719812864045
00bbac68_5997,12215.719903892683
00bbac68_5998,12215.720802566218
00bbac68_5999,12215.720719063394
00bbac68_6000,12215.72016783733
00bbac68_6001,12215.719806190526
00bbac68_6002,12215.71941434544
00bbac68_6003,12215.720267546862
00bbac68_6004,12215.72005189828
00bbac68_6005,12215.721316779716
00bbac68_6006,12215.721473010404
00bbac68_6007,12215.722223457096
00bbac68_6008,12215.722580420614
00bbac68_6009,12215.722320251167
00bbac68_6010,12215.721515922982
00bbac68_6011,12215.721921948625
00bbac68_6012,12215.721448921231
00bbac68_6013,12215.721115986085
00bbac68_6014,12215.719722866059
00bbac68_6015,12215.720123479026
00bbac68_6016,12215.719347422175
00bbac68_6017,12215.720554219804
00bbac68_6018,12215.720855701926
00bbac68_6019,12215.722282502678
00bbac68_6020,12215.723085569165
00bbac68_6021,12215.724437923425
00bbac68_6022,12215.724481430188
00bbac68_6023,12215.724712960164
00bbac68_6024,12215.724005090367
00bbac68_6025,12215.724685480684
00bbac68_6026,12215.724539045592
00bbac68_6027,12215.72543996777
00bbac68_6028,12215.725705941484
00bbac68_6029,12215.727559184568
00bbac68_6030,12215.727548578954
00bbac68_6031,12215.72786293297
00bbac68_6032,12215.726871524606
00bbac68_6033,12215.726419010982
00bbac68_6034,12215.724946896304
00bbac68_6035,12215.724706582085
00bbac68_6036,12215.723673243403
00bbac68_6037,12215.723553404263
00bbac68_6038,12215.7230522727
00bbac68_6039,12215.724206343577
00bbac68_6040,12215.723465830015
00bbac68_6041,12215.723705304608
00bbac68_6042,12215.723429911086
00bbac68_6043,12215.723699493934
00bbac68_6044,12215.723820298448
00bbac68_6045,12215.72454195912
00bbac68_6046,12215.724423720523
00bbac68_6047,12215.724757024047
00bbac68_6048,12215.724489968547
00bbac68_6049,12215.725056905594
00bbac68_6050,12215.724626459494
00bbac68_6051,12215.724714586893
00bbac68_6052,12215.724779041057
00bbac68_6053,12215.725088412264
00bbac68_6054,12215.725681186996
00bbac68_6055,12215.726452001829
00bbac68_6056,12215.726830422418
00bbac68_6057,12215.727120713193
00bbac68_6058,12215.728928662409
00bbac68_6059,12215.728919765646
00bbac68_6060,12215.729624475123
00bbac68_6061,12215.728937427917
00bbac68_6062,12215.729118386604
00bbac68_6063,12215.728058804749
00bbac68_6064,12215.728110149143
00bbac68_6065,12215.727192997929
00bbac68_6066,12215.726785574669
00bbac68_6067,12215.726050291352
00bbac68_6068,12215.727038929519
00bbac68_6069,12215.725962894814
00bbac68_6070,12215.726551420485
00bbac68_6071,12215.725477906517
00bbac68_6072,12215.726074638724
00bbac68_6073,12215.72540914303
00bbac68_6074,12215.7262185296
00bbac68_6075,12215.726225480896
00bbac68_6076,12215.726668650097
00bbac68_6077,12215.726524524644
00bbac68_6078,12215.726338021508
00bbac68_6079,12215.72503297495
00bbac68_6080,12215.725166106175
00bbac68_6081,12215.724280183616
00bbac68_6082,12215.724687708847
00bbac68_6083,12215.724968648654
00bbac68_6084,12215.72621593147
00bbac68_6085,12215.727191245109
00bbac68_6086,12215.728241233272
00bbac68_6087,12215.728740874685
00bbac68_6088,12215.728692797842
00bbac68_6089,12215.728264196709
00bbac68_6090,12215.728555775006
00bbac68_6091,12215.727890538077
00bbac68_6092,12215.727994629673
00bbac68_6093,12215.727962099794
00bbac68_6094,12215.72847004289
00bbac68_6095,12215.728801196863
00bbac68_6096,12215.729213760269
00bbac68_6097,12215.729388827098
00bbac68_6098,12215.729586978103
00bbac68_6099,12215.72942897565
00bbac68_6100,12215.729240116723
00bbac68_6101,12215.728763610536
00bbac68_6102,12215.728492184197
00bbac68_6103,12215.7282123835
00bbac68_6104,12215.728042456929
00bbac68_6105,12215.727709182389
00bbac68_6106,12215.726913600489
00bbac68_6107,12215.725672716135
00bbac68_6108,12215.7260465683
00bbac68_6109,12215.725544239607
00bbac68_6110,12215.726541507112
00bbac68_6111,12215.726980785366
00bbac68_6112,12215.72832480132
00bbac68_6113,12215.728944268616
00bbac68_6114,12215.730180406335
00bbac68_6115,12215.729885417404
00bbac68_6116,12215.729717936694
00bbac68_6117,12215.728854138699
00bbac68_6118,12215.729336126527
00bbac68_6119,12215.728441483974
00bbac68_6120,12215.728879370621
00bbac68_6121,12215.728017498139
00bbac68_6122,12215.727147786598
00bbac68_6123,12215.727069416527
00bbac68_6124,12215.727123048842
00bbac68_6125,12215.727247184948
00bbac68_6126,12215.727583832513
00bbac68_6127,12215.728610791492
00bbac68_6128,12215.72863330459
00bbac68_6129,12215.729303158085
00bbac68_6130,12215.728537597457
00bbac68_6131,12215.727668157513
00bbac68_6132,12215.72498959135
00bbac68_6133,12215.725117915905
00bbac68_6134,12215.72330092904
00bbac68_6135,12215.72383212888
00bbac68_6136,12215.722440960079
00bbac68_6137,12215.722062231183
00bbac68_6138,12215.721451837275
00bbac68_6139,12215.721381811032
00bbac68_6140,12215.719491698786
00bbac68_6141,12215.719465924063
00bbac68_6142,12215.717417501506
00bbac68_6143,12215.71708100809
00bbac68_6144,12215.71635595048
00bbac68_6145,12215.716190398685
00bbac68_6146,12215.714335783296
00bbac68_6147,12215.713852353576
00bbac68_6148,12215.713200610779
00bbac68_6149,12215.713209919442
00bbac68_6150,12215.711433611428
00bbac68_6151,12215.712577348484
00bbac68_6152,12215.710580631356
00bbac68_6153,12215.71120173686
00bbac68_6154,12215.710372987036
00bbac68_6155,12215.710416919563
00bbac68_6156,12215.708564664266
00bbac68_6157,12215.708533952933
00bbac68_6158,12215.706987191566
00bbac68_6159,12215.706411396157
00bbac68_6160,12215.704519185758
00bbac68_6161,12215.705045507599
00bbac68_6162,12215.70276193562
00bbac68_6163,12215.703069749832
00bbac68_6164,12215.702119659596
00bbac68_6165,12215.702067033857
00bbac68_6166,12215.700315427432
00bbac68_6167,12215.699954313925
00bbac68_6168,12215.699039499226
00bbac68_6169,12215.6984772903
00bbac68_6170,12215.697808143972
00bbac68_6171,12215.69695547182
00bbac68_6172,12215.695358197718
00bbac68_6173,12215.694425094043
00bbac68_6174,12215.694071685126
00bbac68_6175,12215.69252585818
00bbac68_6176,12215.692187540943
00bbac68_6177,12215.691190087971
00bbac68_6178,12215.691475107498
00bbac68_6179,12215.691174182248
00bbac68_6180,12215.690742801213
00bbac68_6181,12215.690299671442
00bbac68_6182,12215.689914153503
00bbac68_6183,12215.689322692408
00bbac68_6184,12215.68902961269
00bbac68_6185,12215.688154768064
00bbac68_6186,12215.68736429217
00bbac68_6187,12215.685280413472
00bbac68_6188,12215.685056615717
00bbac68_6189,12215.68377035445
00bbac68_6190,12215.683788879194
00bbac68_6191,12215.68315285289
00bbac68_6192,12215.682166905182
00bbac68_6193,12215.682201263202
00bbac68_6194,12215.682029462198
00bbac68_6195,12215.68161149975
00bbac68_6196,12215.680305108872
00bbac68_6197,12215.679516665668
00bbac68_6198,12215.679075640684
00bbac68_6199,12215.677437514849
00bbac68_6200,12215.67706081457
00bbac68_6201,12215.67499856474
00bbac68_6202,12215.674606206343
00bbac68_6203,12215.674422347518
00bbac68_6204,12215.673728710226
00bbac68_6205,12215.673649734923
00bbac68_6206,12215.672540400916
00bbac68_6207,12215.672804229702
00bbac68_6208,12215.670780085466
00bbac68_6209,12215.669757111866
00bbac68_6210,12215.669323451923
00bbac68_6211,12215.667893410215
00bbac68_6212,12215.66853423504
00bbac68_6213,12215.66700888579
00bbac68_6214,12215.66651626346
00bbac68_6215,12215.666087866823
00bbac68_6216,12215.664817628098
00bbac68_6217,12215.66396906172
00bbac68_6218,12215.663102528815
00bbac68_6219,12215.662377607034
00bbac68_6220,12215.661624692868
00bbac68_6221,12215.660661181388
00bbac68_6222,12215.66064668354
00bbac68_6223,12215.65887384388
00bbac68_6224,12215.658270598924
00bbac68_6225,12215.656810490536
00bbac68_6226,12215.655355472756
00bbac68_6227,12215.653790861066
00bbac68_6228,12215.65311916618
00bbac68_6229,12215.651422261173
00bbac68_6230,12215.650619951382
00bbac68_6231,12215.649942035587
00bbac68_6232,12215.649699796722
00bbac68_6233,12215.648545954886
00bbac68_6234,12215.647949240749
00bbac68_6235,12215.646737613348
00bbac68_6236,12215.645347612714
00bbac68_6237,12215.643158453331
00bbac68_6238,12215.641944281524
00bbac68_6239,12215.640196087541
00bbac68_6240,12215.638679849417
00bbac68_6241,12215.637836220078
00bbac68_6242,12215.636787851563
00bbac68_6243,12215.635450292895
00bbac68_6244,12215.634903050312
00bbac68_6245,12215.633681285995
00bbac68_6246,12215.632821635125
00bbac68_6247,12215.63161375784
00bbac68_6248,12215.631439031216
00bbac68_6249,12215.630142387436
00bbac68_6250,12215.629620240547
00bbac68_6251,12215.628756773294
00bbac68_6252,12215.627323955525
00bbac68_6253,12215.626123516688
00bbac68_6254,12215.624810307501
00bbac68_6255,12215.622854276942
00bbac68_6256,12215.621767004002
00bbac68_6257,12215.620682733577
00bbac68_6258,12215.619727695615
00bbac68_6259,12215.61810366886
00bbac68_6260,12215.61697830485
00bbac68_6261,12215.615203207353
00bbac68_6262,12215.614162430724
00bbac68_6263,12215.613321985531
00bbac68_6264,12215.612050784002
00bbac68_6265,12215.611048209903
00bbac68_6266,12215.610455166145
00bbac68_6267,12215.60990706469
00bbac68_6268,12215.608964191266
00bbac68_6269,12215.607810478557
00bbac68_6270,12215.606163774344
00bbac68_6271,12215.604498264038
00bbac68_6272,12215.603308246475
00bbac68_6273,12215.602255674226
00bbac68_6274,12215.600877164841
00bbac68_6275,12215.599645703303
00bbac68_6276,12215.598316531203
00bbac68_6277,12215.597350877684
00bbac68_6278,12215.59695244591
00bbac68_6279,12215.596016820644
00bbac68_6280,12215.594788331571
00bbac68_6281,12215.593472472072
00bbac68_6282,12215.59266189321
00bbac68_6283,12215.591546748396
00bbac68_6284,12215.590009268712
00bbac68_6285,12215.588925769614
00bbac68_6286,12215.587640266205
00bbac68_6287,12215.586647249984
00bbac68_6288,12215.586191821481
00bbac68_6289,12215.585428307366
00bbac68_6290,12215.5844033042
00bbac68_6291,12215.582864617692
00bbac68_6292,12215.581604964014
00bbac68_6293,12215.580180383986
00bbac68_6294,12215.579298810131
00bbac68_6295,12215.578737312964
00bbac68_6296,12215.577732471005
00bbac68_6297,12215.576603300606
00bbac68_6298,12215.575759375224
00bbac68_6299,12215.574613615934
00bbac68_6300,12215.572341564792
00bbac68_6301,12215.57064498288
00bbac68_6302,12215.569353753646
00bbac68_6303,12215.568688869273
00bbac68_6304,12215.568605052435
00bbac68_6305,12215.568400950375
00bbac68_6306,12215.567460890243
00bbac68_6307,12215.566791812478
00bbac68_6308,12215.566517309799
00bbac68_6309,12215.565121930187
00bbac68_6310,12215.564319899955
00bbac68_6311,12215.564815463702
00bbac68_6312,12215.564708753662
00bbac68_6313,12215.5653519025
00bbac68_6314,12215.56558724542
00bbac68_6315,12215.566107179333
00bbac68_6316,12215.565470261725
00bbac68_6317,12215.566405190886
00bbac68_6318,12215.566976804585
00bbac68_6319,12215.567766342281
00bbac68_6320,12215.568973216894
00bbac68_6321,12215.571053112664
00bbac68_6322,12215.571581276854
00bbac68_6323,12215.573629519771
00bbac68_6324,12215.574144412858
00bbac68_6325,12215.575846933576
00bbac68_6326,12215.57675277079
00bbac68_6327,12215.577338713245
00bbac68_6328,12215.577636573316
00bbac68_6329,12215.577703484569
00bbac68_6330,12215.577147427062
00bbac68_6331,12215.577655136169
00bbac68_6332,12215.576345139012
00bbac68_6333,12215.576389267622
00bbac68_6334,12215.575746788176
00bbac68_6335,12215.576420851485
00bbac68_6336,12215.575812642006
00bbac68_6337,12215.575054565974
00bbac68_6338,12215.5753519698
00bbac68_6339,12215.575078995715
00bbac68_6340,12215.574645789926
00bbac68_6341,12215.574724896747
00bbac68_6342,12215.574589332664
00bbac68_6343,12215.57543138136
00bbac68_6344,12215.57635789763
00bbac68_6345,12215.576272614127
00bbac68_6346,12215.576360016517
00bbac68_6347,12215.577500699612
00bbac68_6348,12215.578643533197
00bbac68_6349,12215.579657702721
00bbac68_6350,12215.57999999799
00bbac68_6351,12215.581105880963
00bbac68_6352,12215.582184329342
00bbac68_6353,12215.583051333335
00bbac68_6354,12215.583395734218
00bbac68_6355,12215.583005893815
00bbac68_6356,12215.583395948976
00bbac68_6357,12215.583591658196
00bbac68_6358,12215.583873586838
00bbac68_6359,12215.58441034623
00bbac68_6360,12215.584933817783
00bbac68_6361,12215.58555789633
00bbac68_6362,12215.58607114618
00bbac68_6363,12215.58651367815
00bbac68_6364,12215.586980651024
00bbac68_6365,12215.58747695237
00bbac68_6366,12215.58800227437
00bbac68_6367,12215.588598024626
00bbac68_6368,12215.58945272358
00bbac68_6369,12215.590845082217
00bbac68_6370,12215.592623885848
00bbac68_6371,12215.594056906311
00bbac68_6372,12215.594950962282
00bbac68_6373,12215.595556361739
00bbac68_6374,12215.596359527568
00bbac68_6375,12215.597020506677
00bbac68_6376,12215.597232959535
00bbac68_6377,12215.597212472772
00bbac68_6378,12215.597672528085
00bbac68_6379,12215.598608838085
00bbac68_6380,12215.599442444953
00bbac68_6381,12215.599779672042
00bbac68_6382,12215.600269141712
00bbac68_6383,12215.601156706412
00bbac68_6384,12215.602200292218
00bbac68_6385,12215.603297576949
00bbac68_6386,12215.604266743143
00bbac68_6387,12215.605291508726
00bbac68_6388,12215.606648294419
00bbac68_6389,12215.607315687546
00bbac68_6390,12215.607608867787
00bbac68_6391,12215.607944353407
00bbac68_6392,12215.608482783957
00bbac68_6393,12215.60919551329
00bbac68_6394,12215.609584906411
00bbac68_6395,12215.610466891892
00bbac68_6396,12215.61145513499
00bbac68_6397,12215.61248552175
00bbac68_6398,12215.613241669686
00bbac68_6399,12215.613729893046
00bbac68_6400,12215.614161109072
00bbac68_6401,12215.614744354098
00bbac68_6402,12215.615199519596
00bbac68_6403,12215.616324625098
00bbac68_6404,12215.61685156131
00bbac68_6405,12215.61741168873
00bbac68_6406,12215.617808907267
00bbac68_6407,12215.61816518185
00bbac68_6408,12215.618953020254
00bbac68_6409,12215.61938153109
00bbac68_6410,12215.61950996927
00bbac68_6411,12215.620365102408
00bbac68_6412,12215.620693744673
00bbac68_6413,12215.621061889982
00bbac68_6414,12215.621391727107
00bbac68_6415,12215.621366727435
00bbac68_6416,12215.621108586845
00bbac68_6417,12215.621456634366
00bbac68_6418,12215.621804785804
00bbac68_6419,12215.621314366788
00bbac68_6420,12215.62150142834
00bbac68_6421,12215.621562193686
00bbac68_6422,12215.620899465292
00bbac68_6423,12215.621030700724
00bbac68_6424,12215.621192310264
00bbac68_6425,12215.620607640109
00bbac68_6426,12215.620738101075
00bbac68_6427,12215.620877977732
00bbac68_6428,12215.620266206475
00bbac68_6429,12215.619840250984
00bbac68_6430,12215.619757673303
00bbac68_6431,12215.619942605508
00bbac68_6432,12215.61984070045
00bbac68_6433,12215.620054084628
00bbac68_6434,12215.620218591721
00bbac68_6435,12215.620148329906
00bbac68_6436,12215.620269725336
00bbac68_6437,12215.619710749219
00bbac68_6438,12215.619130982288
00bbac68_6439,12215.61935610955
00bbac68_6440,12215.619173238007
00bbac68_6441,12215.619349627774
00bbac68_6442,12215.618822989134
00bbac68_6443,12215.618447088767
00bbac68_6444,12215.618591859631
00bbac68_6445,12215.618106333739
00bbac68_6446,12215.618272805987
00bbac68_6447,12215.618207550866
00bbac68_6448,12215.61813566395
00bbac68_6449,12215.618607994802
00bbac68_6450,12215.618254209898
00bbac68_6451,12215.618080279644
00bbac68_6452,12215.617927175095
00bbac68_6453,12215.618266874902
00bbac68_6454,12215.618196679487
00bbac68_6455,12215.61808213382
00bbac68_6456,12215.618518612111
00bbac68_6457,12215.618097733379
00bbac68_6458,12215.617644506505
00bbac68_6459,12215.617203591075
00bbac68_6460,12215.616806728389
00bbac68_6461,12215.616460604655
00bbac68_6462,12215.616318517043
00bbac68_6463,12215.616601114973
00bbac68_6464,12215.616342418076
00bbac68_6465,12215.616168833354
00bbac68_6466,12215.616383922777
00bbac68_6467,12215.61630646945
00bbac68_6468,12215.616359597345
00bbac68_6469,12215.61621317729
00bbac68_6470,12215.61629853821
00bbac68_6471,12215.616222638782
00bbac68_6472,12215.616284251802
00bbac68_6473,12215.616145404143
00bbac68_6474,12215.616203510232
00bbac68_6475,12215.616062638564
00bbac68_6476,12215.616343802249
00bbac68_6477,12215.616249822644
00bbac68_6478,12215.616185273706
00bbac68_6479,12215.615942806699
00bbac68_6480,12215.615867613928
00bbac68_6481,12215.615574544003
00bbac68_6482,12215.615267872863
00bbac68_6483,12215.614479409676
00bbac68_6484,12215.613900693093
00bbac68_6485,12215.61360613888
00bbac68_6486,12215.613614125741
00bbac68_6487,12215.613628169765
00bbac68_6488,12215.613769737316
00bbac68_6489,12215.614172999558
00bbac68_6490,12215.614112930094
00bbac68_6491,12215.613842267903
00bbac68_6492,12215.613934252155
00bbac68_6493,12215.613596326199
00bbac68_6494,12215.613582583821
00bbac68_6495,12215.613778289084
00bbac68_6496,12215.61383349253
00bbac68_6497,12215.613650955904
00bbac68_6498,12215.613539055012
00bbac68_6499,12215.613639573343
00bbac68_6500,12215.613100437826
00bbac68_6501,12215.612973580439
00bbac68_6502,12215.612771975728
00bbac68_6503,12215.612446928833
00bbac68_6504,12215.612583765389
00bbac68_6505,12215.61224983344
00bbac68_6506,12215.611900472719
00bbac68_6507,12215.61182153504
00bbac68_6508,12215.611940984876
00bbac68_6509,12215.612178038215
00bbac68_6510,12215.611801687093
00bbac68_6511,12215.611477039527
00bbac68_6512,12215.61108778575
00bbac68_6513,12215.610487861351
00bbac68_6514,12215.61012912637
00bbac68_6515,12215.609687228778
00bbac68_6516,12215.609254724706
00bbac68_6517,12215.609279959523
00bbac68_6518,12215.60924624838
00bbac68_6519,12215.608873597077
00bbac68_6520,12215.608101899526
00bbac68_6521,12215.607799906053
00bbac68_6522,12215.60791214063
00bbac68_6523,12215.607409150576
00bbac68_6524,12215.607552379057
00bbac68_6525,12215.607954630832
00bbac68_6526,12215.60759709528
00bbac68_6527,12215.607288896517
00bbac68_6528,12215.607247087926
00bbac68_6529,12215.607140451353
00bbac68_6530,12215.606803189403
00bbac68_6531,12215.606783383773
00bbac68_6532,12215.606941234495
00bbac68_6533,12215.606470281899
00bbac68_6534,12215.606072982477
00bbac68_6535,12215.605534665008
00bbac68_6536,12215.604930413425
00bbac68_6537,12215.604712162754
00bbac68_6538,12215.604542333702
00bbac68_6539,12215.60434032131
00bbac68_6540,12215.604112345107
00bbac68_6541,12215.6044648618
00bbac68_6542,12215.60439273405
00bbac68_6543,12215.603662938523
00bbac68_6544,12215.60285491772
00bbac68_6545,12215.602611228267
00bbac68_6546,12215.602873630807
00bbac68_6547,12215.60283925175
00bbac68_6548,12215.602264007768
00bbac68_6549,12215.6017086576
00bbac68_6550,12215.601480480971
00bbac68_6551,12215.601512539262
00bbac68_6552,12215.601408551565
00bbac68_6553,12215.60106822113
00bbac68_6554,12215.60068993183
00bbac68_6555,12215.600554832363
00bbac68_6556,12215.600159234902
00bbac68_6557,12215.599438308307
00bbac68_6558,12215.598786192058
00bbac68_6559,12215.598625968654
00bbac68_6560,12215.598873450892
00bbac68_6561,12215.599154330052
00bbac68_6562,12215.599315708632
00bbac68_6563,12215.598876918424
00bbac68_6564,12215.5982960136
00bbac68_6565,12215.597582333081
00bbac68_6566,12215.59681189061
00bbac68_6567,12215.596332620524
00bbac68_6568,12215.5959934833
00bbac68_6569,12215.596384294195
00bbac68_6570,12215.597360630574
00bbac68_6571,12215.59827031015
00bbac68_6572,12215.598572486562
00bbac68_6573,12215.598513148452
00bbac68_6574,12215.598105817036
00bbac68_6575,12215.597511403521
00bbac68_6576,12215.596590069195
00bbac68_6577,12215.595595706527
00bbac68_6578,12215.594489309162
00bbac68_6579,12215.5936302164
00bbac68_6580,12215.593353861372
00bbac68_6581,12215.59345632311
00bbac68_6582,12215.593267850314
00bbac68_6583,12215.593244119009
00bbac68_6584,12215.593235042867
00bbac68_6585,12215.59315681857
00bbac68_6586,12215.592871030673
00bbac68_6587,12215.592753003428
00bbac68_6588,12215.592594660338
00bbac68_6589,12215.59220026586
00bbac68_6590,12215.591945868944
00bbac68_6591,12215.591936661353
00bbac68_6592,12215.591781188159
00bbac68_6593,12215.5914529567
00bbac68_6594,12215.590979994102
00bbac68_6595,12215.589819278102
00bbac68_6596,12215.588919112935
00bbac68_6597,12215.588536388921
00bbac68_6598,12215.588602654054
00bbac68_6599,12215.58875165162
00bbac68_6600,12215.589283925066
00bbac68_6601,12215.590065068842
00bbac68_6602,12215.590667632674
00bbac68_6603,12215.590877970546
00bbac68_6604,12215.59078467456
00bbac68_6605,12215.589993612783
00bbac68_6606,12215.58946270588
00bbac68_6607,12215.58835806906
00bbac68_6608,12215.587937109527
00bbac68_6609,12215.58779058038
00bbac68_6610,12215.587893410651
00bbac68_6611,12215.588226787342
00bbac68_6612,12215.588637802597
00bbac68_6613,12215.588819461043
00bbac68_6614,12215.588338933941
00bbac68_6615,12215.587853222645
00bbac68_6616,12215.58747456139
00bbac68_6617,12215.586903773234
00bbac68_6618,12215.587136916576
00bbac68_6619,12215.58748505278
00bbac68_6620,12215.587223880922
00bbac68_6621,12215.587298644183
00bbac68_6622,12215.587535245984
00bbac68_6623,12215.58738337129
00bbac68_6624,12215.586892301728
00bbac68_6625,12215.58690005061
00bbac68_6626,12215.58648465981
00bbac68_6627,12215.586439575925
00bbac68_6628,12215.586405759115
00bbac68_6629,12215.586311009927
00bbac68_6630,12215.585361002166
00bbac68_6631,12215.585005770012
00bbac68_6632,12215.585003358105
00bbac68_6633,12215.585280814885
00bbac68_6634,12215.58514780958
00bbac68_6635,12215.585191191054
00bbac68_6636,12215.584940092918
00bbac68_6637,12215.585311884815
00bbac68_6638,12215.584994611807
00bbac68_6639,12215.585034926935
00bbac68_6640,12215.58497764217
00bbac68_6641,12215.585212573962
00bbac68_6642,12215.585026456258
00bbac68_6643,12215.584823447018
00bbac68_6644,12215.584339149864
00bbac68_6645,12215.584091215227
00bbac68_6646,12215.583950820244
00bbac68_6647,12215.58409512619
00bbac68_6648,12215.58378419949
00bbac68_6649,12215.583647936899
00bbac68_6650,12215.583925899598
00bbac68_6651,12215.58409912922
00bbac68_6652,12215.583411936015
00bbac68_6653,12215.583060806795
00bbac68_6654,12215.583056489104
00bbac68_6655,12215.582181319125
00bbac68_6656,12215.582066733954
00bbac68_6657,12215.582606301108
00bbac68_6658,12215.582213987533
00bbac68_6659,12215.581817000666
00bbac68_6660,12215.581561678675
00bbac68_6661,12215.581729280439
00bbac68_6662,12215.581900607487
00bbac68_6663,12215.58183464178
00bbac68_6664,12215.582054653314
00bbac68_6665,12215.581870966344
00bbac68_6666,12215.58177051811
00bbac68_6667,12215.581912774218
00bbac68_6668,12215.580913334463
00bbac68_6669,12215.580677264777
00bbac68_6670,12215.579920652981
00bbac68_6671,12215.580109247921
00bbac68_6672,12215.580665918784
00bbac68_6673,12215.580310731253
00bbac68_6674,12215.580582730836
00bbac68_6675,12215.58050388466
00bbac68_6676,12215.580173367935
00bbac68_6677,12215.579862293489
00bbac68_6678,12215.57965014613
00bbac68_6679,12215.580067538094
00bbac68_6680,12215.57979600536
00bbac68_6681,12215.580104037865
00bbac68_6682,12215.580056380673
00bbac68_6683,12215.579832281577
00bbac68_6684,12215.579396655701
00bbac68_6685,12215.578869533372
00bbac68_6686,12215.57831580249
00bbac68_6687,12215.577823312415
00bbac68_6688,12215.577771692067
00bbac68_6689,12215.577936015012
00bbac68_6690,12215.577368077082
00bbac68_6691,12215.577494830315
00bbac68_6692,12215.576914504622
00bbac68_6693,12215.577062021652
00bbac68_6694,12215.576576096311
00bbac68_6695,12215.57606313705
00bbac68_6696,12215.576052567272
00bbac68_6697,12215.57627262393
00bbac68_6698,12215.5765766908
00bbac68_6699,12215.576751476498
00bbac68_6700,12215.576984775065
00bbac68_6701,12215.57710436577
00bbac68_6702,12215.57699335346
00bbac68_6703,12215.57666714777
00bbac68_6704,12215.575716622212
00bbac68_6705,12215.575034475682
00bbac68_6706,12215.574897074246
00bbac68_6707,12215.574851408724
00bbac68_6708,12215.574646257792
00bbac68_6709,12215.573801560487
00bbac68_6710,12215.574069938577
00bbac68_6711,12215.573574755306
00bbac68_6712,12215.573228789006
00bbac68_6713,12215.573211786577
00bbac68_6714,12215.57308119925
00bbac68_6715,12215.573147225787
00bbac68_6716,12215.573417737349
00bbac68_6717,12215.573554182845
00bbac68_6718,12215.572948019899
00bbac68_6719,12215.572623578475
00bbac68_6720,12215.572545907771
00bbac68_6721,12215.571475241983
00bbac68_6722,12215.57054401666
00bbac68_6723,12215.57121402174
00bbac68_6724,12215.57106914673
00bbac68_6725,12215.570823897644
00bbac68_6726,12215.571648216108
00bbac68_6727,12215.57160568715
00bbac68_6728,12215.571451795207
00bbac68_6729,12215.571410002874
00bbac68_6730,12215.571282375691
00bbac68_6731,12215.570386958589
00bbac68_6732,12215.569589968589
00bbac68_6733,12215.569324777356
00bbac68_6734,12215.568559162732
00bbac68_6735,12215.568651561942
00bbac68_6736,12215.56885480783
00bbac68_6737,12215.568210551013
00bbac68_6738,12215.56757878662
00bbac68_6739,12215.567315968714
00bbac68_6740,12215.56748002947
00bbac68_6741,12215.567700781125
00bbac68_6742,12215.567594847358
00bbac68_6743,12215.56760106801
00bbac68_6744,12215.567581788497
00bbac68_6745,12215.567804288401
00bbac68_6746,12215.567254455918
00bbac68_6747,12215.566904105333
00bbac68_6748,12215.567029834685
00bbac68_6749,12215.566977637856
00bbac68_6750,12215.566747032808
00bbac68_6751,12215.566736676032
00bbac68_6752,12215.56617923015
00bbac68_6753,12215.565576805573
00bbac68_6754,12215.564470091955
00bbac68_6755,12215.563470664087
00bbac68_6756,12215.562848403015
00bbac68_6757,12215.562819562176
00bbac68_6758,12215.563412268135
00bbac68_6759,12215.563526528374
00bbac68_6760,12215.563583240419
00bbac68_6761,12215.563627748466
00bbac68_6762,12215.563674545221
00bbac68_6763,12215.563552551812
00bbac68_6764,12215.563433798929
00bbac68_6765,12215.5633776756
00bbac68_6766,12215.563548168982
00bbac68_6767,12215.56356036225
00bbac68_6768,12215.563667542447
00bbac68_6769,12215.563570758224
00bbac68_6770,12215.56333366835
00bbac68_6771,12215.563081357159
00bbac68_6772,12215.562784842416
00bbac68_6773,12215.56263260276
00bbac68_6774,12215.562545303013
00bbac68_6775,12215.562498855725
00bbac68_6776,12215.562546481462
00bbac68_6777,12215.562222780743
00bbac68_6778,12215.56202491283
00bbac68_6779,12215.561829982433
00bbac68_6780,12215.561564172709
00bbac68_6781,12215.56128032519
00bbac68_6782,12215.560084970319
00bbac68_6783,12215.559851027736
00bbac68_6784,12215.560249603994
00bbac68_6785,12215.560944026274
00bbac68_6786,12215.561529260856
00bbac68_6787,12215.562089450821
00bbac68_6788,12215.562745328603
00bbac68_6789,12215.562256506695
00bbac68_6790,12215.562326517676
00bbac68_6791,12215.562365178632
00bbac68_6792,12215.561849132386
00bbac68_6793,12215.56238942872
00bbac68_6794,12215.563043273352
00bbac68_6795,12215.562584611787
00bbac68_6796,12215.56289336901
00bbac68_6797,12215.563508104671
00bbac68_6798,12215.563860234635
00bbac68_6799,12215.563534211817
00bbac68_6800,12215.564078946843
00bbac68_6801,12215.56453753393
00bbac68_6802,12215.563831097694
00bbac68_6803,12215.563705294828
00bbac68_6804,12215.563623248749
00bbac68_6805,12215.562975374203
00bbac68_6806,12215.56368590198
00bbac68_6807,12215.564334306815
00bbac68_6808,12215.56391915038
00bbac68_6809,12215.564111104317
00bbac68_6810,12215.564582893294
00bbac68_6811,12215.565089168882
00bbac68_6812,12215.564936536608
00bbac68_6813,12215.565871768793
00bbac68_6814,12215.565698794031
00bbac68_6815,12215.566006276846
00bbac68_6816,12215.566392832457
00bbac68_6817,12215.566443499185
00bbac68_6818,12215.565632303009
00bbac68_6819,12215.565798938835
00bbac68_6820,12215.565121219845
00bbac68_6821,12215.565078438016
00bbac68_6822,12215.564954969594
00bbac68_6823,12215.564773707443
00bbac68_6824,12215.563936818507
00bbac68_6825,12215.564058066593
00bbac68_6826,12215.563291203805
00bbac68_6827,12215.563441207807
00bbac68_6828,12215.563955931862
00bbac68_6829,12215.564378346915
00bbac68_6830,12215.564165554017
00bbac68_6831,12215.56503682493
00bbac68_6832,12215.564640907192
00bbac68_6833,12215.56510937693
00bbac68_6834,12215.565562176987
00bbac68_6835,12215.56565500403
00bbac68_6836,12215.565110249436
00bbac68_6837,12215.565526858572
00bbac68_6838,12215.565780799358
00bbac68_6839,12215.564973492386
00bbac68_6840,12215.564772839727
00bbac68_6841,12215.56467302248
00bbac68_6842,12215.563878819965
00bbac68_6843,12215.564293195019
00bbac68_6844,12215.564636205534
00bbac68_6845,12215.564285481403
00bbac68_6846,12215.564740067544
00bbac68_6847,12215.565354334649
00bbac68_6848,12215.565632750315
00bbac68_6849,12215.565147306444
00bbac68_6850,12215.565573325188
00bbac68_6851,12215.565247333754
00bbac68_6852,12215.565660572847
00bbac68_6853,12215.566207951535
00bbac68_6854,12215.56648663595
00bbac68_6855,12215.566250866596
00bbac68_6856,12215.567105899467
00bbac68_6857,12215.566531996625
00bbac68_6858,12215.566404421925
00bbac68_6859,12215.566281702448
00bbac68_6860,12215.566030090627
00bbac68_6861,12215.565495711637
00bbac68_6862,12215.565843016126
00bbac68_6863,12215.565154856231
00bbac68_6864,12215.56530965702
00bbac68_6865,12215.565917743004
00bbac68_6866,12215.566663018413
00bbac68_6867,12215.566162078252
00bbac68_6868,12215.566555343652
00bbac68_6869,12215.566028791458
00bbac68_6870,12215.566278723527
00bbac68_6871,12215.566593134034
00bbac68_6872,12215.566401078473
00bbac68_6873,12215.565508864724
00bbac68_6874,12215.565911321613
00bbac68_6875,12215.566328098292
00bbac68_6876,12215.56569211702
00bbac68_6877,12215.565688976523
00bbac68_6878,12215.565785622952
00bbac68_6879,12215.565410595755
00bbac68_6880,12215.566006711393
00bbac68_6881,12215.566544593945
00bbac68_6882,12215.565876821685
00bbac68_6883,12215.565986642401
00bbac68_6884,12215.566599664266
00bbac68_6885,12215.566762252003
00bbac68_6886,12215.566477902608
00bbac68_6887,12215.567471498045
00bbac68_6888,12215.56796948356
00bbac68_6889,12215.567107729312
00bbac68_6890,12215.567021965171
00bbac68_6891,12215.56706857806
00bbac68_6892,12215.566320281288
00bbac68_6893,12215.567018614358
00bbac68_6894,12215.567718540988
00bbac68_6895,12215.56823344955
00bbac68_6896,12215.568971619088
00bbac68_6897,12215.569060674401
00bbac68_6898,12215.568469081154
00bbac68_6899,12215.566968002177
00bbac68_6900,12215.566786111222
00bbac68_6901,12215.566612756878
00bbac68_6902,12215.566154185479
00bbac68_6903,12215.565985017985
00bbac68_6904,12215.565744088446
00bbac68_6905,12215.56578784233
00bbac68_6906,12215.565938054664
00bbac68_6907,12215.565992236727
00bbac68_6908,12215.566184327392
00bbac68_6909,12215.56598053328
00bbac68_6910,12215.566040102389
00bbac68_6911,12215.566192320046
00bbac68_6912,12215.56638932741
00bbac68_6913,12215.566698798431
00bbac68_6914,12215.56731147601
00bbac68_6915,12215.567952795298
00bbac68_6916,12215.56824579154
00bbac68_6917,12215.56886796494
00bbac68_6918,12215.569156809452
00bbac68_6919,12215.569954874023
00bbac68_6920,12215.570470262945
00bbac68_6921,12215.570775990709
00bbac68_6922,12215.570898756643
00bbac68_6923,12215.570762634488
00bbac68_6924,12215.570909295087
00bbac68_6925,12215.57149996998
00bbac68_6926,12215.57162733878
00bbac68_6927,12215.571786665947
00bbac68_6928,12215.571711424938
00bbac68_6929,12215.572328380928
00bbac68_6930,12215.572729943753
00bbac68_6931,12215.572884223697
00bbac68_6932,12215.572611325737
00bbac68_6933,12215.572099174267
00bbac68_6934,12215.572095719961
00bbac68_6935,12215.57317382822
00bbac68_6936,12215.573439436712
00bbac68_6937,12215.573462296903
00bbac68_6938,12215.574045153515
00bbac68_6939,12215.574381426126
00bbac68_6940,12215.575022507848
00bbac68_6941,12215.575096184777
00bbac68_6942,12215.575341562815
00bbac68_6943,12215.57521466173
00bbac68_6944,12215.57548957569
00bbac68_6945,12215.576568667711
00bbac68_6946,12215.576601822992
00bbac68_6947,12215.57666094098
00bbac68_6948,12215.577530335038
00bbac68_6949,12215.577467975883
00bbac68_6950,12215.577078563498
00bbac68_6951,12215.577369414787
00bbac68_6952,12215.577890219858
00bbac68_6953,12215.578354228146
00bbac68_6954,12215.578691630984
00bbac68_6955,12215.578779948719
00bbac68_6956,12215.578940438045
00bbac68_6957,12215.57928309486
00bbac68_6958,12215.580232046526
00bbac68_6959,12215.580351262013
00bbac68_6960,12215.580494609247
00bbac68_6961,12215.581062183184
00bbac68_6962,12215.581472755604
00bbac68_6963,12215.581643697173
00bbac68_6964,12215.581709116683
00bbac68_6965,12215.581374018382
00bbac68_6966,12215.581982068965
00bbac68_6967,12215.582015880402
00bbac68_6968,12215.582549020917
00bbac68_6969,12215.582482865846
00bbac68_6970,12215.582810263604
00bbac68_6971,12215.58239149296
00bbac68_6972,12215.582646207222
00bbac68_6973,12215.582204107352
00bbac68_6974,12215.58284570714
00bbac68_6975,12215.583033321518
00bbac68_6976,12215.583849165258
00bbac68_6977,12215.584646715392
00bbac68_6978,12215.585266562004
00bbac68_6979,12215.58575594893
00bbac68_6980,12215.58603443371
00bbac68_6981,12215.586127848583
00bbac68_6982,12215.586734688579
00bbac68_6983,12215.586400755396
00bbac68_6984,12215.586757045507
00bbac68_6985,12215.587126471837
00bbac68_6986,12215.587392894038
00bbac68_6987,12215.587733521323
00bbac68_6988,12215.587806371874
00bbac68_6989,12215.587806402968
00bbac68_6990,12215.58783673792
00bbac68_6991,12215.588584501776
00bbac68_6992,12215.588706879884
00bbac68_6993,12215.588585083759
00bbac68_6994,12215.58891581526
00bbac68_6995,12215.588874498635
00bbac68_6996,12215.588651256297
00bbac68_6997,12215.58901451642
00bbac68_6998,12215.588895105973
00bbac68_6999,12215.588871098029
00bbac68_7000,12215.589684918301
00bbac68_7001,12215.590603948676
00bbac68_7002,12215.590151897017
00bbac68_7003,12215.590322816055
00bbac68_7004,12215.59051875969
00bbac68_7005,12215.589921645918
00bbac68_7006,12215.590216242967
00bbac68_7007,12215.590905558598
00bbac68_7008,12215.591229937285
00bbac68_7009,12215.591552998372
00bbac68_7010,12215.592173725832
00bbac68_7011,12215.592805244949
00bbac68_7012,12215.592838709636
00bbac68_7013,12215.593319908878
00bbac68_7014,12215.592949770175
00bbac68_7015,12215.592420871268
00bbac68_7016,12215.592851020503
00bbac68_7017,12215.593421327707
00bbac68_7018,12215.59365249543
00bbac68_7019,12215.593033982896
00bbac68_7020,12215.592918470444
00bbac68_7021,12215.593364735054
00bbac68_7022,12215.593836664753
00bbac68_7023,12215.594209815508
00bbac68_7024,12215.593575068819
00bbac68_7025,12215.593739498003
00bbac68_7026,12215.594526023382
00bbac68_7027,12215.595168046146
00bbac68_7028,12215.595545588534
00bbac68_7029,12215.595605660154
00bbac68_7030,12215.595796241003
00bbac68_7031,12215.595432469028
00bbac68_7032,12215.595279215555
00bbac68_7033,12215.595262964534
00bbac68_7034,12215.595099610084
00bbac68_7035,12215.595698265015
00bbac68_7036,12215.596572902647
00bbac68_7037,12215.597347001509
00bbac68_7038,12215.597856036944
00bbac68_7039,12215.598281866274
00bbac68_7040,12215.597613101487
00bbac68_7041,12215.596569910176
00bbac68_7042,12215.596421647682
00bbac68_7043,12215.596580285806
00bbac68_7044,12215.597142236536
00bbac68_7045,12215.597869993946
00bbac68_7046,12215.598829754537
00bbac68_7047,12215.599789900225
00bbac68_7048,12215.60041913373
00bbac68_7049,12215.60081944132
00bbac68_7050,12215.600486311443
00bbac68_7051,12215.600543583245
00bbac68_7052,12215.600658104753
00bbac68_7053,12215.600578869336
00bbac68_7054,12215.600587250456
00bbac68_7055,12215.600539676969
00bbac68_7056,12215.600643704187
00bbac68_7057,12215.600701796331
00bbac68_7058,12215.600685181236
00bbac68_7059,12215.600801328445
00bbac68_7060,12215.600949426309
00bbac68_7061,12215.601127573234
00bbac68_7062,12215.60130209355
00bbac68_7063,12215.60140056676
00bbac68_7064,12215.601594517633
00bbac68_7065,12215.60170576604
00bbac68_7066,12215.601791732606
00bbac68_7067,12215.601820295371
00bbac68_7068,12215.601864081915
00bbac68_7069,12215.601916939722
00bbac68_7070,12215.602089003174
00bbac68_7071,12215.602346051266
00bbac68_7072,12215.602666592014
00bbac68_7073,12215.603004549608
00bbac68_7074,12215.60346108221
00bbac68_7075,12215.604146858277
00bbac68_7076,12215.605066304533
00bbac68_7077,12215.605548048203
00bbac68_7078,12215.60550765996
00bbac68_7079,12215.605006201506
00bbac68_7080,12215.604427701253
00bbac68_7081,12215.603660146171
00bbac68_7082,12215.602787323027
00bbac68_7083,12215.602197938802
00bbac68_7084,12215.601716657184
00bbac68_7085,12215.60180206296
00bbac68_7086,12215.602240924387
00bbac68_7087,12215.602322349703
00bbac68_7088,12215.602242733306
00bbac68_7089,12215.602117692006
00bbac68_7090,12215.602092840247
00bbac68_7091,12215.60199198804
00bbac68_7092,12215.601993363172
00bbac68_7093,12215.60207342133
00bbac68_7094,12215.601954962494
00bbac68_7095,12215.602052038688
00bbac68_7096,12215.602114366018
00bbac68_7097,12215.601977046965
00bbac68_7098,12215.602027368925
00bbac68_7099,12215.601951520253
00bbac68_7100,12215.601981501284
00bbac68_7101,12215.602010402199
00bbac68_7102,12215.602068274888
00bbac68_7103,12215.602073039317
00bbac68_7104,12215.602144706627
00bbac68_7105,12215.602197886255
00bbac68_7106,12215.602152568856
00bbac68_7107,12215.602055968868
00bbac68_7108,12215.602062577631
00bbac68_7109,12215.601916287405
00bbac68_7110,12215.601857294478
00bbac68_7111,12215.601619716674
00bbac68_7112,12215.601248599767
00bbac68_7113,12215.600949603053
00bbac68_7114,12215.600663556368
00bbac68_7115,12215.60028384154
00bbac68_7116,12215.599502400448
00bbac68_7117,12215.599016438457
00bbac68_7118,12215.598913251171
00bbac68_7119,12215.599207167768
00bbac68_7120,12215.599640320423
00bbac68_7121,12215.600060154895
00bbac68_7122,12215.600603294413
00bbac68_7123,12215.601158184922
00bbac68_7124,12215.601458469386
00bbac68_7125,12215.601357335727
00bbac68_7126,12215.600644611353
00bbac68_7127,12215.60025906425
00bbac68_7128,12215.599363733028
00bbac68_7129,12215.59865483587
00bbac68_7130,12215.598287008352
00bbac68_7131,12215.598215118016
00bbac68_7132,12215.598455718136
00bbac68_7133,12215.598971806538
00bbac68_7134,12215.59943526971
00bbac68_7135,12215.599708902908
00bbac68_7136,12215.599396292371
00bbac68_7137,12215.59888839056
00bbac68_7138,12215.59815403576
00bbac68_7139,12215.598004788415
00bbac68_7140,12215.598155009517
00bbac68_7141,12215.598392726635
00bbac68_7142,12215.598800790734
00bbac68_7143,12215.5985248449
00bbac68_7144,12215.598279114063
00bbac68_7145,12215.59812040112
00bbac68_7146,12215.597753695907
00bbac68_7147,12215.597623326099
00bbac68_7148,12215.5977615206
00bbac68_7149,12215.5974792848
00bbac68_7150,12215.59739851661
00bbac68_7151,12215.597672671985
00bbac68_7152,12215.597837645484
00bbac68_7153,12215.597326993466
00bbac68_7154,12215.597047745392
00bbac68_7155,12215.59699815458
00bbac68_7156,12215.597215196252
00bbac68_7157,12215.597456669333
00bbac68_7158,12215.597350392654
00bbac68_7159,12215.59646015977
00bbac68_7160,12215.596141689206
00bbac68_7161,12215.596321943241
00bbac68_7162,12215.596555302349
00bbac68_7163,12215.596641616401
00bbac68_7164,12215.595881382436
00bbac68_7165,12215.59547222499
00bbac68_7166,12215.59560266355
00bbac68_7167,12215.595778203206
00bbac68_7168,12215.595220718064
00bbac68_7169,12215.594649727307
00bbac68_7170,12215.594640426361
00bbac68_7171,12215.594941391253
00bbac68_7172,12215.594822290186
00bbac68_7173,12215.594536784844
00bbac68_7174,12215.593943567334
00bbac68_7175,12215.59335423365
00bbac68_7176,12215.593231972052
00bbac68_7177,12215.59321860781
00bbac68_7178,12215.593098248233
00bbac68_7179,12215.592998617572
00bbac68_7180,12215.593077083267
00bbac68_7181,12215.5932426123
00bbac68_7182,12215.592558134154
00bbac68_7183,12215.592204414963
00bbac68_7184,12215.592095101576
00bbac68_7185,12215.591225414686
00bbac68_7186,12215.591039892624
00bbac68_7187,12215.591342333508
00bbac68_7188,12215.591128844568
00bbac68_7189,12215.590810658396
00bbac68_7190,12215.591180818348
00bbac68_7191,12215.591200662102
00bbac68_7192,12215.590884787242
00bbac68_7193,12215.591129454682
00bbac68_7194,12215.59080846904
00bbac68_7195,12215.590249736386
00bbac68_7196,12215.590373318077
00bbac68_7197,12215.589917819121
00bbac68_7198,12215.58920149584
00bbac68_7199,12215.588653871102
00bbac68_7200,12215.588497250668
00bbac68_7201,12215.588332831529
00bbac68_7202,12215.588004409721
00bbac68_7203,12215.588198213922
00bbac68_7204,12215.587583946577
00bbac68_7205,12215.587702200326
00bbac68_7206,12215.587656339427
00bbac68_7207,12215.587303871525
00bbac68_7208,12215.587513277776
00bbac68_7209,12215.586979493643
00bbac68_7210,12215.586952580237
00bbac68_7211,12215.586586171186
00bbac68_7212,12215.586057798138
00bbac68_7213,12215.585829569323
00bbac68_7214,12215.585315053064
00bbac68_7215,12215.584955350658
00bbac68_7216,12215.584831999744
00bbac68_7217,12215.585049856314
00bbac68_7218,12215.585636380445
00bbac68_7219,12215.585983834502
00bbac68_7220,12215.58597446105
00bbac68_7221,12215.585799535354
00bbac68_7222,12215.585566207523
00bbac68_7223,12215.585250694683
00bbac68_7224,12215.584563022645
00bbac68_7225,12215.583423012271
00bbac68_7226,12215.583135530045
00bbac68_7227,12215.58266917615
00bbac68_7228,12215.583006792182
00bbac68_7229,12215.583097134839
00bbac68_7230,12215.58314281632
00bbac68_7231,12215.583125145135
00bbac68_7232,12215.583240168338
00bbac68_7233,12215.583292021198
00bbac68_7234,12215.583114779936
00bbac68_7235,12215.58259809191
00bbac68_7236,12215.582241643448
00bbac68_7237,12215.582051246252
00bbac68_7238,12215.581773094342
00bbac68_7239,12215.581772337551
00bbac68_7240,12215.58169975182
00bbac68_7241,12215.58162728683
00bbac68_7242,12215.581704101885
00bbac68_7243,12215.581208654234
00bbac68_7244,12215.58120360037
00bbac68_7245,12215.580514623281
00bbac68_7246,12215.580196608422
00bbac68_7247,12215.579922006302
00bbac68_7248,12215.579065655043
00bbac68_7249,12215.579333592012
00bbac68_7250,12215.579094579989
00bbac68_7251,12215.579050387605
00bbac68_7252,12215.578871502134
00bbac68_7253,12215.578482070312
00bbac68_7254,12215.578275349273
00bbac68_7255,12215.57835187628
00bbac68_7256,12215.57844279415
00bbac68_7257,12215.577890625502
00bbac68_7258,12215.577697741897
00bbac68_7259,12215.577694974316
00bbac68_7260,12215.577353296045
00bbac68_7261,12215.577531673507
00bbac68_7262,12215.577712527956
00bbac68_7263,12215.577533525575
00bbac68_7264,12215.577874915321
00bbac68_7265,12215.578153876551
00bbac68_7266,12215.57784473186
00bbac68_7267,12215.577935982918
00bbac68_7268,12215.577923725581
00bbac68_7269,12215.577348095729
00bbac68_7270,12215.57693327664
00bbac68_7271,12215.57753833597
00bbac68_7272,12215.577466991288
00bbac68_7273,12215.577528371035
00bbac68_7274,12215.57846205809
00bbac68_7275,12215.578669195142
00bbac68_7276,12215.578818359747
00bbac68_7277,12215.579569599044
00bbac68_7278,12215.579516534968
00bbac68_7279,12215.5792709483
00bbac68_7280,12215.579648060306
00bbac68_7281,12215.580140456192
00bbac68_7282,12215.579823641187
00bbac68_7283,12215.579944441119
00bbac68_7284,12215.580062600178
00bbac68_7285,12215.579449803548
00bbac68_7286,12215.57875377353
00bbac68_7287,12215.578983737723
00bbac68_7288,12215.578797855109
00bbac68_7289,12215.578895610299
00bbac68_7290,12215.579907219726
00bbac68_7291,12215.580197019655
00bbac68_7292,12215.580224707832
00bbac68_7293,12215.580923948579
00bbac68_7294,12215.580967227255
00bbac68_7295,12215.580554231088
00bbac68_7296,12215.580459817957
00bbac68_7297,12215.580531498716
00bbac68_7298,12215.58018864771
00bbac68_7299,12215.57981470578
00bbac68_7300,12215.580195248194
00bbac68_7301,12215.580032382557
00bbac68_7302,12215.579905402505
00bbac68_7303,12215.580661219221
00bbac68_7304,12215.580886153206
00bbac68_7305,12215.58095286286
00bbac68_7306,12215.581632859667
00bbac68_7307,12215.58161180235
00bbac68_7308,12215.581432449475
00bbac68_7309,12215.581466344029
00bbac68_7310,12215.58172823289
00bbac68_7311,12215.581422266321
00bbac68_7312,12215.581046008865
00bbac68_7313,12215.581441104547
00bbac68_7314,12215.581386683843
00bbac68_7315,12215.581467672833
00bbac68_7316,12215.58225712166
00bbac68_7317,12215.582693445225
00bbac68_7318,12215.582849746808
00bbac68_7319,12215.583515362785
00bbac68_7320,12215.583479713416
00bbac68_7321,12215.58322098104
00bbac68_7322,12215.583112973833
00bbac68_7323,12215.583151372397
00bbac68_7324,12215.58261144561
00bbac68_7325,12215.582254199608
00bbac68_7326,12215.582667073297
00bbac68_7327,12215.582812824396
00bbac68_7328,12215.582572573785
00bbac68_7329,12215.583359900822
00bbac68_7330,12215.583813393596
00bbac68_7331,12215.584176055676
00bbac68_7332,12215.585020690858
00bbac68_7333,12215.58516636812
00bbac68_7334,12215.585081244175
00bbac68_7335,12215.585345476362
00bbac68_7336,12215.585367204707
00bbac68_7337,12215.585003029584
00bbac68_7338,12215.584930401701
00bbac68_7339,12215.585190285856
00bbac68_7340,12215.584672184094
00bbac68_7341,12215.583981172562
00bbac68_7342,12215.584232823865
00bbac68_7343,12215.584002709715
00bbac68_7344,12215.58411700456
00bbac68_7345,12215.584905551324
00bbac68_7346,12215.585285716246
00bbac68_7347,12215.585434535487
00bbac68_7348,12215.586238286283
00bbac68_7349,12215.586462515483
00bbac68_7350,12215.586163787713
00bbac68_7351,12215.58618359494
00bbac68_7352,12215.586416067279
00bbac68_7353,12215.585858259268
00bbac68_7354,12215.585543581426
00bbac68_7355,12215.585935913465
00bbac68_7356,12215.58602532447
00bbac68_7357,12215.58578675405
00bbac68_7358,12215.586399062282
00bbac68_7359,12215.586667497668
00bbac68_7360,12215.586626962919
00bbac68_7361,12215.587018285576
00bbac68_7362,12215.586911348559
00bbac68_7363,12215.586176372031
00bbac68_7364,12215.585710659623
00bbac68_7365,12215.585974906418
00bbac68_7366,12215.58598190202
00bbac68_7367,12215.585920979836
00bbac68_7368,12215.58647078655
00bbac68_7369,12215.586701085762
00bbac68_7370,12215.586565014344
00bbac68_7371,12215.586469084032
00bbac68_7372,12215.586351026688
00bbac68_7373,12215.586167513615
00bbac68_7374,12215.585850918851
00bbac68_7375,12215.585779874194
00bbac68_7376,12215.58578988934
00bbac68_7377,12215.585842696599
00bbac68_7378,12215.585849300647
00bbac68_7379,12215.585661315057
00bbac68_7380,12215.585726664842
00bbac68_7381,12215.585608274661
00bbac68_7382,12215.585727795316
00bbac68_7383,12215.58559995607
00bbac68_7384,12215.585156997433
00bbac68_7385,12215.585229553613
00bbac68_7386,12215.585612476632
00bbac68_7387,12215.585627036962
00bbac68_7388,12215.585405786227
00bbac68_7389,12215.585160983468
00bbac68_7390,12215.585578309172
00bbac68_7391,12215.585732613912
00bbac68_7392,12215.585540539889
00bbac68_7393,12215.585052341738
00bbac68_7394,12215.584734531849
00bbac68_7395,12215.585160144108
00bbac68_7396,12215.585583966904
00bbac68_7397,12215.585648786704
00bbac68_7398,12215.585603449443
00bbac68_7399,12215.585208149561
00bbac68_7400,12215.58519893047
00bbac68_7401,12215.585453585376
00bbac68_7402,12215.585438368711
00bbac68_7403,12215.585184557443
00bbac68_7404,12215.585043368426
00bbac68_7405,12215.585096010556
00bbac68_7406,12215.585007365757
00bbac68_7407,12215.58473876823
00bbac68_7408,12215.584880427725
00bbac68_7409,12215.585036623655
00bbac68_7410,12215.585117361905
00bbac68_7411,12215.585344679592
00bbac68_7412,12215.585218906577
00bbac68_7413,12215.584741536055
00bbac68_7414,12215.584363525762
00bbac68_7415,12215.583925440249
00bbac68_7416,12215.584082455294
00bbac68_7417,12215.584579497334
00bbac68_7418,12215.585348505776
00bbac68_7419,12215.585818677078
00bbac68_7420,12215.585729770244
00bbac68_7421,12215.58527496691
00bbac68_7422,12215.584696113881
00bbac68_7423,12215.58407005751
00bbac68_7424,12215.583745912867
00bbac68_7425,12215.583749110316
00bbac68_7426,12215.584667927062
00bbac68_7427,12215.58546826358
00bbac68_7428,12215.585877743159
00bbac68_7429,12215.58574996041
00bbac68_7430,12215.585211484518
00bbac68_7431,12215.584497282578
00bbac68_7432,12215.583855806439
00bbac68_7433,12215.583143718683
00bbac68_7434,12215.582615311303
00bbac68_7435,12215.582415901394
00bbac68_7436,12215.582628472046
00bbac68_7437,12215.582863579006
00bbac68_7438,12215.582898366782
00bbac68_7439,12215.582823685632
00bbac68_7440,12215.58283005622
00bbac68_7441,12215.582832992179
00bbac68_7442,12215.58298039939
00bbac68_7443,12215.582979921357
00bbac68_7444,12215.582907853584
00bbac68_7445,12215.582874318494
00bbac68_7446,12215.582759578789
00bbac68_7447,12215.58274860722
00bbac68_7448,12215.582732150075
00bbac68_7449,12215.582872913186
00bbac68_7450,12215.583005819379
00bbac68_7451,12215.582963822908
00bbac68_7452,12215.583134769324
00bbac68_7453,12215.583088985422
00bbac68_7454,12215.583007322857
00bbac68_7455,12215.58285988234
00bbac68_7456,12215.58255904268
00bbac68_7457,12215.582250303749
00bbac68_7458,12215.581851522367
00bbac68_7459,12215.581498676645
00bbac68_7460,12215.58097610717
00bbac68_7461,12215.580566538933
00bbac68_7462,12215.57951978232
00bbac68_7463,12215.578991944425
00bbac68_7464,12215.578776141276
00bbac68_7465,12215.578618992033
00bbac68_7466,12215.578688628342
00bbac68_7467,12215.57862009514
00bbac68_7468,12215.57790408394
00bbac68_7469,12215.577565116071
00bbac68_7470,12215.577256997705
00bbac68_7471,12215.577088975759
00bbac68_7472,12215.576270070153
00bbac68_7473,12215.575480179772
00bbac68_7474,12215.575283934846
00bbac68_7475,12215.575294602213
00bbac68_7476,12215.574829764673
00bbac68_7477,12215.57443481564
00bbac68_7478,12215.573869073567
00bbac68_7479,12215.573408028618
00bbac68_7480,12215.573471386804
00bbac68_7481,12215.573785490069
00bbac68_7482,12215.573325717987
00bbac68_7483,12215.57269585635
00bbac68_7484,12215.573027705515
00bbac68_7485,12215.572622853197
00bbac68_7486,12215.572093198805
00bbac68_7487,12215.571482176241
00bbac68_7488,12215.571512161674
00bbac68_7489,12215.571387425847
00bbac68_7490,12215.5711004755
00bbac68_7491,12215.571176491729
00bbac68_7492,12215.570343513948
00bbac68_7493,12215.570442608525
00bbac68_7494,12215.570121590259
00bbac68_7495,12215.569696159026
00bbac68_7496,12215.569036475126
00bbac68_7497,12215.568546610884
00bbac68_7498,12215.568633423487
00bbac68_7499,12215.56886345381
00bbac68_7500,12215.568067734355
00bbac68_7501,12215.56839309484
00bbac68_7502,12215.567565959347
00bbac68_7503,12215.566930334353
00bbac68_7504,12215.566478947294
00bbac68_7505,12215.566103403635
00bbac68_7506,12215.565085762353
00bbac68_7507,12215.565474961419
00bbac68_7508,12215.565189796182
00bbac68_7509,12215.56595981021
00bbac68_7510,12215.565720227081
00bbac68_7511,12215.565646977344
00bbac68_7512,12215.564719426406
00bbac68_7513,12215.564804077927
00bbac68_7514,12215.564810599972
00bbac68_7515,12215.563951644026
00bbac68_7516,12215.563870144364
00bbac68_7517,12215.564175354317
00bbac68_7518,12215.563744990413
00bbac68_7519,12215.563758721657
00bbac68_7520,12215.563680293992
00bbac68_7521,12215.563036093281
00bbac68_7522,12215.562526819276
00bbac68_7523,12215.562341172463
00bbac68_7524,12215.561404400843
00bbac68_7525,12215.56065010688
00bbac68_7526,12215.561418152882
00bbac68_7527,12215.561388633836
00bbac68_7528,12215.560905762193
00bbac68_7529,12215.560454196453
00bbac68_7530,12215.56032370442
00bbac68_7531,12215.559602555693
00bbac68_7532,12215.559064788808
00bbac68_7533,12215.5586120431
00bbac68_7534,12215.558450297369
00bbac68_7535,12215.55859299456
00bbac68_7536,12215.559367585585
00bbac68_7537,12215.559833040532
00bbac68_7538,12215.560152920203
00bbac68_7539,12215.560563080311
00bbac68_7540,12215.560670625542
00bbac68_7541,12215.560903626963
00bbac68_7542,12215.56094211333
00bbac68_7543,12215.561167247168
00bbac68_7544,12215.56119549175
00bbac68_7545,12215.561198645948
00bbac68_7546,12215.561081598848
00bbac68_7547,12215.561341192297
00bbac68_7548,12215.562081108998
00bbac68_7549,12215.563094248606
00bbac68_7550,12215.563718424786
00bbac68_7551,12215.564064815031
00bbac68_7552,12215.56470142556
00bbac68_7553,12215.565962417973
00bbac68_7554,12215.566369578879
00bbac68_7555,12215.56661867158
00bbac68_7556,12215.566709696051
00bbac68_7557,12215.566642652291
00bbac68_7558,12215.5664175403
00e12e8b_2083,11614.820000000002
00e12e8b_2084,11614.820000000002
00e12e8b_2085,11614.820000000002
00e12e8b_2086,11614.820000000002
00e12e8b_2087,11614.820000000002
00e12e8b_2088,11614.820000000002
00e12e8b_2089,11614.820000000002
00e12e8b_2090,11614.820000000002
00e12e8b_2091,11614.820000000002
00e12e8b_2092,11614.820000000002
00e12e8b_2093,11614.820000000002
00e12e8b_2094,11614.820000000002
00e12e8b_2095,11614.820000000002
00e12e8b_2096,11614.820000000002
00e12e8b_2097,11614.820000000002
00e12e8b_2098,11614.820000000002
00e12e8b_2099,11614.820000000002
00e12e8b_2100,11614.820000000002
00e12e8b_2101,11614.820000000002
00e12e8b_2102,11614.820000000002
00e12e8b_2103,11614.820000000002
00e12e8b_2104,11614.820000000002
00e12e8b_2105,11614.820000000002
00e12e8b_2106,11614.820000000002
00e12e8b_2107,11614.820000000002
00e12e8b_2108,11614.820000000002
00e12e8b_2109,11614.820000000002
00e12e8b_2110,11614.820000000002
00e12e8b_2111,11614.820000000002
00e12e8b_2112,11614.820000000002
00e12e8b_2113,11614.820000000002
00e12e8b_2114,11614.820000000002
00e12e8b_2115,11614.820000000002
00e12e8b_2116,11614.820000000002
00e12e8b_2117,11614.820000000002
00e12e8b_2118,11614.820000000002
00e12e8b_2119,11614.820000000002
00e12e8b_2120,11614.820000000002
00e12e8b_2121,11614.820000000002
00e12e8b_2122,11614.820000000002
00e12e8b_2123,11614.820000000002
00e12e8b_2124,11614.820000000002
00e12e8b_2125,11614.820000000002
00e12e8b_2126,11614.820000000002
00e12e8b_2127,11614.820000000002
00e12e8b_2128,11614.820000000002
00e12e8b_2129,11614.820000000002
00e12e8b_2130,11614.820000000002
00e12e8b_2131,11614.820000000002
00e12e8b_2132,11614.820000000002
00e12e8b_2133,11614.820000000002
00e12e8b_2134,11614.820000000002
00e12e8b_2135,11614.820000000002
00e12e8b_2136,11614.820000000002
00e12e8b_2137,11614.820000000002
00e12e8b_2138,11614.820000000002
00e12e8b_2139,11614.820000000002
00e12e8b_2140,11614.820000000002
00e12e8b_2141,11614.820000000002
00e12e8b_2142,11614.820000000002
00e12e8b_2143,11614.820000000002
00e12e8b_2144,11614.820000000002
00e12e8b_2145,11614.820000000002
00e12e8b_2146,11614.820000000002
00e12e8b_2147,11614.820000000002
00e12e8b_2148,11614.820000000002
00e12e8b_2149,11614.820000000002
00e12e8b_2150,11614.820000000002
00e12e8b_2151,11614.820000000002
00e12e8b_2152,11614.820000000002
00e12e8b_2153,11614.820000000002
00e12e8b_2154,11614.820000000002
00e12e8b_2155,11614.820000000002
00e12e8b_2156,11614.820000000002
00e12e8b_2157,11614.820000000002
00e12e8b_2158,11614.820000000002
00e12e8b_2159,11614.820000000002
00e12e8b_2160,11614.820000000002
00e12e8b_2161,11614.820000000002
00e12e8b_2162,11614.820000000002
00e12e8b_2163,11614.820000000002
00e12e8b_2164,11614.820000000002
00e12e8b_2165,11614.820000000002
00e12e8b_2166,11614.820000000002
00e12e8b_2167,11614.820000000002
00e12e8b_2168,11614.820000000002
00e12e8b_2169,11614.820000000002
00e12e8b_2170,11614.820000000002
00e12e8b_2171,11614.820000000002
00e12e8b_2172,11614.820000000002
00e12e8b_2173,11614.820000000002
00e12e8b_2174,11614.820000000002
00e12e8b_2175,11614.820000000002
00e12e8b_2176,11614.820000000002
00e12e8b_2177,11614.820000000002
00e12e8b_2178,11614.820000000002
00e12e8b_2179,11614.820000000002
00e12e8b_2180,11614.820000000002
00e12e8b_2181,11614.820000000002
00e12e8b_2182,11614.820000000002
00e12e8b_2183,11614.820000000002
00e12e8b_2184,11614.820000000002
00e12e8b_2185,11614.820000000002
00e12e8b_2186,11614.820000000002
00e12e8b_2187,11614.820000000002
00e12e8b_2188,11614.820000000002
00e12e8b_2189,11614.820000000002
00e12e8b_2190,11614.820000000002
00e12e8b_2191,11614.820000000002
00e12e8b_2192,11614.820000000002
00e12e8b_2193,11614.820000000002
00e12e8b_2194,11614.820000000002
00e12e8b_2195,11614.820000000002
00e12e8b_2196,11614.820000000002
00e12e8b_2197,11614.820000000002
00e12e8b_2198,11614.820000000002
00e12e8b_2199,11614.820000000002
00e12e8b_2200,11614.820000000002
00e12e8b_2201,11614.820000000002
00e12e8b_2202,11614.820000000002
00e12e8b_2203,11614.820000000002
00e12e8b_2204,11614.820000000002
00e12e8b_2205,11614.820000000002
00e12e8b_2206,11614.820000000002
00e12e8b_2207,11614.820000000002
00e12e8b_2208,11614.820000000002
00e12e8b_2209,11614.820000000002
00e12e8b_2210,11614.820000000002
00e12e8b_2211,11614.820000000002
00e12e8b_2212,11614.820000000002
00e12e8b_2213,11614.820000000002
00e12e8b_2214,11614.820000000002
00e12e8b_2215,11614.820000000002
00e12e8b_2216,11614.820000000002
00e12e8b_2217,11614.820000000002
00e12e8b_2218,11614.820000000002
00e12e8b_2219,11614.820000000002
00e12e8b_2220,11614.820000000002
00e12e8b_2221,11614.820000000002
00e12e8b_2222,11614.820000000002
00e12e8b_2223,11614.820000000002
00e12e8b_2224,11614.820000000002
00e12e8b_2225,11614.820000000002
00e12e8b_2226,11614.820000000002
00e12e8b_2227,11614.820000000002
00e12e8b_2228,11614.820000000002
00e12e8b_2229,11614.820000000002
00e12e8b_2230,11614.820000000002
00e12e8b_2231,11614.820000000002
00e12e8b_2232,11614.820000000002
00e12e8b_2233,11614.820000000002
00e12e8b_2234,11614.820000000002
00e12e8b_2235,11614.820000000002
00e12e8b_2236,11614.820000000002
00e12e8b_2237,11614.820000000002
00e12e8b_2238,11614.820000000002
00e12e8b_2239,11614.820000000002
00e12e8b_2240,11614.820000000002
00e12e8b_2241,11614.820000000002
00e12e8b_2242,11614.820000000002
00e12e8b_2243,11614.820000000002
00e12e8b_2244,11614.820000000002
00e12e8b_2245,11614.820000000002
00e12e8b_2246,11614.820000000002
00e12e8b_2247,11614.820000000002
00e12e8b_2248,11614.820000000002
00e12e8b_2249,11614.820000000002
00e12e8b_2250,11614.820000000002
00e12e8b_2251,11614.820000000002
00e12e8b_2252,11614.820000000002
00e12e8b_2253,11614.820000000002
00e12e8b_2254,11614.820000000002
00e12e8b_2255,11614.820000000002
00e12e8b_2256,11614.820000000002
00e12e8b_2257,11614.820000000002
00e12e8b_2258,11614.820000000002
00e12e8b_2259,11614.820000000002
00e12e8b_2260,11614.820000000002
00e12e8b_2261,11614.820000000002
00e12e8b_2262,11614.820000000002
00e12e8b_2263,11614.820000000002
00e12e8b_2264,11614.820000000002
00e12e8b_2265,11614.820000000002
00e12e8b_2266,11614.820000000002
00e12e8b_2267,11614.820000000002
00e12e8b_2268,11614.820000000002
00e12e8b_2269,11614.820000000002
00e12e8b_2270,11614.820000000002
00e12e8b_2271,11614.820000000002
00e12e8b_2272,11614.820000000002
00e12e8b_2273,11614.820000000002
00e12e8b_2274,11614.820000000002
00e12e8b_2275,11614.820000000002
00e12e8b_2276,11614.820000000002
00e12e8b_2277,11614.820000000002
00e12e8b_2278,11614.820000000002
00e12e8b_2279,11614.820000000002
00e12e8b_2280,11614.820000000002
00e12e8b_2281,11614.820000000002
00e12e8b_2282,11614.820000000002
00e12e8b_2283,11614.820000000002
00e12e8b_2284,11614.820000000002
00e12e8b_2285,11614.820000000002
00e12e8b_2286,11614.820000000002
00e12e8b_2287,11614.820000000002
00e12e8b_2288,11614.820000000002
00e12e8b_2289,11614.820000000002
00e12e8b_2290,11614.820000000002
00e12e8b_2291,11614.820000000002
00e12e8b_2292,11614.820000000002
00e12e8b_2293,11614.820000000002
00e12e8b_2294,11614.820000000002
00e12e8b_2295,11614.820000000002
00e12e8b_2296,11614.820000000002
00e12e8b_2297,11614.820000000002
00e12e8b_2298,11614.820000000002
00e12e8b_2299,11614.820000000002
00e12e8b_2300,11614.820000000002
00e12e8b_2301,11614.820000000002
00e12e8b_2302,11614.820000000002
00e12e8b_2303,11614.820000000002
00e12e8b_2304,11614.820000000002
00e12e8b_2305,11614.820000000002
00e12e8b_2306,11614.820000000002
00e12e8b_2307,11614.820000000002
00e12e8b_2308,11614.820000000002
00e12e8b_2309,11614.820000000002
00e12e8b_2310,11614.820000000002
00e12e8b_2311,11614.820000000002
00e12e8b_2312,11614.820000000002
00e12e8b_2313,11614.820000000002
00e12e8b_2314,11614.820000000002
00e12e8b_2315,11614.820000000002
00e12e8b_2316,11614.820000000002
00e12e8b_2317,11614.820000000002
00e12e8b_2318,11614.820000000002
00e12e8b_2319,11614.820000000002
00e12e8b_2320,11614.820000000002
00e12e8b_2321,11614.820000000002
00e12e8b_2322,11614.820000000002
00e12e8b_2323,11614.820000000002
00e12e8b_2324,11614.820000000002
00e12e8b_2325,11614.820000000002
00e12e8b_2326,11614.820000000002
00e12e8b_2327,11614.820000000002
00e12e8b_2328,11614.820000000002
00e12e8b_2329,11614.820000000002
00e12e8b_2330,11614.820000000002
00e12e8b_2331,11614.820000000002
00e12e8b_2332,11614.820000000002
00e12e8b_2333,11614.820000000002
00e12e8b_2334,11614.820000000002
00e12e8b_2335,11614.820000000002
00e12e8b_2336,11614.820000000002
00e12e8b_2337,11614.820000000002
00e12e8b_2338,11614.820000000002
00e12e8b_2339,11614.820000000002
00e12e8b_2340,11614.820000000002
00e12e8b_2341,11614.820000000002
00e12e8b_2342,11614.820000000002
00e12e8b_2343,11614.820000000002
00e12e8b_2344,11614.820000000002
00e12e8b_2345,11614.820000000002
00e12e8b_2346,11614.820000000002
00e12e8b_2347,11614.820000000002
00e12e8b_2348,11614.820000000002
00e12e8b_2349,11614.820000000002
00e12e8b_2350,11614.820000000002
00e12e8b_2351,11614.820000000002
00e12e8b_2352,11614.820000000002
00e12e8b_2353,11614.820000000002
00e12e8b_2354,11614.820000000002
00e12e8b_2355,11614.820000000002
00e12e8b_2356,11614.820000000002
00e12e8b_2357,11614.820000000002
00e12e8b_2358,11614.820000000002
00e12e8b_2359,11614.820000000002
00e12e8b_2360,11614.820000000002
00e12e8b_2361,11614.820000000002
00e12e8b_2362,11614.820000000002
00e12e8b_2363,11614.820000000002
00e12e8b_2364,11614.820000000002
00e12e8b_2365,11614.820000000002
00e12e8b_2366,11614.820000000002
00e12e8b_2367,11614.820000000002
00e12e8b_2368,11614.820000000002
00e12e8b_2369,11614.820000000002
00e12e8b_2370,11614.820000000002
00e12e8b_2371,11614.820000000002
00e12e8b_2372,11614.820000000002
00e12e8b_2373,11614.820000000002
00e12e8b_2374,11614.820000000002
00e12e8b_2375,11614.820000000002
00e12e8b_2376,11614.820000000002
00e12e8b_2377,11614.820000000002
00e12e8b_2378,11614.820000000002
00e12e8b_2379,11614.820000000002
00e12e8b_2380,11614.820000000002
00e12e8b_2381,11614.820000000002
00e12e8b_2382,11614.820000000002
00e12e8b_2383,11614.820000000002
00e12e8b_2384,11614.820000000002
00e12e8b_2385,11614.820000000002
00e12e8b_2386,11614.820000000002
00e12e8b_2387,11614.820000000002
00e12e8b_2388,11614.820000000002
00e12e8b_2389,11614.820000000002
00e12e8b_2390,11614.820000000002
00e12e8b_2391,11614.820000000002
00e12e8b_2392,11614.820000000002
00e12e8b_2393,11614.820000000002
00e12e8b_2394,11614.820000000002
00e12e8b_2395,11614.820000000002
00e12e8b_2396,11614.820000000002
00e12e8b_2397,11614.820000000002
00e12e8b_2398,11614.820000000002
00e12e8b_2399,11614.820000000002
00e12e8b_2400,11614.820000000002
00e12e8b_2401,11614.820000000002
00e12e8b_2402,11614.820000000002
00e12e8b_2403,11614.820000000002
00e12e8b_2404,11614.820000000002
00e12e8b_2405,11614.820000000002
00e12e8b_2406,11614.820000000002
00e12e8b_2407,11614.820000000002
00e12e8b_2408,11614.820000000002
00e12e8b_2409,11614.820000000002
00e12e8b_2410,11614.820000000002
00e12e8b_2411,11614.820000000002
00e12e8b_2412,11614.820000000002
00e12e8b_2413,11614.820000000002
00e12e8b_2414,11614.820000000002
00e12e8b_2415,11614.820000000002
00e12e8b_2416,11614.820000000002
00e12e8b_2417,11614.820000000002
00e12e8b_2418,11614.820000000002
00e12e8b_2419,11614.820000000002
00e12e8b_2420,11614.820000000002
00e12e8b_2421,11614.820000000002
00e12e8b_2422,11614.820000000002
00e12e8b_2423,11614.820000000002
00e12e8b_2424,11614.820000000002
00e12e8b_2425,11614.820000000002
00e12e8b_2426,11614.820000000002
00e12e8b_2427,11614.820000000002
00e12e8b_2428,11614.820000000002
00e12e8b_2429,11614.820000000002
00e12e8b_2430,11614.820000000002
00e12e8b_2431,11614.820000000002
00e12e8b_2432,11614.820000000002
00e12e8b_2433,11614.820000000002
00e12e8b_2434,11614.820000000002
00e12e8b_2435,11614.820000000002
00e12e8b_2436,11614.820000000002
00e12e8b_2437,11614.820000000002
00e12e8b_2438,11614.820000000002
00e12e8b_2439,11614.820000000002
00e12e8b_2440,11614.820000000002
00e12e8b_2441,11614.820000000002
00e12e8b_2442,11614.820000000002
00e12e8b_2443,11614.820000000002
00e12e8b_2444,11614.820000000002
00e12e8b_2445,11614.820000000002
00e12e8b_2446,11614.820000000002
00e12e8b_2447,11614.820000000002
00e12e8b_2448,11614.820000000002
00e12e8b_2449,11614.820000000002
00e12e8b_2450,11614.820000000002
00e12e8b_2451,11614.820000000002
00e12e8b_2452,11614.820000000002
00e12e8b_2453,11614.820000000002
00e12e8b_2454,11614.820000000002
00e12e8b_2455,11614.820000000002
00e12e8b_2456,11614.820000000002
00e12e8b_2457,11614.820000000002
00e12e8b_2458,11614.820000000002
00e12e8b_2459,11614.820000000002
00e12e8b_2460,11614.820000000002
00e12e8b_2461,11614.820000000002
00e12e8b_2462,11614.820000000002
00e12e8b_2463,11614.820000000002
00e12e8b_2464,11614.820000000002
00e12e8b_2465,11614.820000000002
00e12e8b_2466,11614.820000000002
00e12e8b_2467,11614.820000000002
00e12e8b_2468,11614.820000000002
00e12e8b_2469,11614.820000000002
00e12e8b_2470,11614.820000000002
00e12e8b_2471,11614.820000000002
00e12e8b_2472,11614.820000000002
00e12e8b_2473,11614.820000000002
00e12e8b_2474,11614.820000000002
00e12e8b_2475,11614.820000000002
00e12e8b_2476,11614.820000000002
00e12e8b_2477,11614.820000000002
00e12e8b_2478,11614.820000000002
00e12e8b_2479,11614.820000000002
00e12e8b_2480,11614.820000000002
00e12e8b_2481,11614.820000000002
00e12e8b_2482,11614.820000000002
00e12e8b_2483,11614.820000000002
00e12e8b_2484,11614.820000000002
00e12e8b_2485,11614.820000000002
00e12e8b_2486,11614.820000000002
00e12e8b_2487,11614.820000000002
00e12e8b_2488,11614.820000000002
00e12e8b_2489,11614.820000000002
00e12e8b_2490,11614.820000000002
00e12e8b_2491,11614.820000000002
00e12e8b_2492,11614.820000000002
00e12e8b_2493,11614.820000000002
00e12e8b_2494,11614.820000000002
00e12e8b_2495,11614.820000000002
00e12e8b_2496,11614.820000000002
00e12e8b_2497,11614.820000000002
00e12e8b_2498,11614.820000000002
00e12e8b_2499,11614.820000000002
00e12e8b_2500,11614.820000000002
00e12e8b_2501,11614.820000000002
00e12e8b_2502,11614.820000000002
00e12e8b_2503,11614.820000000002
00e12e8b_2504,11614.820000000002
00e12e8b_2505,11614.820000000002
00e12e8b_2506,11614.820000000002
00e12e8b_2507,11614.820000000002
00e12e8b_2508,11614.820000000002
00e12e8b_2509,11614.820000000002
00e12e8b_2510,11614.820000000002
00e12e8b_2511,11614.820000000002
00e12e8b_2512,11614.820000000002
00e12e8b_2513,11614.820000000002
00e12e8b_2514,11614.820000000002
00e12e8b_2515,11614.820000000002
00e12e8b_2516,11614.820000000002
00e12e8b_2517,11614.820000000002
00e12e8b_2518,11614.820000000002
00e12e8b_2519,11614.820000000002
00e12e8b_2520,11614.820000000002
00e12e8b_2521,11614.820000000002
00e12e8b_2522,11614.820000000002
00e12e8b_2523,11614.820000000002
00e12e8b_2524,11614.820000000002
00e12e8b_2525,11614.820000000002
00e12e8b_2526,11614.820000000002
00e12e8b_2527,11614.820000000002
00e12e8b_2528,11614.820000000002
00e12e8b_2529,11614.820000000002
00e12e8b_2530,11614.820000000002
00e12e8b_2531,11614.820000000002
00e12e8b_2532,11614.820000000002
00e12e8b_2533,11614.820000000002
00e12e8b_2534,11614.820000000002
00e12e8b_2535,11614.820000000002
00e12e8b_2536,11614.820000000002
00e12e8b_2537,11614.820000000002
00e12e8b_2538,11614.820000000002
00e12e8b_2539,11614.820000000002
00e12e8b_2540,11614.820000000002
00e12e8b_2541,11614.820000000002
00e12e8b_2542,11614.820000000002
00e12e8b_2543,11614.820000000002
00e12e8b_2544,11614.820000000002
00e12e8b_2545,11614.820000000002
00e12e8b_2546,11614.820000000002
00e12e8b_2547,11614.820000000002
00e12e8b_2548,11614.820000000002
00e12e8b_2549,11614.820000000002
00e12e8b_2550,11614.820000000002
00e12e8b_2551,11614.820000000002
00e12e8b_2552,11614.820000000002
00e12e8b_2553,11614.820000000002
00e12e8b_2554,11614.820000000002
00e12e8b_2555,11614.820000000002
00e12e8b_2556,11614.820000000002
00e12e8b_2557,11614.820000000002
00e12e8b_2558,11614.820000000002
00e12e8b_2559,11614.820000000002
00e12e8b_2560,11614.820000000002
00e12e8b_2561,11614.820000000002
00e12e8b_2562,11614.820000000002
00e12e8b_2563,11614.820000000002
00e12e8b_2564,11614.820000000002
00e12e8b_2565,11614.820000000002
00e12e8b_2566,11614.820000000002
00e12e8b_2567,11614.820000000002
00e12e8b_2568,11614.820000000002
00e12e8b_2569,11614.820000000002
00e12e8b_2570,11614.820000000002
00e12e8b_2571,11614.820000000002
00e12e8b_2572,11614.820000000002
00e12e8b_2573,11614.820000000002
00e12e8b_2574,11614.820000000002
00e12e8b_2575,11614.820000000002
00e12e8b_2576,11614.820000000002
00e12e8b_2577,11614.820000000002
00e12e8b_2578,11614.820000000002
00e12e8b_2579,11614.820000000002
00e12e8b_2580,11614.820000000002
00e12e8b_2581,11614.820000000002
00e12e8b_2582,11614.820000000002
00e12e8b_2583,11614.820000000002
00e12e8b_2584,11614.820000000002
00e12e8b_2585,11614.820000000002
00e12e8b_2586,11614.820000000002
00e12e8b_2587,11614.820000000002
00e12e8b_2588,11614.820000000002
00e12e8b_2589,11614.820000000002
00e12e8b_2590,11614.820000000002
00e12e8b_2591,11614.820000000002
00e12e8b_2592,11614.820000000002
00e12e8b_2593,11614.820000000002
00e12e8b_2594,11614.820000000002
00e12e8b_2595,11614.820000000002
00e12e8b_2596,11614.820000000002
00e12e8b_2597,11614.820000000002
00e12e8b_2598,11614.820000000002
00e12e8b_2599,11614.820000000002
00e12e8b_2600,11614.820000000002
00e12e8b_2601,11614.820000000002
00e12e8b_2602,11614.820000000002
00e12e8b_2603,11614.820000000002
00e12e8b_2604,11614.820000000002
00e12e8b_2605,11614.820000000002
00e12e8b_2606,11614.820000000002
00e12e8b_2607,11614.820000000002
00e12e8b_2608,11614.820000000002
00e12e8b_2609,11614.820000000002
00e12e8b_2610,11614.820000000002
00e12e8b_2611,11614.820000000002
00e12e8b_2612,11614.820000000002
00e12e8b_2613,11614.820000000002
00e12e8b_2614,11614.820000000002
00e12e8b_2615,11614.820000000002
00e12e8b_2616,11614.820000000002
00e12e8b_2617,11614.820000000002
00e12e8b_2618,11614.820000000002
00e12e8b_2619,11614.820000000002
00e12e8b_2620,11614.820000000002
00e12e8b_2621,11614.820000000002
00e12e8b_2622,11614.820000000002
00e12e8b_2623,11614.820000000002
00e12e8b_2624,11614.820000000002
00e12e8b_2625,11614.820000000002
00e12e8b_2626,11614.820000000002
00e12e8b_2627,11614.820000000002
00e12e8b_2628,11614.820000000002
00e12e8b_2629,11614.820000000002
00e12e8b_2630,11614.820000000002
00e12e8b_2631,11614.820000000002
00e12e8b_2632,11614.820000000002
00e12e8b_2633,11614.820000000002
00e12e8b_2634,11614.820000000002
00e12e8b_2635,11614.820000000002
00e12e8b_2636,11614.820000000002
00e12e8b_2637,11614.820000000002
00e12e8b_2638,11614.820000000002
00e12e8b_2639,11614.820000000002
00e12e8b_2640,11614.820000000002
00e12e8b_2641,11614.820000000002
00e12e8b_2642,11614.820000000002
00e12e8b_2643,11614.820000000002
00e12e8b_2644,11614.820000000002
00e12e8b_2645,11614.820000000002
00e12e8b_2646,11614.820000000002
00e12e8b_2647,11614.820000000002
00e12e8b_2648,11614.820000000002
00e12e8b_2649,11614.820000000002
00e12e8b_2650,11614.820000000002
00e12e8b_2651,11614.820000000002
00e12e8b_2652,11614.820000000002
00e12e8b_2653,11614.820000000002
00e12e8b_2654,11614.820000000002
00e12e8b_2655,11614.820000000002
00e12e8b_2656,11614.820000000002
00e12e8b_2657,11614.820000000002
00e12e8b_2658,11614.820000000002
00e12e8b_2659,11614.820000000002
00e12e8b_2660,11614.820000000002
00e12e8b_2661,11614.820000000002
00e12e8b_2662,11614.820000000002
00e12e8b_2663,11614.820000000002
00e12e8b_2664,11614.820000000002
00e12e8b_2665,11614.820000000002
00e12e8b_2666,11614.820000000002
00e12e8b_2667,11614.820000000002
00e12e8b_2668,11614.820000000002
00e12e8b_2669,11614.820000000002
00e12e8b_2670,11614.820000000002
00e12e8b_2671,11614.820000000002
00e12e8b_2672,11614.820000000002
00e12e8b_2673,11614.820000000002
00e12e8b_2674,11614.820000000002
00e12e8b_2675,11614.820000000002
00e12e8b_2676,11614.820000000002
00e12e8b_2677,11614.820000000002
00e12e8b_2678,11614.820000000002
00e12e8b_2679,11614.820000000002
00e12e8b_2680,11614.820000000002
00e12e8b_2681,11614.820000000002
00e12e8b_2682,11614.820000000002
00e12e8b_2683,11614.820000000002
00e12e8b_2684,11614.820000000002
00e12e8b_2685,11614.820000000002
00e12e8b_2686,11614.820000000002
00e12e8b_2687,11614.820000000002
00e12e8b_2688,11614.820000000002
00e12e8b_2689,11614.820000000002
00e12e8b_2690,11614.820000000002
00e12e8b_2691,11614.820000000002
00e12e8b_2692,11614.820000000002
00e12e8b_2693,11614.820000000002
00e12e8b_2694,11614.820000000002
00e12e8b_2695,11614.820000000002
00e12e8b_2696,11614.820000000002
00e12e8b_2697,11614.820000000002
00e12e8b_2698,11614.820000000002
00e12e8b_2699,11614.820000000002
00e12e8b_2700,11614.820000000002
00e12e8b_2701,11614.820000000002
00e12e8b_2702,11614.820000000002
00e12e8b_2703,11614.820000000002
00e12e8b_2704,11614.820000000002
00e12e8b_2705,11614.820000000002
00e12e8b_2706,11614.820000000002
00e12e8b_2707,11614.820000000002
00e12e8b_2708,11614.820000000002
00e12e8b_2709,11614.820000000002
00e12e8b_2710,11614.820000000002
00e12e8b_2711,11614.820000000002
00e12e8b_2712,11614.820000000002
00e12e8b_2713,11614.820000000002
00e12e8b_2714,11614.820000000002
00e12e8b_2715,11614.820000000002
00e12e8b_2716,11614.820000000002
00e12e8b_2717,11614.820000000002
00e12e8b_2718,11614.820000000002
00e12e8b_2719,11614.820000000002
00e12e8b_2720,11614.820000000002
00e12e8b_2721,11614.820000000002
00e12e8b_2722,11614.820000000002
00e12e8b_2723,11614.820000000002
00e12e8b_2724,11614.820000000002
00e12e8b_2725,11614.820000000002
00e12e8b_2726,11614.820000000002
00e12e8b_2727,11614.820000000002
00e12e8b_2728,11614.820000000002
00e12e8b_2729,11614.820000000002
00e12e8b_2730,11614.820000000002
00e12e8b_2731,11614.820000000002
00e12e8b_2732,11614.820000000002
00e12e8b_2733,11614.820000000002
00e12e8b_2734,11614.820000000002
00e12e8b_2735,11614.820000000002
00e12e8b_2736,11614.820000000002
00e12e8b_2737,11614.820000000002
00e12e8b_2738,11614.820000000002
00e12e8b_2739,11614.820000000002
00e12e8b_2740,11614.820000000002
00e12e8b_2741,11614.820000000002
00e12e8b_2742,11614.820000000002
00e12e8b_2743,11614.820000000002
00e12e8b_2744,11614.820000000002
00e12e8b_2745,11614.820000000002
00e12e8b_2746,11614.820000000002
00e12e8b_2747,11614.820000000002
00e12e8b_2748,11614.820000000002
00e12e8b_2749,11614.820000000002
00e12e8b_2750,11614.820000000002
00e12e8b_2751,11614.820000000002
00e12e8b_2752,11614.820000000002
00e12e8b_2753,11614.820000000002
00e12e8b_2754,11614.820000000002
00e12e8b_2755,11614.820000000002
00e12e8b_2756,11614.820000000002
00e12e8b_2757,11614.820000000002
00e12e8b_2758,11614.820000000002
00e12e8b_2759,11614.820000000002
00e12e8b_2760,11614.820000000002
00e12e8b_2761,11614.820000000002
00e12e8b_2762,11614.820000000002
00e12e8b_2763,11614.820000000002
00e12e8b_2764,11614.820000000002
00e12e8b_2765,11614.820000000002
00e12e8b_2766,11614.820000000002
00e12e8b_2767,11614.820000000002
00e12e8b_2768,11614.820000000002
00e12e8b_2769,11614.820000000002
00e12e8b_2770,11614.820000000002
00e12e8b_2771,11614.820000000002
00e12e8b_2772,11614.820000000002
00e12e8b_2773,11614.820000000002
00e12e8b_2774,11614.820000000002
00e12e8b_2775,11614.820000000002
00e12e8b_2776,11614.820000000002
00e12e8b_2777,11614.820000000002
00e12e8b_2778,11614.820000000002
00e12e8b_2779,11614.820000000002
00e12e8b_2780,11614.820000000002
00e12e8b_2781,11614.820000000002
00e12e8b_2782,11614.820000000002
00e12e8b_2783,11614.820000000002
00e12e8b_2784,11614.820000000002
00e12e8b_2785,11614.820000000002
00e12e8b_2786,11614.820000000002
00e12e8b_2787,11614.820000000002
00e12e8b_2788,11614.820000000002
00e12e8b_2789,11614.820000000002
00e12e8b_2790,11614.820000000002
00e12e8b_2791,11614.820000000002
00e12e8b_2792,11614.820000000002
00e12e8b_2793,11614.820000000002
00e12e8b_2794,11614.820000000002
00e12e8b_2795,11614.820000000002
00e12e8b_2796,11614.820000000002
00e12e8b_2797,11614.820000000002
00e12e8b_2798,11614.820000000002
00e12e8b_2799,11614.820000000002
00e12e8b_2800,11614.820000000002
00e12e8b_2801,11614.820000000002
00e12e8b_2802,11614.820000000002
00e12e8b_2803,11614.820000000002
00e12e8b_2804,11614.820000000002
00e12e8b_2805,11614.820000000002
00e12e8b_2806,11614.820000000002
00e12e8b_2807,11614.820000000002
00e12e8b_2808,11614.820000000002
00e12e8b_2809,11614.820000000002
00e12e8b_2810,11614.820000000002
00e12e8b_2811,11614.820000000002
00e12e8b_2812,11614.820000000002
00e12e8b_2813,11614.820000000002
00e12e8b_2814,11614.820000000002
00e12e8b_2815,11614.820000000002
00e12e8b_2816,11614.820000000002
00e12e8b_2817,11614.820000000002
00e12e8b_2818,11614.820000000002
00e12e8b_2819,11614.820000000002
00e12e8b_2820,11614.820000000002
00e12e8b_2821,11614.820000000002
00e12e8b_2822,11614.820000000002
00e12e8b_2823,11614.820000000002
00e12e8b_2824,11614.820000000002
00e12e8b_2825,11614.820000000002
00e12e8b_2826,11614.820000000002
00e12e8b_2827,11614.820000000002
00e12e8b_2828,11614.820000000002
00e12e8b_2829,11614.820000000002
00e12e8b_2830,11614.820000000002
00e12e8b_2831,11614.820000000002
00e12e8b_2832,11614.820000000002
00e12e8b_2833,11614.820000000002
00e12e8b_2834,11614.820000000002
00e12e8b_2835,11614.820000000002
00e12e8b_2836,11614.820000000002
00e12e8b_2837,11614.820000000002
00e12e8b_2838,11614.820000000002
00e12e8b_2839,11614.820000000002
00e12e8b_2840,11614.820000000002
00e12e8b_2841,11614.820000000002
00e12e8b_2842,11614.820000000002
00e12e8b_2843,11614.820000000002
00e12e8b_2844,11614.820000000002
00e12e8b_2845,11614.820000000002
00e12e8b_2846,11614.820000000002
00e12e8b_2847,11614.820000000002
00e12e8b_2848,11614.820000000002
00e12e8b_2849,11614.820000000002
00e12e8b_2850,11614.820000000002
00e12e8b_2851,11614.820000000002
00e12e8b_2852,11614.820000000002
00e12e8b_2853,11614.820000000002
00e12e8b_2854,11614.820000000002
00e12e8b_2855,11614.820000000002
00e12e8b_2856,11614.820000000002
00e12e8b_2857,11614.820000000002
00e12e8b_2858,11614.820000000002
00e12e8b_2859,11614.820000000002
00e12e8b_2860,11614.820000000002
00e12e8b_2861,11614.820000000002
00e12e8b_2862,11614.820000000002
00e12e8b_2863,11614.820000000002
00e12e8b_2864,11614.820000000002
00e12e8b_2865,11614.820000000002
00e12e8b_2866,11614.820000000002
00e12e8b_2867,11614.820000000002
00e12e8b_2868,11614.820000000002
00e12e8b_2869,11614.820000000002
00e12e8b_2870,11614.820000000002
00e12e8b_2871,11614.820000000002
00e12e8b_2872,11614.820000000002
00e12e8b_2873,11614.820000000002
00e12e8b_2874,11614.820000000002
00e12e8b_2875,11614.820000000002
00e12e8b_2876,11614.820000000002
00e12e8b_2877,11614.820000000002
00e12e8b_2878,11614.820000000002
00e12e8b_2879,11614.820000000002
00e12e8b_2880,11614.820000000002
00e12e8b_2881,11614.820000000002
00e12e8b_2882,11614.820000000002
00e12e8b_2883,11614.820000000002
00e12e8b_2884,11614.820000000002
00e12e8b_2885,11614.820000000002
00e12e8b_2886,11614.820000000002
00e12e8b_2887,11614.820000000002
00e12e8b_2888,11614.820000000002
00e12e8b_2889,11614.820000000002
00e12e8b_2890,11614.820000000002
00e12e8b_2891,11614.820000000002
00e12e8b_2892,11614.820000000002
00e12e8b_2893,11614.820000000002
00e12e8b_2894,11614.820000000002
00e12e8b_2895,11614.820000000002
00e12e8b_2896,11614.820000000002
00e12e8b_2897,11614.820000000002
00e12e8b_2898,11614.820000000002
00e12e8b_2899,11614.820000000002
00e12e8b_2900,11614.820000000002
00e12e8b_2901,11614.820000000002
00e12e8b_2902,11614.820000000002
00e12e8b_2903,11614.820000000002
00e12e8b_2904,11614.820000000002
00e12e8b_2905,11614.820000000002
00e12e8b_2906,11614.820000000002
00e12e8b_2907,11614.820000000002
00e12e8b_2908,11614.820000000002
00e12e8b_2909,11614.820000000002
00e12e8b_2910,11614.820000000002
00e12e8b_2911,11614.820000000002
00e12e8b_2912,11614.820000000002
00e12e8b_2913,11614.820000000002
00e12e8b_2914,11614.820000000002
00e12e8b_2915,11614.820000000002
00e12e8b_2916,11614.820000000002
00e12e8b_2917,11614.820000000002
00e12e8b_2918,11614.820000000002
00e12e8b_2919,11614.820000000002
00e12e8b_2920,11614.820000000002
00e12e8b_2921,11614.820000000002
00e12e8b_2922,11614.820000000002
00e12e8b_2923,11614.820000000002
00e12e8b_2924,11614.820000000002
00e12e8b_2925,11614.820000000002
00e12e8b_2926,11614.820000000002
00e12e8b_2927,11614.820000000002
00e12e8b_2928,11614.820000000002
00e12e8b_2929,11614.820000000002
00e12e8b_2930,11614.820000000002
00e12e8b_2931,11614.820000000002
00e12e8b_2932,11614.820000000002
00e12e8b_2933,11614.820000000002
00e12e8b_2934,11614.820000000002
00e12e8b_2935,11614.820000000002
00e12e8b_2936,11614.820000000002
00e12e8b_2937,11614.820000000002
00e12e8b_2938,11614.820000000002
00e12e8b_2939,11614.820000000002
00e12e8b_2940,11614.820000000002
00e12e8b_2941,11614.820000000002
00e12e8b_2942,11614.820000000002
00e12e8b_2943,11614.820000000002
00e12e8b_2944,11614.820000000002
00e12e8b_2945,11614.820000000002
00e12e8b_2946,11614.820000000002
00e12e8b_2947,11614.820000000002
00e12e8b_2948,11614.820000000002
00e12e8b_2949,11614.820000000002
00e12e8b_2950,11614.820000000002
00e12e8b_2951,11614.820000000002
00e12e8b_2952,11614.820000000002
00e12e8b_2953,11614.820000000002
00e12e8b_2954,11614.820000000002
00e12e8b_2955,11614.820000000002
00e12e8b_2956,11614.820000000002
00e12e8b_2957,11614.820000000002
00e12e8b_2958,11614.820000000002
00e12e8b_2959,11614.820000000002
00e12e8b_2960,11614.820000000002
00e12e8b_2961,11614.820000000002
00e12e8b_2962,11614.820000000002
00e12e8b_2963,11614.820000000002
00e12e8b_2964,11614.820000000002
00e12e8b_2965,11614.820000000002
00e12e8b_2966,11614.820000000002
00e12e8b_2967,11614.820000000002
00e12e8b_2968,11614.820000000002
00e12e8b_2969,11614.820000000002
00e12e8b_2970,11614.820000000002
00e12e8b_2971,11614.820000000002
00e12e8b_2972,11614.820000000002
00e12e8b_2973,11614.820000000002
00e12e8b_2974,11614.820000000002
00e12e8b_2975,11614.820000000002
00e12e8b_2976,11614.820000000002
00e12e8b_2977,11614.820000000002
00e12e8b_2978,11614.820000000002
00e12e8b_2979,11614.820000000002
00e12e8b_2980,11614.820000000002
00e12e8b_2981,11614.820000000002
00e12e8b_2982,11614.820000000002
00e12e8b_2983,11614.820000000002
00e12e8b_2984,11614.820000000002
00e12e8b_2985,11614.820000000002
00e12e8b_2986,11614.820000000002
00e12e8b_2987,11614.820000000002
00e12e8b_2988,11614.820000000002
00e12e8b_2989,11614.820000000002
00e12e8b_2990,11614.820000000002
00e12e8b_2991,11614.820000000002
00e12e8b_2992,11614.820000000002
00e12e8b_2993,11614.820000000002
00e12e8b_2994,11614.820000000002
00e12e8b_2995,11614.820000000002
00e12e8b_2996,11614.820000000002
00e12e8b_2997,11614.820000000002
00e12e8b_2998,11614.820000000002
00e12e8b_2999,11614.820000000002
00e12e8b_3000,11614.820000000002
00e12e8b_3001,11614.820000000002
00e12e8b_3002,11614.820000000002
00e12e8b_3003,11614.820000000002
00e12e8b_3004,11614.820000000002
00e12e8b_3005,11614.820000000002
00e12e8b_3006,11614.820000000002
00e12e8b_3007,11614.820000000002
00e12e8b_3008,11614.820000000002
00e12e8b_3009,11614.820000000002
00e12e8b_3010,11614.820000000002
00e12e8b_3011,11614.820000000002
00e12e8b_3012,11614.820000000002
00e12e8b_3013,11614.820000000002
00e12e8b_3014,11614.820000000002
00e12e8b_3015,11614.820000000002
00e12e8b_3016,11614.820000000002
00e12e8b_3017,11614.820000000002
00e12e8b_3018,11614.820000000002
00e12e8b_3019,11614.820000000002
00e12e8b_3020,11614.820000000002
00e12e8b_3021,11614.820000000002
00e12e8b_3022,11614.820000000002
00e12e8b_3023,11614.820000000002
00e12e8b_3024,11614.820000000002
00e12e8b_3025,11614.820000000002
00e12e8b_3026,11614.820000000002
00e12e8b_3027,11614.820000000002
00e12e8b_3028,11614.820000000002
00e12e8b_3029,11614.820000000002
00e12e8b_3030,11614.820000000002
00e12e8b_3031,11614.820000000002
00e12e8b_3032,11614.820000000002
00e12e8b_3033,11614.820000000002
00e12e8b_3034,11614.820000000002
00e12e8b_3035,11614.820000000002
00e12e8b_3036,11614.820000000002
00e12e8b_3037,11614.820000000002
00e12e8b_3038,11614.820000000002
00e12e8b_3039,11614.820000000002
00e12e8b_3040,11614.820000000002
00e12e8b_3041,11614.820000000002
00e12e8b_3042,11614.820000000002
00e12e8b_3043,11614.820000000002
00e12e8b_3044,11614.820000000002
00e12e8b_3045,11614.820000000002
00e12e8b_3046,11614.820000000002
00e12e8b_3047,11614.820000000002
00e12e8b_3048,11614.820000000002
00e12e8b_3049,11614.820000000002
00e12e8b_3050,11614.820000000002
00e12e8b_3051,11614.820000000002
00e12e8b_3052,11614.820000000002
00e12e8b_3053,11614.820000000002
00e12e8b_3054,11614.820000000002
00e12e8b_3055,11614.820000000002
00e12e8b_3056,11614.820000000002
00e12e8b_3057,11614.820000000002
00e12e8b_3058,11614.820000000002
00e12e8b_3059,11614.820000000002
00e12e8b_3060,11614.820000000002
00e12e8b_3061,11614.820000000002
00e12e8b_3062,11614.820000000002
00e12e8b_3063,11614.820000000002
00e12e8b_3064,11614.820000000002
00e12e8b_3065,11614.820000000002
00e12e8b_3066,11614.820000000002
00e12e8b_3067,11614.820000000002
00e12e8b_3068,11614.820000000002
00e12e8b_3069,11614.820000000002
00e12e8b_3070,11614.820000000002
00e12e8b_3071,11614.820000000002
00e12e8b_3072,11614.820000000002
00e12e8b_3073,11614.820000000002
00e12e8b_3074,11614.820000000002
00e12e8b_3075,11614.820000000002
00e12e8b_3076,11614.820000000002
00e12e8b_3077,11614.820000000002
00e12e8b_3078,11614.820000000002
00e12e8b_3079,11614.820000000002
00e12e8b_3080,11614.820000000002
00e12e8b_3081,11614.820000000002
00e12e8b_3082,11614.820000000002
00e12e8b_3083,11614.820000000002
00e12e8b_3084,11614.820000000002
00e12e8b_3085,11614.820000000002
00e12e8b_3086,11614.820000000002
00e12e8b_3087,11614.820000000002
00e12e8b_3088,11614.820000000002
00e12e8b_3089,11614.820000000002
00e12e8b_3090,11614.820000000002
00e12e8b_3091,11614.820000000002
00e12e8b_3092,11614.820000000002
00e12e8b_3093,11614.820000000002
00e12e8b_3094,11614.820000000002
00e12e8b_3095,11614.820000000002
00e12e8b_3096,11614.820000000002
00e12e8b_3097,11614.820000000002
00e12e8b_3098,11614.820000000002
00e12e8b_3099,11614.820000000002
00e12e8b_3100,11614.820000000002
00e12e8b_3101,11614.820000000002
00e12e8b_3102,11614.820000000002
00e12e8b_3103,11614.820000000002
00e12e8b_3104,11614.820000000002
00e12e8b_3105,11614.820000000002
00e12e8b_3106,11614.820000000002
00e12e8b_3107,11614.820000000002
00e12e8b_3108,11614.820000000002
00e12e8b_3109,11614.820000000002
00e12e8b_3110,11614.820000000002
00e12e8b_3111,11614.820000000002
00e12e8b_3112,11614.820000000002
00e12e8b_3113,11614.820000000002
00e12e8b_3114,11614.820000000002
00e12e8b_3115,11614.820000000002
00e12e8b_3116,11614.820000000002
00e12e8b_3117,11614.820000000002
00e12e8b_3118,11614.820000000002
00e12e8b_3119,11614.820000000002
00e12e8b_3120,11614.820000000002
00e12e8b_3121,11614.820000000002
00e12e8b_3122,11614.820000000002
00e12e8b_3123,11614.820000000002
00e12e8b_3124,11614.820000000002
00e12e8b_3125,11614.820000000002
00e12e8b_3126,11614.820000000002
00e12e8b_3127,11614.820000000002
00e12e8b_3128,11614.820000000002
00e12e8b_3129,11614.820000000002
00e12e8b_3130,11614.820000000002
00e12e8b_3131,11614.820000000002
00e12e8b_3132,11614.820000000002
00e12e8b_3133,11614.820000000002
00e12e8b_3134,11614.820000000002
00e12e8b_3135,11614.820000000002
00e12e8b_3136,11614.820000000002
00e12e8b_3137,11614.820000000002
00e12e8b_3138,11614.820000000002
00e12e8b_3139,11614.820000000002
00e12e8b_3140,11614.820000000002
00e12e8b_3141,11614.820000000002
00e12e8b_3142,11614.820000000002
00e12e8b_3143,11614.820000000002
00e12e8b_3144,11614.820000000002
00e12e8b_3145,11614.820000000002
00e12e8b_3146,11614.820000000002
00e12e8b_3147,11614.820000000002
00e12e8b_3148,11614.820000000002
00e12e8b_3149,11614.820000000002
00e12e8b_3150,11614.820000000002
00e12e8b_3151,11614.820000000002
00e12e8b_3152,11614.820000000002
00e12e8b_3153,11614.820000000002
00e12e8b_3154,11614.820000000002
00e12e8b_3155,11614.820000000002
00e12e8b_3156,11614.820000000002
00e12e8b_3157,11614.820000000002
00e12e8b_3158,11614.820000000002
00e12e8b_3159,11614.820000000002
00e12e8b_3160,11614.820000000002
00e12e8b_3161,11614.820000000002
00e12e8b_3162,11614.820000000002
00e12e8b_3163,11614.820000000002
00e12e8b_3164,11614.820000000002
00e12e8b_3165,11614.820000000002
00e12e8b_3166,11614.820000000002
00e12e8b_3167,11614.820000000002
00e12e8b_3168,11614.820000000002
00e12e8b_3169,11614.820000000002
00e12e8b_3170,11614.820000000002
00e12e8b_3171,11614.820000000002
00e12e8b_3172,11614.820000000002
00e12e8b_3173,11614.820000000002
00e12e8b_3174,11614.820000000002
00e12e8b_3175,11614.820000000002
00e12e8b_3176,11614.820000000002
00e12e8b_3177,11614.820000000002
00e12e8b_3178,11614.820000000002
00e12e8b_3179,11614.820000000002
00e12e8b_3180,11614.820000000002
00e12e8b_3181,11614.820000000002
00e12e8b_3182,11614.820000000002
00e12e8b_3183,11614.820000000002
00e12e8b_3184,11614.820000000002
00e12e8b_3185,11614.820000000002
00e12e8b_3186,11614.820000000002
00e12e8b_3187,11614.820000000002
00e12e8b_3188,11614.820000000002
00e12e8b_3189,11614.820000000002
00e12e8b_3190,11614.820000000002
00e12e8b_3191,11614.820000000002
00e12e8b_3192,11614.820000000002
00e12e8b_3193,11614.820000000002
00e12e8b_3194,11614.820000000002
00e12e8b_3195,11614.820000000002
00e12e8b_3196,11614.820000000002
00e12e8b_3197,11614.820000000002
00e12e8b_3198,11614.820000000002
00e12e8b_3199,11614.820000000002
00e12e8b_3200,11614.820000000002
00e12e8b_3201,11614.820000000002
00e12e8b_3202,11614.820000000002
00e12e8b_3203,11614.820000000002
00e12e8b_3204,11614.820000000002
00e12e8b_3205,11614.820000000002
00e12e8b_3206,11614.820000000002
00e12e8b_3207,11614.820000000002
00e12e8b_3208,11614.820000000002
00e12e8b_3209,11614.820000000002
00e12e8b_3210,11614.820000000002
00e12e8b_3211,11614.820000000002
00e12e8b_3212,11614.820000000002
00e12e8b_3213,11614.820000000002
00e12e8b_3214,11614.820000000002
00e12e8b_3215,11614.820000000002
00e12e8b_3216,11614.820000000002
00e12e8b_3217,11614.820000000002
00e12e8b_3218,11614.820000000002
00e12e8b_3219,11614.820000000002
00e12e8b_3220,11614.820000000002
00e12e8b_3221,11614.820000000002
00e12e8b_3222,11614.820000000002
00e12e8b_3223,11614.820000000002
00e12e8b_3224,11614.820000000002
00e12e8b_3225,11614.820000000002
00e12e8b_3226,11614.820000000002
00e12e8b_3227,11614.820000000002
00e12e8b_3228,11614.820000000002
00e12e8b_3229,11614.820000000002
00e12e8b_3230,11614.820000000002
00e12e8b_3231,11614.820000000002
00e12e8b_3232,11614.820000000002
00e12e8b_3233,11614.820000000002
00e12e8b_3234,11614.820000000002
00e12e8b_3235,11614.820000000002
00e12e8b_3236,11614.820000000002
00e12e8b_3237,11614.820000000002
00e12e8b_3238,11614.820000000002
00e12e8b_3239,11614.820000000002
00e12e8b_3240,11614.820000000002
00e12e8b_3241,11614.820000000002
00e12e8b_3242,11614.820000000002
00e12e8b_3243,11614.820000000002
00e12e8b_3244,11614.820000000002
00e12e8b_3245,11614.820000000002
00e12e8b_3246,11614.820000000002
00e12e8b_3247,11614.820000000002
00e12e8b_3248,11614.820000000002
00e12e8b_3249,11614.820000000002
00e12e8b_3250,11614.820000000002
00e12e8b_3251,11614.820000000002
00e12e8b_3252,11614.820000000002
00e12e8b_3253,11614.820000000002
00e12e8b_3254,11614.820000000002
00e12e8b_3255,11614.820000000002
00e12e8b_3256,11614.820000000002
00e12e8b_3257,11614.820000000002
00e12e8b_3258,11614.820000000002
00e12e8b_3259,11614.820000000002
00e12e8b_3260,11614.820000000002
00e12e8b_3261,11614.820000000002
00e12e8b_3262,11614.820000000002
00e12e8b_3263,11614.820000000002
00e12e8b_3264,11614.820000000002
00e12e8b_3265,11614.820000000002
00e12e8b_3266,11614.820000000002
00e12e8b_3267,11614.820000000002
00e12e8b_3268,11614.820000000002
00e12e8b_3269,11614.820000000002
00e12e8b_3270,11614.820000000002
00e12e8b_3271,11614.820000000002
00e12e8b_3272,11614.820000000002
00e12e8b_3273,11614.820000000002
00e12e8b_3274,11614.820000000002
00e12e8b_3275,11614.820000000002
00e12e8b_3276,11614.820000000002
00e12e8b_3277,11614.820000000002
00e12e8b_3278,11614.820000000002
00e12e8b_3279,11614.820000000002
00e12e8b_3280,11614.820000000002
00e12e8b_3281,11614.820000000002
00e12e8b_3282,11614.820000000002
00e12e8b_3283,11614.820000000002
00e12e8b_3284,11614.820000000002
00e12e8b_3285,11614.820000000002
00e12e8b_3286,11614.820000000002
00e12e8b_3287,11614.820000000002
00e12e8b_3288,11614.820000000002
00e12e8b_3289,11614.820000000002
00e12e8b_3290,11614.820000000002
00e12e8b_3291,11614.820000000002
00e12e8b_3292,11614.820000000002
00e12e8b_3293,11614.820000000002
00e12e8b_3294,11614.820000000002
00e12e8b_3295,11614.820000000002
00e12e8b_3296,11614.820000000002
00e12e8b_3297,11614.820000000002
00e12e8b_3298,11614.820000000002
00e12e8b_3299,11614.820000000002
00e12e8b_3300,11614.820000000002
00e12e8b_3301,11614.820000000002
00e12e8b_3302,11614.820000000002
00e12e8b_3303,11614.820000000002
00e12e8b_3304,11614.820000000002
00e12e8b_3305,11614.820000000002
00e12e8b_3306,11614.820000000002
00e12e8b_3307,11614.820000000002
00e12e8b_3308,11614.820000000002
00e12e8b_3309,11614.820000000002
00e12e8b_3310,11614.820000000002
00e12e8b_3311,11614.820000000002
00e12e8b_3312,11614.820000000002
00e12e8b_3313,11614.820000000002
00e12e8b_3314,11614.820000000002
00e12e8b_3315,11614.820000000002
00e12e8b_3316,11614.820000000002
00e12e8b_3317,11614.820000000002
00e12e8b_3318,11614.820000000002
00e12e8b_3319,11614.820000000002
00e12e8b_3320,11614.820000000002
00e12e8b_3321,11614.820000000002
00e12e8b_3322,11614.820000000002
00e12e8b_3323,11614.820000000002
00e12e8b_3324,11614.820000000002
00e12e8b_3325,11614.820000000002
00e12e8b_3326,11614.820000000002
00e12e8b_3327,11614.820000000002
00e12e8b_3328,11614.820000000002
00e12e8b_3329,11614.820000000002
00e12e8b_3330,11614.820000000002
00e12e8b_3331,11614.820000000002
00e12e8b_3332,11614.820000000002
00e12e8b_3333,11614.820000000002
00e12e8b_3334,11614.820000000002
00e12e8b_3335,11614.820000000002
00e12e8b_3336,11614.820000000002
00e12e8b_3337,11614.820000000002
00e12e8b_3338,11614.820000000002
00e12e8b_3339,11614.820000000002
00e12e8b_3340,11614.820000000002
00e12e8b_3341,11614.820000000002
00e12e8b_3342,11614.820000000002
00e12e8b_3343,11614.820000000002
00e12e8b_3344,11614.820000000002
00e12e8b_3345,11614.820000000002
00e12e8b_3346,11614.820000000002
00e12e8b_3347,11614.820000000002
00e12e8b_3348,11614.820000000002
00e12e8b_3349,11614.820000000002
00e12e8b_3350,11614.820000000002
00e12e8b_3351,11614.820000000002
00e12e8b_3352,11614.820000000002
00e12e8b_3353,11614.820000000002
00e12e8b_3354,11614.820000000002
00e12e8b_3355,11614.820000000002
00e12e8b_3356,11614.820000000002
00e12e8b_3357,11614.820000000002
00e12e8b_3358,11614.820000000002
00e12e8b_3359,11614.820000000002
00e12e8b_3360,11614.820000000002
00e12e8b_3361,11614.820000000002
00e12e8b_3362,11614.820000000002
00e12e8b_3363,11614.820000000002
00e12e8b_3364,11614.820000000002
00e12e8b_3365,11614.820000000002
00e12e8b_3366,11614.820000000002
00e12e8b_3367,11614.820000000002
00e12e8b_3368,11614.820000000002
00e12e8b_3369,11614.820000000002
00e12e8b_3370,11614.820000000002
00e12e8b_3371,11614.820000000002
00e12e8b_3372,11614.820000000002
00e12e8b_3373,11614.820000000002
00e12e8b_3374,11614.820000000002
00e12e8b_3375,11614.820000000002
00e12e8b_3376,11614.820000000002
00e12e8b_3377,11614.820000000002
00e12e8b_3378,11614.820000000002
00e12e8b_3379,11614.820000000002
00e12e8b_3380,11614.820000000002
00e12e8b_3381,11614.820000000002
00e12e8b_3382,11614.820000000002
00e12e8b_3383,11614.820000000002
00e12e8b_3384,11614.820000000002
00e12e8b_3385,11614.820000000002
00e12e8b_3386,11614.820000000002
00e12e8b_3387,11614.820000000002
00e12e8b_3388,11614.820000000002
00e12e8b_3389,11614.820000000002
00e12e8b_3390,11614.820000000002
00e12e8b_3391,11614.820000000002
00e12e8b_3392,11614.820000000002
00e12e8b_3393,11614.820000000002
00e12e8b_3394,11614.820000000002
00e12e8b_3395,11614.820000000002
00e12e8b_3396,11614.820000000002
00e12e8b_3397,11614.820000000002
00e12e8b_3398,11614.820000000002
00e12e8b_3399,11614.820000000002
00e12e8b_3400,11614.820000000002
00e12e8b_3401,11614.820000000002
00e12e8b_3402,11614.820000000002
00e12e8b_3403,11614.820000000002
00e12e8b_3404,11614.820000000002
00e12e8b_3405,11614.820000000002
00e12e8b_3406,11614.820000000002
00e12e8b_3407,11614.820000000002
00e12e8b_3408,11614.820000000002
00e12e8b_3409,11614.820000000002
00e12e8b_3410,11614.820000000002
00e12e8b_3411,11614.820000000002
00e12e8b_3412,11614.820000000002
00e12e8b_3413,11614.820000000002
00e12e8b_3414,11614.820000000002
00e12e8b_3415,11614.820000000002
00e12e8b_3416,11614.820000000002
00e12e8b_3417,11614.820000000002
00e12e8b_3418,11614.820000000002
00e12e8b_3419,11614.820000000002
00e12e8b_3420,11614.820000000002
00e12e8b_3421,11614.820000000002
00e12e8b_3422,11614.820000000002
00e12e8b_3423,11614.820000000002
00e12e8b_3424,11614.820000000002
00e12e8b_3425,11614.820000000002
00e12e8b_3426,11614.820000000002
00e12e8b_3427,11614.820000000002
00e12e8b_3428,11614.820000000002
00e12e8b_3429,11614.820000000002
00e12e8b_3430,11614.820000000002
00e12e8b_3431,11614.820000000002
00e12e8b_3432,11614.820000000002
00e12e8b_3433,11614.820000000002
00e12e8b_3434,11614.820000000002
00e12e8b_3435,11614.820000000002
00e12e8b_3436,11614.820000000002
00e12e8b_3437,11614.820000000002
00e12e8b_3438,11614.820000000002
00e12e8b_3439,11614.820000000002
00e12e8b_3440,11614.820000000002
00e12e8b_3441,11614.820000000002
00e12e8b_3442,11614.820000000002
00e12e8b_3443,11614.820000000002
00e12e8b_3444,11614.820000000002
00e12e8b_3445,11614.820000000002
00e12e8b_3446,11614.820000000002
00e12e8b_3447,11614.820000000002
00e12e8b_3448,11614.820000000002
00e12e8b_3449,11614.820000000002
00e12e8b_3450,11614.820000000002
00e12e8b_3451,11614.820000000002
00e12e8b_3452,11614.820000000002
00e12e8b_3453,11614.820000000002
00e12e8b_3454,11614.820000000002
00e12e8b_3455,11614.820000000002
00e12e8b_3456,11614.820000000002
00e12e8b_3457,11614.820000000002
00e12e8b_3458,11614.820000000002
00e12e8b_3459,11614.820000000002
00e12e8b_3460,11614.820000000002
00e12e8b_3461,11614.820000000002
00e12e8b_3462,11614.820000000002
00e12e8b_3463,11614.820000000002
00e12e8b_3464,11614.820000000002
00e12e8b_3465,11614.820000000002
00e12e8b_3466,11614.820000000002
00e12e8b_3467,11614.820000000002
00e12e8b_3468,11614.820000000002
00e12e8b_3469,11614.820000000002
00e12e8b_3470,11614.820000000002
00e12e8b_3471,11614.820000000002
00e12e8b_3472,11614.820000000002
00e12e8b_3473,11614.820000000002
00e12e8b_3474,11614.820000000002
00e12e8b_3475,11614.820000000002
00e12e8b_3476,11614.820000000002
00e12e8b_3477,11614.820000000002
00e12e8b_3478,11614.820000000002
00e12e8b_3479,11614.820000000002
00e12e8b_3480,11614.820000000002
00e12e8b_3481,11614.820000000002
00e12e8b_3482,11614.820000000002
00e12e8b_3483,11614.820000000002
00e12e8b_3484,11614.820000000002
00e12e8b_3485,11614.820000000002
00e12e8b_3486,11614.820000000002
00e12e8b_3487,11614.820000000002
00e12e8b_3488,11614.820000000002
00e12e8b_3489,11614.820000000002
00e12e8b_3490,11614.820000000002
00e12e8b_3491,11614.820000000002
00e12e8b_3492,11614.820000000002
00e12e8b_3493,11614.820000000002
00e12e8b_3494,11614.820000000002
00e12e8b_3495,11614.820000000002
00e12e8b_3496,11614.820000000002
00e12e8b_3497,11614.820000000002
00e12e8b_3498,11614.820000000002
00e12e8b_3499,11614.820000000002
00e12e8b_3500,11614.820000000002
00e12e8b_3501,11614.820000000002
00e12e8b_3502,11614.820000000002
00e12e8b_3503,11614.820000000002
00e12e8b_3504,11614.820000000002
00e12e8b_3505,11614.820000000002
00e12e8b_3506,11614.820000000002
00e12e8b_3507,11614.820000000002
00e12e8b_3508,11614.820000000002
00e12e8b_3509,11614.820000000002
00e12e8b_3510,11614.820000000002
00e12e8b_3511,11614.820000000002
00e12e8b_3512,11614.820000000002
00e12e8b_3513,11614.820000000002
00e12e8b_3514,11614.820000000002
00e12e8b_3515,11614.820000000002
00e12e8b_3516,11614.820000000002
00e12e8b_3517,11614.820000000002
00e12e8b_3518,11614.820000000002
00e12e8b_3519,11614.820000000002
00e12e8b_3520,11614.820000000002
00e12e8b_3521,11614.820000000002
00e12e8b_3522,11614.820000000002
00e12e8b_3523,11614.820000000002
00e12e8b_3524,11614.820000000002
00e12e8b_3525,11614.820000000002
00e12e8b_3526,11614.820000000002
00e12e8b_3527,11614.820000000002
00e12e8b_3528,11614.820000000002
00e12e8b_3529,11614.820000000002
00e12e8b_3530,11614.820000000002
00e12e8b_3531,11614.820000000002
00e12e8b_3532,11614.820000000002
00e12e8b_3533,11614.820000000002
00e12e8b_3534,11614.820000000002
00e12e8b_3535,11614.820000000002
00e12e8b_3536,11614.820000000002
00e12e8b_3537,11614.820000000002
00e12e8b_3538,11614.820000000002
00e12e8b_3539,11614.820000000002
00e12e8b_3540,11614.820000000002
00e12e8b_3541,11614.820000000002
00e12e8b_3542,11614.820000000002
00e12e8b_3543,11614.820000000002
00e12e8b_3544,11614.820000000002
00e12e8b_3545,11614.820000000002
00e12e8b_3546,11614.820000000002
00e12e8b_3547,11614.820000000002
00e12e8b_3548,11614.820000000002
00e12e8b_3549,11614.820000000002
00e12e8b_3550,11614.820000000002
00e12e8b_3551,11614.820000000002
00e12e8b_3552,11614.820000000002
00e12e8b_3553,11614.820000000002
00e12e8b_3554,11614.820000000002
00e12e8b_3555,11614.820000000002
00e12e8b_3556,11614.820000000002
00e12e8b_3557,11614.820000000002
00e12e8b_3558,11614.820000000002
00e12e8b_3559,11614.820000000002
00e12e8b_3560,11614.820000000002
00e12e8b_3561,11614.820000000002
00e12e8b_3562,11614.820000000002
00e12e8b_3563,11614.820000000002
00e12e8b_3564,11614.820000000002
00e12e8b_3565,11614.820000000002
00e12e8b_3566,11614.820000000002
00e12e8b_3567,11614.820000000002
00e12e8b_3568,11614.820000000002
00e12e8b_3569,11614.820000000002
00e12e8b_3570,11614.820000000002
00e12e8b_3571,11614.820000000002
00e12e8b_3572,11614.820000000002
00e12e8b_3573,11614.820000000002
00e12e8b_3574,11614.820000000002
00e12e8b_3575,11614.820000000002
00e12e8b_3576,11614.820000000002
00e12e8b_3577,11614.820000000002
00e12e8b_3578,11614.820000000002
00e12e8b_3579,11614.820000000002
00e12e8b_3580,11614.820000000002
00e12e8b_3581,11614.820000000002
00e12e8b_3582,11614.820000000002
00e12e8b_3583,11614.820000000002
00e12e8b_3584,11614.820000000002
00e12e8b_3585,11614.820000000002
00e12e8b_3586,11614.820000000002
00e12e8b_3587,11614.820000000002
00e12e8b_3588,11614.820000000002
00e12e8b_3589,11614.820000000002
00e12e8b_3590,11614.820000000002
00e12e8b_3591,11614.820000000002
00e12e8b_3592,11614.820000000002
00e12e8b_3593,11614.820000000002
00e12e8b_3594,11614.820000000002
00e12e8b_3595,11614.820000000002
00e12e8b_3596,11614.820000000002
00e12e8b_3597,11614.820000000002
00e12e8b_3598,11614.820000000002
00e12e8b_3599,11614.820000000002
00e12e8b_3600,11614.820000000002
00e12e8b_3601,11614.820000000002
00e12e8b_3602,11614.820000000002
00e12e8b_3603,11614.820000000002
00e12e8b_3604,11614.820000000002
00e12e8b_3605,11614.820000000002
00e12e8b_3606,11614.820000000002
00e12e8b_3607,11614.820000000002
00e12e8b_3608,11614.820000000002
00e12e8b_3609,11614.820000000002
00e12e8b_3610,11614.820000000002
00e12e8b_3611,11614.820000000002
00e12e8b_3612,11614.820000000002
00e12e8b_3613,11614.820000000002
00e12e8b_3614,11614.820000000002
00e12e8b_3615,11614.820000000002
00e12e8b_3616,11614.820000000002
00e12e8b_3617,11614.820000000002
00e12e8b_3618,11614.820000000002
00e12e8b_3619,11614.820000000002
00e12e8b_3620,11614.820000000002
00e12e8b_3621,11614.820000000002
00e12e8b_3622,11614.820000000002
00e12e8b_3623,11614.820000000002
00e12e8b_3624,11614.820000000002
00e12e8b_3625,11614.820000000002
00e12e8b_3626,11614.820000000002
00e12e8b_3627,11614.820000000002
00e12e8b_3628,11614.820000000002
00e12e8b_3629,11614.820000000002
00e12e8b_3630,11614.820000000002
00e12e8b_3631,11614.820000000002
00e12e8b_3632,11614.820000000002
00e12e8b_3633,11614.820000000002
00e12e8b_3634,11614.820000000002
00e12e8b_3635,11614.820000000002
00e12e8b_3636,11614.820000000002
00e12e8b_3637,11614.820000000002
00e12e8b_3638,11614.820000000002
00e12e8b_3639,11614.820000000002
00e12e8b_3640,11614.820000000002
00e12e8b_3641,11614.820000000002
00e12e8b_3642,11614.820000000002
00e12e8b_3643,11614.820000000002
00e12e8b_3644,11614.820000000002
00e12e8b_3645,11614.820000000002
00e12e8b_3646,11614.820000000002
00e12e8b_3647,11614.820000000002
00e12e8b_3648,11614.820000000002
00e12e8b_3649,11614.820000000002
00e12e8b_3650,11614.820000000002
00e12e8b_3651,11614.820000000002
00e12e8b_3652,11614.820000000002
00e12e8b_3653,11614.820000000002
00e12e8b_3654,11614.820000000002
00e12e8b_3655,11614.820000000002
00e12e8b_3656,11614.820000000002
00e12e8b_3657,11614.820000000002
00e12e8b_3658,11614.820000000002
00e12e8b_3659,11614.820000000002
00e12e8b_3660,11614.820000000002
00e12e8b_3661,11614.820000000002
00e12e8b_3662,11614.820000000002
00e12e8b_3663,11614.820000000002
00e12e8b_3664,11614.820000000002
00e12e8b_3665,11614.820000000002
00e12e8b_3666,11614.820000000002
00e12e8b_3667,11614.820000000002
00e12e8b_3668,11614.820000000002
00e12e8b_3669,11614.820000000002
00e12e8b_3670,11614.820000000002
00e12e8b_3671,11614.820000000002
00e12e8b_3672,11614.820000000002
00e12e8b_3673,11614.820000000002
00e12e8b_3674,11614.820000000002
00e12e8b_3675,11614.820000000002
00e12e8b_3676,11614.820000000002
00e12e8b_3677,11614.820000000002
00e12e8b_3678,11614.820000000002
00e12e8b_3679,11614.820000000002
00e12e8b_3680,11614.820000000002
00e12e8b_3681,11614.820000000002
00e12e8b_3682,11614.820000000002
00e12e8b_3683,11614.820000000002
00e12e8b_3684,11614.820000000002
00e12e8b_3685,11614.820000000002
00e12e8b_3686,11614.820000000002
00e12e8b_3687,11614.820000000002
00e12e8b_3688,11614.820000000002
00e12e8b_3689,11614.820000000002
00e12e8b_3690,11614.820000000002
00e12e8b_3691,11614.820000000002
00e12e8b_3692,11614.820000000002
00e12e8b_3693,11614.820000000002
00e12e8b_3694,11614.820000000002
00e12e8b_3695,11614.820000000002
00e12e8b_3696,11614.820000000002
00e12e8b_3697,11614.820000000002
00e12e8b_3698,11614.820000000002
00e12e8b_3699,11614.820000000002
00e12e8b_3700,11614.820000000002
00e12e8b_3701,11614.820000000002
00e12e8b_3702,11614.820000000002
00e12e8b_3703,11614.820000000002
00e12e8b_3704,11614.820000000002
00e12e8b_3705,11614.820000000002
00e12e8b_3706,11614.820000000002
00e12e8b_3707,11614.820000000002
00e12e8b_3708,11614.820000000002
00e12e8b_3709,11614.820000000002
00e12e8b_3710,11614.820000000002
00e12e8b_3711,11614.820000000002
00e12e8b_3712,11614.820000000002
00e12e8b_3713,11614.820000000002
00e12e8b_3714,11614.820000000002
00e12e8b_3715,11614.820000000002
00e12e8b_3716,11614.820000000002
00e12e8b_3717,11614.820000000002
00e12e8b_3718,11614.820000000002
00e12e8b_3719,11614.820000000002
00e12e8b_3720,11614.820000000002
00e12e8b_3721,11614.820000000002
00e12e8b_3722,11614.820000000002
00e12e8b_3723,11614.820000000002
00e12e8b_3724,11614.820000000002
00e12e8b_3725,11614.820000000002
00e12e8b_3726,11614.820000000002
00e12e8b_3727,11614.820000000002
00e12e8b_3728,11614.820000000002
00e12e8b_3729,11614.820000000002
00e12e8b_3730,11614.820000000002
00e12e8b_3731,11614.820000000002
00e12e8b_3732,11614.820000000002
00e12e8b_3733,11614.820000000002
00e12e8b_3734,11614.820000000002
00e12e8b_3735,11614.820000000002
00e12e8b_3736,11614.820000000002
00e12e8b_3737,11614.820000000002
00e12e8b_3738,11614.820000000002
00e12e8b_3739,11614.820000000002
00e12e8b_3740,11614.820000000002
00e12e8b_3741,11614.820000000002
00e12e8b_3742,11614.820000000002
00e12e8b_3743,11614.820000000002
00e12e8b_3744,11614.820000000002
00e12e8b_3745,11614.820000000002
00e12e8b_3746,11614.820000000002
00e12e8b_3747,11614.820000000002
00e12e8b_3748,11614.820000000002
00e12e8b_3749,11614.820000000002
00e12e8b_3750,11614.820000000002
00e12e8b_3751,11614.820000000002
00e12e8b_3752,11614.820000000002
00e12e8b_3753,11614.820000000002
00e12e8b_3754,11614.820000000002
00e12e8b_3755,11614.820000000002
00e12e8b_3756,11614.820000000002
00e12e8b_3757,11614.820000000002
00e12e8b_3758,11614.820000000002
00e12e8b_3759,11614.820000000002
00e12e8b_3760,11614.820000000002
00e12e8b_3761,11614.820000000002
00e12e8b_3762,11614.820000000002
00e12e8b_3763,11614.820000000002
00e12e8b_3764,11614.820000000002
00e12e8b_3765,11614.820000000002
00e12e8b_3766,11614.820000000002
00e12e8b_3767,11614.820000000002
00e12e8b_3768,11614.820000000002
00e12e8b_3769,11614.820000000002
00e12e8b_3770,11614.820000000002
00e12e8b_3771,11614.820000000002
00e12e8b_3772,11614.820000000002
00e12e8b_3773,11614.820000000002
00e12e8b_3774,11614.820000000002
00e12e8b_3775,11614.820000000002
00e12e8b_3776,11614.820000000002
00e12e8b_3777,11614.820000000002
00e12e8b_3778,11614.820000000002
00e12e8b_3779,11614.820000000002
00e12e8b_3780,11614.820000000002
00e12e8b_3781,11614.820000000002
00e12e8b_3782,11614.820000000002
00e12e8b_3783,11614.820000000002
00e12e8b_3784,11614.820000000002
00e12e8b_3785,11614.820000000002
00e12e8b_3786,11614.820000000002
00e12e8b_3787,11614.820000000002
00e12e8b_3788,11614.820000000002
00e12e8b_3789,11614.820000000002
00e12e8b_3790,11614.820000000002
00e12e8b_3791,11614.820000000002
00e12e8b_3792,11614.820000000002
00e12e8b_3793,11614.820000000002
00e12e8b_3794,11614.820000000002
00e12e8b_3795,11614.820000000002
00e12e8b_3796,11614.820000000002
00e12e8b_3797,11614.820000000002
00e12e8b_3798,11614.820000000002
00e12e8b_3799,11614.820000000002
00e12e8b_3800,11614.820000000002
00e12e8b_3801,11614.820000000002
00e12e8b_3802,11614.820000000002
00e12e8b_3803,11614.820000000002
00e12e8b_3804,11614.820000000002
00e12e8b_3805,11614.820000000002
00e12e8b_3806,11614.820000000002
00e12e8b_3807,11614.820000000002
00e12e8b_3808,11614.820000000002
00e12e8b_3809,11614.820000000002
00e12e8b_3810,11614.820000000002
00e12e8b_3811,11614.820000000002
00e12e8b_3812,11614.820000000002
00e12e8b_3813,11614.820000000002
00e12e8b_3814,11614.820000000002
00e12e8b_3815,11614.820000000002
00e12e8b_3816,11614.820000000002
00e12e8b_3817,11614.820000000002
00e12e8b_3818,11614.820000000002
00e12e8b_3819,11614.820000000002
00e12e8b_3820,11614.820000000002
00e12e8b_3821,11614.820000000002
00e12e8b_3822,11614.820000000002
00e12e8b_3823,11614.820000000002
00e12e8b_3824,11614.820000000002
00e12e8b_3825,11614.820000000002
00e12e8b_3826,11614.820000000002
00e12e8b_3827,11614.820000000002
00e12e8b_3828,11614.820000000002
00e12e8b_3829,11614.820000000002
00e12e8b_3830,11614.820000000002
00e12e8b_3831,11614.820000000002
00e12e8b_3832,11614.820000000002
00e12e8b_3833,11614.820000000002
00e12e8b_3834,11614.820000000002
00e12e8b_3835,11614.820000000002
00e12e8b_3836,11614.820000000002
00e12e8b_3837,11614.820000000002
00e12e8b_3838,11614.820000000002
00e12e8b_3839,11614.820000000002
00e12e8b_3840,11614.820000000002
00e12e8b_3841,11614.820000000002
00e12e8b_3842,11614.820000000002
00e12e8b_3843,11614.820000000002
00e12e8b_3844,11614.820000000002
00e12e8b_3845,11614.820000000002
00e12e8b_3846,11614.820000000002
00e12e8b_3847,11614.820000000002
00e12e8b_3848,11614.820000000002
00e12e8b_3849,11614.820000000002
00e12e8b_3850,11614.820000000002
00e12e8b_3851,11614.820000000002
00e12e8b_3852,11614.820000000002
00e12e8b_3853,11614.820000000002
00e12e8b_3854,11614.820000000002
00e12e8b_3855,11614.820000000002
00e12e8b_3856,11614.820000000002
00e12e8b_3857,11614.820000000002
00e12e8b_3858,11614.820000000002
00e12e8b_3859,11614.820000000002
00e12e8b_3860,11614.820000000002
00e12e8b_3861,11614.820000000002
00e12e8b_3862,11614.820000000002
00e12e8b_3863,11614.820000000002
00e12e8b_3864,11614.820000000002
00e12e8b_3865,11614.820000000002
00e12e8b_3866,11614.820000000002
00e12e8b_3867,11614.820000000002
00e12e8b_3868,11614.820000000002
00e12e8b_3869,11614.820000000002
00e12e8b_3870,11614.820000000002
00e12e8b_3871,11614.820000000002
00e12e8b_3872,11614.820000000002
00e12e8b_3873,11614.820000000002
00e12e8b_3874,11614.820000000002
00e12e8b_3875,11614.820000000002
00e12e8b_3876,11614.820000000002
00e12e8b_3877,11614.820000000002
00e12e8b_3878,11614.820000000002
00e12e8b_3879,11614.820000000002
00e12e8b_3880,11614.820000000002
00e12e8b_3881,11614.820000000002
00e12e8b_3882,11614.820000000002
00e12e8b_3883,11614.820000000002
00e12e8b_3884,11614.820000000002
00e12e8b_3885,11614.820000000002
00e12e8b_3886,11614.820000000002
00e12e8b_3887,11614.820000000002
00e12e8b_3888,11614.820000000002
00e12e8b_3889,11614.820000000002
00e12e8b_3890,11614.820000000002
00e12e8b_3891,11614.820000000002
00e12e8b_3892,11614.820000000002
00e12e8b_3893,11614.820000000002
00e12e8b_3894,11614.820000000002
00e12e8b_3895,11614.820000000002
00e12e8b_3896,11614.820000000002
00e12e8b_3897,11614.820000000002
00e12e8b_3898,11614.820000000002
00e12e8b_3899,11614.820000000002
00e12e8b_3900,11614.820000000002
00e12e8b_3901,11614.820000000002
00e12e8b_3902,11614.820000000002
00e12e8b_3903,11614.820000000002
00e12e8b_3904,11614.820000000002
00e12e8b_3905,11614.820000000002
00e12e8b_3906,11614.820000000002
00e12e8b_3907,11614.820000000002
00e12e8b_3908,11614.820000000002
00e12e8b_3909,11614.820000000002
00e12e8b_3910,11614.820000000002
00e12e8b_3911,11614.820000000002
00e12e8b_3912,11614.820000000002
00e12e8b_3913,11614.820000000002
00e12e8b_3914,11614.820000000002
00e12e8b_3915,11614.820000000002
00e12e8b_3916,11614.820000000002
00e12e8b_3917,11614.820000000002
00e12e8b_3918,11614.820000000002
00e12e8b_3919,11614.820000000002
00e12e8b_3920,11614.820000000002
00e12e8b_3921,11614.820000000002
00e12e8b_3922,11614.820000000002
00e12e8b_3923,11614.820000000002
00e12e8b_3924,11614.820000000002
00e12e8b_3925,11614.820000000002
00e12e8b_3926,11614.820000000002
00e12e8b_3927,11614.820000000002
00e12e8b_3928,11614.820000000002
00e12e8b_3929,11614.820000000002
00e12e8b_3930,11614.820000000002
00e12e8b_3931,11614.820000000002
00e12e8b_3932,11614.820000000002
00e12e8b_3933,11614.820000000002
00e12e8b_3934,11614.820000000002
00e12e8b_3935,11614.820000000002
00e12e8b_3936,11614.820000000002
00e12e8b_3937,11614.820000000002
00e12e8b_3938,11614.820000000002
00e12e8b_3939,11614.820000000002
00e12e8b_3940,11614.820000000002
00e12e8b_3941,11614.820000000002
00e12e8b_3942,11614.820000000002
00e12e8b_3943,11614.820000000002
00e12e8b_3944,11614.820000000002
00e12e8b_3945,11614.820000000002
00e12e8b_3946,11614.820000000002
00e12e8b_3947,11614.820000000002
00e12e8b_3948,11614.820000000002
00e12e8b_3949,11614.820000000002
00e12e8b_3950,11614.820000000002
00e12e8b_3951,11614.820000000002
00e12e8b_3952,11614.820000000002
00e12e8b_3953,11614.820000000002
00e12e8b_3954,11614.820000000002
00e12e8b_3955,11614.820000000002
00e12e8b_3956,11614.820000000002
00e12e8b_3957,11614.820000000002
00e12e8b_3958,11614.820000000002
00e12e8b_3959,11614.820000000002
00e12e8b_3960,11614.820000000002
00e12e8b_3961,11614.820000000002
00e12e8b_3962,11614.820000000002
00e12e8b_3963,11614.820000000002
00e12e8b_3964,11614.820000000002
00e12e8b_3965,11614.820000000002
00e12e8b_3966,11614.820000000002
00e12e8b_3967,11614.820000000002
00e12e8b_3968,11614.820000000002
00e12e8b_3969,11614.820000000002
00e12e8b_3970,11614.820000000002
00e12e8b_3971,11614.820000000002
00e12e8b_3972,11614.820000000002
00e12e8b_3973,11614.820000000002
00e12e8b_3974,11614.820000000002
00e12e8b_3975,11614.820000000002
00e12e8b_3976,11614.820000000002
00e12e8b_3977,11614.820000000002
00e12e8b_3978,11614.820000000002
00e12e8b_3979,11614.820000000002
00e12e8b_3980,11614.820000000002
00e12e8b_3981,11614.820000000002
00e12e8b_3982,11614.820000000002
00e12e8b_3983,11614.820000000002
00e12e8b_3984,11614.820000000002
00e12e8b_3985,11614.820000000002
00e12e8b_3986,11614.820000000002
00e12e8b_3987,11614.820000000002
00e12e8b_3988,11614.820000000002
00e12e8b_3989,11614.820000000002
00e12e8b_3990,11614.820000000002
00e12e8b_3991,11614.820000000002
00e12e8b_3992,11614.820000000002
00e12e8b_3993,11614.820000000002
00e12e8b_3994,11614.820000000002
00e12e8b_3995,11614.820000000002
00e12e8b_3996,11614.820000000002
00e12e8b_3997,11614.820000000002
00e12e8b_3998,11614.820000000002
00e12e8b_3999,11614.820000000002
00e12e8b_4000,11614.820000000002
00e12e8b_4001,11614.820000000002
00e12e8b_4002,11614.820000000002
00e12e8b_4003,11614.820000000002
00e12e8b_4004,11614.820000000002
00e12e8b_4005,11614.820000000002
00e12e8b_4006,11614.820000000002
00e12e8b_4007,11614.820000000002
00e12e8b_4008,11614.820000000002
00e12e8b_4009,11614.820000000002
00e12e8b_4010,11614.820000000002
00e12e8b_4011,11614.820000000002
00e12e8b_4012,11614.820000000002
00e12e8b_4013,11614.820000000002
00e12e8b_4014,11614.820000000002
00e12e8b_4015,11614.820000000002
00e12e8b_4016,11614.820000000002
00e12e8b_4017,11614.820000000002
00e12e8b_4018,11614.820000000002
00e12e8b_4019,11614.820000000002
00e12e8b_4020,11614.820000000002
00e12e8b_4021,11614.820000000002
00e12e8b_4022,11614.820000000002
00e12e8b_4023,11614.820000000002
00e12e8b_4024,11614.820000000002
00e12e8b_4025,11614.820000000002
00e12e8b_4026,11614.820000000002
00e12e8b_4027,11614.820000000002
00e12e8b_4028,11614.820000000002
00e12e8b_4029,11614.820000000002
00e12e8b_4030,11614.820000000002
00e12e8b_4031,11614.820000000002
00e12e8b_4032,11614.820000000002
00e12e8b_4033,11614.820000000002
00e12e8b_4034,11614.820000000002
00e12e8b_4035,11614.820000000002
00e12e8b_4036,11614.820000000002
00e12e8b_4037,11614.820000000002
00e12e8b_4038,11614.820000000002
00e12e8b_4039,11614.820000000002
00e12e8b_4040,11614.820000000002
00e12e8b_4041,11614.820000000002
00e12e8b_4042,11614.820000000002
00e12e8b_4043,11614.820000000002
00e12e8b_4044,11614.820000000002
00e12e8b_4045,11614.820000000002
00e12e8b_4046,11614.820000000002
00e12e8b_4047,11614.820000000002
00e12e8b_4048,11614.820000000002
00e12e8b_4049,11614.820000000002
00e12e8b_4050,11614.820000000002
00e12e8b_4051,11614.820000000002
00e12e8b_4052,11614.820000000002
00e12e8b_4053,11614.820000000002
00e12e8b_4054,11614.820000000002
00e12e8b_4055,11614.820000000002
00e12e8b_4056,11614.820000000002
00e12e8b_4057,11614.820000000002
00e12e8b_4058,11614.820000000002
00e12e8b_4059,11614.820000000002
00e12e8b_4060,11614.820000000002
00e12e8b_4061,11614.820000000002
00e12e8b_4062,11614.820000000002
00e12e8b_4063,11614.820000000002
00e12e8b_4064,11614.820000000002
00e12e8b_4065,11614.820000000002
00e12e8b_4066,11614.820000000002
00e12e8b_4067,11614.820000000002
00e12e8b_4068,11614.820000000002
00e12e8b_4069,11614.820000000002
00e12e8b_4070,11614.820000000002
00e12e8b_4071,11614.820000000002
00e12e8b_4072,11614.820000000002
00e12e8b_4073,11614.820000000002
00e12e8b_4074,11614.820000000002
00e12e8b_4075,11614.820000000002
00e12e8b_4076,11614.820000000002
00e12e8b_4077,11614.820000000002
00e12e8b_4078,11614.820000000002
00e12e8b_4079,11614.820000000002
00e12e8b_4080,11614.820000000002
00e12e8b_4081,11614.820000000002
00e12e8b_4082,11614.820000000002
00e12e8b_4083,11614.820000000002
00e12e8b_4084,11614.820000000002
00e12e8b_4085,11614.820000000002
00e12e8b_4086,11614.820000000002
00e12e8b_4087,11614.820000000002
00e12e8b_4088,11614.820000000002
00e12e8b_4089,11614.820000000002
00e12e8b_4090,11614.820000000002
00e12e8b_4091,11614.820000000002
00e12e8b_4092,11614.820000000002
00e12e8b_4093,11614.820000000002
00e12e8b_4094,11614.820000000002
00e12e8b_4095,11614.820000000002
00e12e8b_4096,11614.820000000002
00e12e8b_4097,11614.820000000002
00e12e8b_4098,11614.820000000002
00e12e8b_4099,11614.820000000002
00e12e8b_4100,11614.820000000002
00e12e8b_4101,11614.820000000002
00e12e8b_4102,11614.820000000002
00e12e8b_4103,11614.820000000002
00e12e8b_4104,11614.820000000002
00e12e8b_4105,11614.820000000002
00e12e8b_4106,11614.820000000002
00e12e8b_4107,11614.820000000002
00e12e8b_4108,11614.820000000002
00e12e8b_4109,11614.820000000002
00e12e8b_4110,11614.820000000002
00e12e8b_4111,11614.820000000002
00e12e8b_4112,11614.820000000002
00e12e8b_4113,11614.820000000002
00e12e8b_4114,11614.820000000002
00e12e8b_4115,11614.820000000002
00e12e8b_4116,11614.820000000002
00e12e8b_4117,11614.820000000002
00e12e8b_4118,11614.820000000002
00e12e8b_4119,11614.820000000002
00e12e8b_4120,11614.820000000002
00e12e8b_4121,11614.820000000002
00e12e8b_4122,11614.820000000002
00e12e8b_4123,11614.820000000002
00e12e8b_4124,11614.820000000002
00e12e8b_4125,11614.820000000002
00e12e8b_4126,11614.820000000002
00e12e8b_4127,11614.820000000002
00e12e8b_4128,11614.820000000002
00e12e8b_4129,11614.820000000002
00e12e8b_4130,11614.820000000002
00e12e8b_4131,11614.820000000002
00e12e8b_4132,11614.820000000002
00e12e8b_4133,11614.820000000002
00e12e8b_4134,11614.820000000002
00e12e8b_4135,11614.820000000002
00e12e8b_4136,11614.820000000002
00e12e8b_4137,11614.820000000002
00e12e8b_4138,11614.820000000002
00e12e8b_4139,11614.820000000002
00e12e8b_4140,11614.820000000002
00e12e8b_4141,11614.820000000002
00e12e8b_4142,11614.820000000002
00e12e8b_4143,11614.820000000002
00e12e8b_4144,11614.820000000002
00e12e8b_4145,11614.820000000002
00e12e8b_4146,11614.820000000002
00e12e8b_4147,11614.820000000002
00e12e8b_4148,11614.820000000002
00e12e8b_4149,11614.820000000002
00e12e8b_4150,11614.820000000002
00e12e8b_4151,11614.820000000002
00e12e8b_4152,11614.820000000002
00e12e8b_4153,11614.820000000002
00e12e8b_4154,11614.820000000002
00e12e8b_4155,11614.820000000002
00e12e8b_4156,11614.820000000002
00e12e8b_4157,11614.820000000002
00e12e8b_4158,11614.820000000002
00e12e8b_4159,11614.820000000002
00e12e8b_4160,11614.820000000002
00e12e8b_4161,11614.820000000002
00e12e8b_4162,11614.820000000002
00e12e8b_4163,11614.820000000002
00e12e8b_4164,11614.820000000002
00e12e8b_4165,11614.820000000002
00e12e8b_4166,11614.820000000002
00e12e8b_4167,11614.820000000002
00e12e8b_4168,11614.820000000002
00e12e8b_4169,11614.820000000002
00e12e8b_4170,11614.820000000002
00e12e8b_4171,11614.820000000002
00e12e8b_4172,11614.820000000002
00e12e8b_4173,11614.820000000002
00e12e8b_4174,11614.820000000002
00e12e8b_4175,11614.820000000002
00e12e8b_4176,11614.820000000002
00e12e8b_4177,11614.820000000002
00e12e8b_4178,11614.820000000002
00e12e8b_4179,11614.820000000002
00e12e8b_4180,11614.820000000002
00e12e8b_4181,11614.820000000002
00e12e8b_4182,11614.820000000002
00e12e8b_4183,11614.820000000002
00e12e8b_4184,11614.820000000002
00e12e8b_4185,11614.820000000002
00e12e8b_4186,11614.820000000002
00e12e8b_4187,11614.820000000002
00e12e8b_4188,11614.820000000002
00e12e8b_4189,11614.820000000002
00e12e8b_4190,11614.820000000002
00e12e8b_4191,11614.820000000002
00e12e8b_4192,11614.820000000002
00e12e8b_4193,11614.820000000002
00e12e8b_4194,11614.820000000002
00e12e8b_4195,11614.820000000002
00e12e8b_4196,11614.820000000002
00e12e8b_4197,11614.820000000002
00e12e8b_4198,11614.820000000002
00e12e8b_4199,11614.820000000002
00e12e8b_4200,11614.820000000002
00e12e8b_4201,11614.820000000002
00e12e8b_4202,11614.820000000002
00e12e8b_4203,11614.820000000002
00e12e8b_4204,11614.820000000002
00e12e8b_4205,11614.820000000002
00e12e8b_4206,11614.820000000002
00e12e8b_4207,11614.820000000002
00e12e8b_4208,11614.820000000002
00e12e8b_4209,11614.820000000002
00e12e8b_4210,11614.820000000002
00e12e8b_4211,11614.820000000002
00e12e8b_4212,11614.820000000002
00e12e8b_4213,11614.820000000002
00e12e8b_4214,11614.820000000002
00e12e8b_4215,11614.820000000002
00e12e8b_4216,11614.820000000002
00e12e8b_4217,11614.820000000002
00e12e8b_4218,11614.820000000002
00e12e8b_4219,11614.820000000002
00e12e8b_4220,11614.820000000002
00e12e8b_4221,11614.820000000002
00e12e8b_4222,11614.820000000002
00e12e8b_4223,11614.820000000002
00e12e8b_4224,11614.820000000002
00e12e8b_4225,11614.820000000002
00e12e8b_4226,11614.820000000002
00e12e8b_4227,11614.820000000002
00e12e8b_4228,11614.820000000002
00e12e8b_4229,11614.820000000002
00e12e8b_4230,11614.820000000002
00e12e8b_4231,11614.820000000002
00e12e8b_4232,11614.820000000002
00e12e8b_4233,11614.820000000002
00e12e8b_4234,11614.820000000002
00e12e8b_4235,11614.820000000002
00e12e8b_4236,11614.820000000002
00e12e8b_4237,11614.820000000002
00e12e8b_4238,11614.820000000002
00e12e8b_4239,11614.820000000002
00e12e8b_4240,11614.820000000002
00e12e8b_4241,11614.820000000002
00e12e8b_4242,11614.820000000002
00e12e8b_4243,11614.820000000002
00e12e8b_4244,11614.820000000002
00e12e8b_4245,11614.820000000002
00e12e8b_4246,11614.820000000002
00e12e8b_4247,11614.820000000002
00e12e8b_4248,11614.820000000002
00e12e8b_4249,11614.820000000002
00e12e8b_4250,11614.820000000002
00e12e8b_4251,11614.820000000002
00e12e8b_4252,11614.820000000002
00e12e8b_4253,11614.820000000002
00e12e8b_4254,11614.820000000002
00e12e8b_4255,11614.820000000002
00e12e8b_4256,11614.820000000002
00e12e8b_4257,11614.820000000002
00e12e8b_4258,11614.820000000002
00e12e8b_4259,11614.820000000002
00e12e8b_4260,11614.820000000002
00e12e8b_4261,11614.820000000002
00e12e8b_4262,11614.820000000002
00e12e8b_4263,11614.820000000002
00e12e8b_4264,11614.820000000002
00e12e8b_4265,11614.820000000002
00e12e8b_4266,11614.820000000002
00e12e8b_4267,11614.820000000002
00e12e8b_4268,11614.820000000002
00e12e8b_4269,11614.820000000002
00e12e8b_4270,11614.820000000002
00e12e8b_4271,11614.820000000002
00e12e8b_4272,11614.820000000002
00e12e8b_4273,11614.820000000002
00e12e8b_4274,11614.820000000002
00e12e8b_4275,11614.820000000002
00e12e8b_4276,11614.820000000002
00e12e8b_4277,11614.820000000002
00e12e8b_4278,11614.820000000002
00e12e8b_4279,11614.820000000002
00e12e8b_4280,11614.820000000002
00e12e8b_4281,11614.820000000002
00e12e8b_4282,11614.820000000002
00e12e8b_4283,11614.820000000002
00e12e8b_4284,11614.820000000002
00e12e8b_4285,11614.820000000002
00e12e8b_4286,11614.820000000002
00e12e8b_4287,11614.820000000002
00e12e8b_4288,11614.820000000002
00e12e8b_4289,11614.820000000002
00e12e8b_4290,11614.820000000002
00e12e8b_4291,11614.820000000002
00e12e8b_4292,11614.820000000002
00e12e8b_4293,11614.820000000002
00e12e8b_4294,11614.820000000002
00e12e8b_4295,11614.820000000002
00e12e8b_4296,11614.820000000002
00e12e8b_4297,11614.820000000002
00e12e8b_4298,11614.820000000002
00e12e8b_4299,11614.820000000002
00e12e8b_4300,11614.820000000002
00e12e8b_4301,11614.820000000002
00e12e8b_4302,11614.820000000002
00e12e8b_4303,11614.820000000002
00e12e8b_4304,11614.820000000002
00e12e8b_4305,11614.820000000002
00e12e8b_4306,11614.820000000002
00e12e8b_4307,11614.820000000002
00e12e8b_4308,11614.820000000002
00e12e8b_4309,11614.820000000002
00e12e8b_4310,11614.820000000002
00e12e8b_4311,11614.820000000002
00e12e8b_4312,11614.820000000002
00e12e8b_4313,11614.820000000002
00e12e8b_4314,11614.820000000002
00e12e8b_4315,11614.820000000002
00e12e8b_4316,11614.820000000002
00e12e8b_4317,11614.820000000002
00e12e8b_4318,11614.820000000002
00e12e8b_4319,11614.820000000002
00e12e8b_4320,11614.820000000002
00e12e8b_4321,11614.820000000002
00e12e8b_4322,11614.820000000002
00e12e8b_4323,11614.820000000002
00e12e8b_4324,11614.820000000002
00e12e8b_4325,11614.820000000002
00e12e8b_4326,11614.820000000002
00e12e8b_4327,11614.820000000002
00e12e8b_4328,11614.820000000002
00e12e8b_4329,11614.820000000002
00e12e8b_4330,11614.820000000002
00e12e8b_4331,11614.820000000002
00e12e8b_4332,11614.820000000002
00e12e8b_4333,11614.820000000002
00e12e8b_4334,11614.820000000002
00e12e8b_4335,11614.820000000002
00e12e8b_4336,11614.820000000002
00e12e8b_4337,11614.820000000002
00e12e8b_4338,11614.820000000002
00e12e8b_4339,11614.820000000002
00e12e8b_4340,11614.820000000002
00e12e8b_4341,11614.820000000002
00e12e8b_4342,11614.820000000002
00e12e8b_4343,11614.820000000002
00e12e8b_4344,11614.820000000002
00e12e8b_4345,11614.820000000002
00e12e8b_4346,11614.820000000002
00e12e8b_4347,11614.820000000002
00e12e8b_4348,11614.820000000002
00e12e8b_4349,11614.820000000002
00e12e8b_4350,11614.820000000002
00e12e8b_4351,11614.820000000002
00e12e8b_4352,11614.820000000002
00e12e8b_4353,11614.820000000002
00e12e8b_4354,11614.820000000002
00e12e8b_4355,11614.820000000002
00e12e8b_4356,11614.820000000002
00e12e8b_4357,11614.820000000002
00e12e8b_4358,11614.820000000002
00e12e8b_4359,11614.820000000002
00e12e8b_4360,11614.820000000002
00e12e8b_4361,11614.820000000002
00e12e8b_4362,11614.820000000002
00e12e8b_4363,11614.820000000002
00e12e8b_4364,11614.820000000002
00e12e8b_4365,11614.820000000002
00e12e8b_4366,11614.820000000002
00e12e8b_4367,11614.820000000002
00e12e8b_4368,11614.820000000002
00e12e8b_4369,11614.820000000002
00e12e8b_4370,11614.820000000002
00e12e8b_4371,11614.820000000002
00e12e8b_4372,11614.820000000002
00e12e8b_4373,11614.820000000002
00e12e8b_4374,11614.820000000002
00e12e8b_4375,11614.820000000002
00e12e8b_4376,11614.820000000002
00e12e8b_4377,11614.820000000002
00e12e8b_4378,11614.820000000002
00e12e8b_4379,11614.820000000002
00e12e8b_4380,11614.820000000002
00e12e8b_4381,11614.820000000002
00e12e8b_4382,11614.820000000002
00e12e8b_4383,11614.820000000002
00e12e8b_4384,11614.820000000002
00e12e8b_4385,11614.820000000002
00e12e8b_4386,11614.820000000002
00e12e8b_4387,11614.820000000002
00e12e8b_4388,11614.820000000002
00e12e8b_4389,11614.820000000002
00e12e8b_4390,11614.820000000002
00e12e8b_4391,11614.820000000002
00e12e8b_4392,11614.820000000002
00e12e8b_4393,11614.820000000002
00e12e8b_4394,11614.820000000002
00e12e8b_4395,11614.820000000002
00e12e8b_4396,11614.820000000002
00e12e8b_4397,11614.820000000002
00e12e8b_4398,11614.820000000002
00e12e8b_4399,11614.820000000002
00e12e8b_4400,11614.820000000002
00e12e8b_4401,11614.820000000002
00e12e8b_4402,11614.820000000002
00e12e8b_4403,11614.820000000002
00e12e8b_4404,11614.820000000002
00e12e8b_4405,11614.820000000002
00e12e8b_4406,11614.820000000002
00e12e8b_4407,11614.820000000002
00e12e8b_4408,11614.820000000002
00e12e8b_4409,11614.820000000002
00e12e8b_4410,11614.820000000002
00e12e8b_4411,11614.820000000002
00e12e8b_4412,11614.820000000002
00e12e8b_4413,11614.820000000002
00e12e8b_4414,11614.820000000002
00e12e8b_4415,11614.820000000002
00e12e8b_4416,11614.820000000002
00e12e8b_4417,11614.820000000002
00e12e8b_4418,11614.820000000002
00e12e8b_4419,11614.820000000002
00e12e8b_4420,11614.820000000002
00e12e8b_4421,11614.820000000002
00e12e8b_4422,11614.820000000002
00e12e8b_4423,11614.820000000002
00e12e8b_4424,11614.820000000002
00e12e8b_4425,11614.820000000002
00e12e8b_4426,11614.820000000002
00e12e8b_4427,11614.820000000002
00e12e8b_4428,11614.820000000002
00e12e8b_4429,11614.820000000002
00e12e8b_4430,11614.820000000002
00e12e8b_4431,11614.820000000002
00e12e8b_4432,11614.820000000002
00e12e8b_4433,11614.820000000002
00e12e8b_4434,11614.820000000002
00e12e8b_4435,11614.820000000002
00e12e8b_4436,11614.820000000002
00e12e8b_4437,11614.820000000002
00e12e8b_4438,11614.820000000002
00e12e8b_4439,11614.820000000002
00e12e8b_4440,11614.820000000002
00e12e8b_4441,11614.820000000002
00e12e8b_4442,11614.820000000002
00e12e8b_4443,11614.820000000002
00e12e8b_4444,11614.820000000002
00e12e8b_4445,11614.820000000002
00e12e8b_4446,11614.820000000002
00e12e8b_4447,11614.820000000002
00e12e8b_4448,11614.820000000002
00e12e8b_4449,11614.820000000002
00e12e8b_4450,11614.820000000002
00e12e8b_4451,11614.820000000002
00e12e8b_4452,11614.820000000002
00e12e8b_4453,11614.820000000002
00e12e8b_4454,11614.820000000002
00e12e8b_4455,11614.820000000002
00e12e8b_4456,11614.820000000002
00e12e8b_4457,11614.820000000002
00e12e8b_4458,11614.820000000002
00e12e8b_4459,11614.820000000002
00e12e8b_4460,11614.820000000002
00e12e8b_4461,11614.820000000002
00e12e8b_4462,11614.820000000002
00e12e8b_4463,11614.820000000002
00e12e8b_4464,11614.820000000002
00e12e8b_4465,11614.820000000002
00e12e8b_4466,11614.820000000002
00e12e8b_4467,11614.820000000002
00e12e8b_4468,11614.820000000002
00e12e8b_4469,11614.820000000002
00e12e8b_4470,11614.820000000002
00e12e8b_4471,11614.820000000002
00e12e8b_4472,11614.820000000002
00e12e8b_4473,11614.820000000002
00e12e8b_4474,11614.820000000002
00e12e8b_4475,11614.820000000002
00e12e8b_4476,11614.820000000002
00e12e8b_4477,11614.820000000002
00e12e8b_4478,11614.820000000002
00e12e8b_4479,11614.820000000002
00e12e8b_4480,11614.820000000002
00e12e8b_4481,11614.820000000002
00e12e8b_4482,11614.820000000002
00e12e8b_4483,11614.820000000002
00e12e8b_4484,11614.820000000002
00e12e8b_4485,11614.820000000002
00e12e8b_4486,11614.820000000002
00e12e8b_4487,11614.820000000002
00e12e8b_4488,11614.820000000002
00e12e8b_4489,11614.820000000002
00e12e8b_4490,11614.820000000002
00e12e8b_4491,11614.820000000002
00e12e8b_4492,11614.820000000002
00e12e8b_4493,11614.820000000002
00e12e8b_4494,11614.820000000002
00e12e8b_4495,11614.820000000002
00e12e8b_4496,11614.820000000002
00e12e8b_4497,11614.820000000002
00e12e8b_4498,11614.820000000002
00e12e8b_4499,11614.820000000002
00e12e8b_4500,11614.820000000002
00e12e8b_4501,11614.820000000002
00e12e8b_4502,11614.820000000002
00e12e8b_4503,11614.820000000002
00e12e8b_4504,11614.820000000002
00e12e8b_4505,11614.820000000002
00e12e8b_4506,11614.820000000002
00e12e8b_4507,11614.820000000002
00e12e8b_4508,11614.820000000002
00e12e8b_4509,11614.820000000002
00e12e8b_4510,11614.820000000002
00e12e8b_4511,11614.820000000002
00e12e8b_4512,11614.820000000002
00e12e8b_4513,11614.820000000002
00e12e8b_4514,11614.820000000002
00e12e8b_4515,11614.820000000002
00e12e8b_4516,11614.820000000002
00e12e8b_4517,11614.820000000002
00e12e8b_4518,11614.820000000002
00e12e8b_4519,11614.820000000002
00e12e8b_4520,11614.820000000002
00e12e8b_4521,11614.820000000002
00e12e8b_4522,11614.820000000002
00e12e8b_4523,11614.820000000002
00e12e8b_4524,11614.820000000002
00e12e8b_4525,11614.820000000002
00e12e8b_4526,11614.820000000002
00e12e8b_4527,11614.820000000002
00e12e8b_4528,11614.820000000002
00e12e8b_4529,11614.820000000002
00e12e8b_4530,11614.820000000002
00e12e8b_4531,11614.820000000002
00e12e8b_4532,11614.820000000002
00e12e8b_4533,11614.820000000002
00e12e8b_4534,11614.820000000002
00e12e8b_4535,11614.820000000002
00e12e8b_4536,11614.820000000002
00e12e8b_4537,11614.820000000002
00e12e8b_4538,11614.820000000002
00e12e8b_4539,11614.820000000002
00e12e8b_4540,11614.820000000002
00e12e8b_4541,11614.820000000002
00e12e8b_4542,11614.820000000002
00e12e8b_4543,11614.820000000002
00e12e8b_4544,11614.820000000002
00e12e8b_4545,11614.820000000002
00e12e8b_4546,11614.820000000002
00e12e8b_4547,11614.820000000002
00e12e8b_4548,11614.820000000002
00e12e8b_4549,11614.820000000002
00e12e8b_4550,11614.820000000002
00e12e8b_4551,11614.820000000002
00e12e8b_4552,11614.820000000002
00e12e8b_4553,11614.820000000002
00e12e8b_4554,11614.820000000002
00e12e8b_4555,11614.820000000002
00e12e8b_4556,11614.820000000002
00e12e8b_4557,11614.820000000002
00e12e8b_4558,11614.820000000002
00e12e8b_4559,11614.820000000002
00e12e8b_4560,11614.820000000002
00e12e8b_4561,11614.820000000002
00e12e8b_4562,11614.820000000002
00e12e8b_4563,11614.820000000002
00e12e8b_4564,11614.820000000002
00e12e8b_4565,11614.820000000002
00e12e8b_4566,11614.820000000002
00e12e8b_4567,11614.820000000002
00e12e8b_4568,11614.820000000002
00e12e8b_4569,11614.820000000002
00e12e8b_4570,11614.820000000002
00e12e8b_4571,11614.820000000002
00e12e8b_4572,11614.820000000002
00e12e8b_4573,11614.820000000002
00e12e8b_4574,11614.820000000002
00e12e8b_4575,11614.820000000002
00e12e8b_4576,11614.820000000002
00e12e8b_4577,11614.820000000002
00e12e8b_4578,11614.820000000002
00e12e8b_4579,11614.820000000002
00e12e8b_4580,11614.820000000002
00e12e8b_4581,11614.820000000002
00e12e8b_4582,11614.820000000002
00e12e8b_4583,11614.820000000002
00e12e8b_4584,11614.820000000002
00e12e8b_4585,11614.820000000002
00e12e8b_4586,11614.820000000002
00e12e8b_4587,11614.820000000002
00e12e8b_4588,11614.820000000002
00e12e8b_4589,11614.820000000002
00e12e8b_4590,11614.820000000002
00e12e8b_4591,11614.820000000002
00e12e8b_4592,11614.820000000002
00e12e8b_4593,11614.820000000002
00e12e8b_4594,11614.820000000002
00e12e8b_4595,11614.820000000002
00e12e8b_4596,11614.820000000002
00e12e8b_4597,11614.820000000002
00e12e8b_4598,11614.820000000002
00e12e8b_4599,11614.820000000002
00e12e8b_4600,11614.820000000002
00e12e8b_4601,11614.820000000002
00e12e8b_4602,11614.820000000002
00e12e8b_4603,11614.820000000002
00e12e8b_4604,11614.820000000002
00e12e8b_4605,11614.820000000002
00e12e8b_4606,11614.820000000002
00e12e8b_4607,11614.820000000002
00e12e8b_4608,11614.820000000002
00e12e8b_4609,11614.820000000002
00e12e8b_4610,11614.820000000002
00e12e8b_4611,11614.820000000002
00e12e8b_4612,11614.820000000002
00e12e8b_4613,11614.820000000002
00e12e8b_4614,11614.820000000002
00e12e8b_4615,11614.820000000002
00e12e8b_4616,11614.820000000002
00e12e8b_4617,11614.820000000002
00e12e8b_4618,11614.820000000002
00e12e8b_4619,11614.820000000002
00e12e8b_4620,11614.820000000002
00e12e8b_4621,11614.820000000002
00e12e8b_4622,11614.820000000002
00e12e8b_4623,11614.820000000002
00e12e8b_4624,11614.820000000002
00e12e8b_4625,11614.820000000002
00e12e8b_4626,11614.820000000002
00e12e8b_4627,11614.820000000002
00e12e8b_4628,11614.820000000002
00e12e8b_4629,11614.820000000002
00e12e8b_4630,11614.820000000002
00e12e8b_4631,11614.820000000002
00e12e8b_4632,11614.820000000002
00e12e8b_4633,11614.820000000002
00e12e8b_4634,11614.820000000002
00e12e8b_4635,11614.820000000002
00e12e8b_4636,11614.820000000002
00e12e8b_4637,11614.820000000002
00e12e8b_4638,11614.820000000002
00e12e8b_4639,11614.820000000002
00e12e8b_4640,11614.820000000002
00e12e8b_4641,11614.820000000002
00e12e8b_4642,11614.820000000002
00e12e8b_4643,11614.820000000002
00e12e8b_4644,11614.820000000002
00e12e8b_4645,11614.820000000002
00e12e8b_4646,11614.820000000002
00e12e8b_4647,11614.820000000002
00e12e8b_4648,11614.820000000002
00e12e8b_4649,11614.820000000002
00e12e8b_4650,11614.820000000002
00e12e8b_4651,11614.820000000002
00e12e8b_4652,11614.820000000002
00e12e8b_4653,11614.820000000002
00e12e8b_4654,11614.820000000002
00e12e8b_4655,11614.820000000002
00e12e8b_4656,11614.820000000002
00e12e8b_4657,11614.820000000002
00e12e8b_4658,11614.820000000002
00e12e8b_4659,11614.820000000002
00e12e8b_4660,11614.820000000002
00e12e8b_4661,11614.820000000002
00e12e8b_4662,11614.820000000002
00e12e8b_4663,11614.820000000002
00e12e8b_4664,11614.820000000002
00e12e8b_4665,11614.820000000002
00e12e8b_4666,11614.820000000002
00e12e8b_4667,11614.820000000002
00e12e8b_4668,11614.820000000002
00e12e8b_4669,11614.820000000002
00e12e8b_4670,11614.820000000002
00e12e8b_4671,11614.820000000002
00e12e8b_4672,11614.820000000002
00e12e8b_4673,11614.820000000002
00e12e8b_4674,11614.820000000002
00e12e8b_4675,11614.820000000002
00e12e8b_4676,11614.820000000002
00e12e8b_4677,11614.820000000002
00e12e8b_4678,11614.820000000002
00e12e8b_4679,11614.820000000002
00e12e8b_4680,11614.820000000002
00e12e8b_4681,11614.820000000002
00e12e8b_4682,11614.820000000002
00e12e8b_4683,11614.820000000002
00e12e8b_4684,11614.820000000002
00e12e8b_4685,11614.820000000002
00e12e8b_4686,11614.820000000002
00e12e8b_4687,11614.820000000002
00e12e8b_4688,11614.820000000002
00e12e8b_4689,11614.820000000002
00e12e8b_4690,11614.820000000002
00e12e8b_4691,11614.820000000002
00e12e8b_4692,11614.820000000002
00e12e8b_4693,11614.820000000002
00e12e8b_4694,11614.820000000002
00e12e8b_4695,11614.820000000002
00e12e8b_4696,11614.820000000002
00e12e8b_4697,11614.820000000002
00e12e8b_4698,11614.820000000002
00e12e8b_4699,11614.820000000002
00e12e8b_4700,11614.820000000002
00e12e8b_4701,11614.820000000002
00e12e8b_4702,11614.820000000002
00e12e8b_4703,11614.820000000002
00e12e8b_4704,11614.820000000002
00e12e8b_4705,11614.820000000002
00e12e8b_4706,11614.820000000002
00e12e8b_4707,11614.820000000002
00e12e8b_4708,11614.820000000002
00e12e8b_4709,11614.820000000002
00e12e8b_4710,11614.820000000002
00e12e8b_4711,11614.820000000002
00e12e8b_4712,11614.820000000002
00e12e8b_4713,11614.820000000002
00e12e8b_4714,11614.820000000002
00e12e8b_4715,11614.820000000002
00e12e8b_4716,11614.820000000002
00e12e8b_4717,11614.820000000002
00e12e8b_4718,11614.820000000002
00e12e8b_4719,11614.820000000002
00e12e8b_4720,11614.820000000002
00e12e8b_4721,11614.820000000002
00e12e8b_4722,11614.820000000002
00e12e8b_4723,11614.820000000002
00e12e8b_4724,11614.820000000002
00e12e8b_4725,11614.820000000002
00e12e8b_4726,11614.820000000002
00e12e8b_4727,11614.820000000002
00e12e8b_4728,11614.820000000002
00e12e8b_4729,11614.820000000002
00e12e8b_4730,11614.820000000002
00e12e8b_4731,11614.820000000002
00e12e8b_4732,11614.820000000002
00e12e8b_4733,11614.820000000002
00e12e8b_4734,11614.820000000002
00e12e8b_4735,11614.820000000002
00e12e8b_4736,11614.820000000002
00e12e8b_4737,11614.820000000002
00e12e8b_4738,11614.820000000002
00e12e8b_4739,11614.820000000002
00e12e8b_4740,11614.820000000002
00e12e8b_4741,11614.820000000002
00e12e8b_4742,11614.820000000002
00e12e8b_4743,11614.820000000002
00e12e8b_4744,11614.820000000002
00e12e8b_4745,11614.820000000002
00e12e8b_4746,11614.820000000002
00e12e8b_4747,11614.820000000002
00e12e8b_4748,11614.820000000002
00e12e8b_4749,11614.820000000002
00e12e8b_4750,11614.820000000002
00e12e8b_4751,11614.820000000002
00e12e8b_4752,11614.820000000002
00e12e8b_4753,11614.820000000002
00e12e8b_4754,11614.820000000002
00e12e8b_4755,11614.820000000002
00e12e8b_4756,11614.820000000002
00e12e8b_4757,11614.820000000002
00e12e8b_4758,11614.820000000002
00e12e8b_4759,11614.820000000002
00e12e8b_4760,11614.820000000002
00e12e8b_4761,11614.820000000002
00e12e8b_4762,11614.820000000002
00e12e8b_4763,11614.820000000002
00e12e8b_4764,11614.820000000002
00e12e8b_4765,11614.820000000002
00e12e8b_4766,11614.820000000002
00e12e8b_4767,11614.820000000002
00e12e8b_4768,11614.820000000002
00e12e8b_4769,11614.820000000002
00e12e8b_4770,11614.820000000002
00e12e8b_4771,11614.820000000002
00e12e8b_4772,11614.820000000002
00e12e8b_4773,11614.820000000002
00e12e8b_4774,11614.820000000002
00e12e8b_4775,11614.820000000002
00e12e8b_4776,11614.820000000002
00e12e8b_4777,11614.820000000002
00e12e8b_4778,11614.820000000002
00e12e8b_4779,11614.820000000002
00e12e8b_4780,11614.820000000002
00e12e8b_4781,11614.820000000002
00e12e8b_4782,11614.820000000002
00e12e8b_4783,11614.820000000002
00e12e8b_4784,11614.820000000002
00e12e8b_4785,11614.820000000002
00e12e8b_4786,11614.820000000002
00e12e8b_4787,11614.820000000002
00e12e8b_4788,11614.820000000002
00e12e8b_4789,11614.820000000002
00e12e8b_4790,11614.820000000002
00e12e8b_4791,11614.820000000002
00e12e8b_4792,11614.820000000002
00e12e8b_4793,11614.820000000002
00e12e8b_4794,11614.820000000002
00e12e8b_4795,11614.820000000002
00e12e8b_4796,11614.820000000002
00e12e8b_4797,11614.820000000002
00e12e8b_4798,11614.820000000002
00e12e8b_4799,11614.820000000002
00e12e8b_4800,11614.820000000002
00e12e8b_4801,11614.820000000002
00e12e8b_4802,11614.820000000002
00e12e8b_4803,11614.820000000002
00e12e8b_4804,11614.820000000002
00e12e8b_4805,11614.820000000002
00e12e8b_4806,11614.820000000002
00e12e8b_4807,11614.820000000002
00e12e8b_4808,11614.820000000002
00e12e8b_4809,11614.820000000002
00e12e8b_4810,11614.820000000002
00e12e8b_4811,11614.820000000002
00e12e8b_4812,11614.820000000002
00e12e8b_4813,11614.820000000002
00e12e8b_4814,11614.820000000002
00e12e8b_4815,11614.820000000002
00e12e8b_4816,11614.820000000002
00e12e8b_4817,11614.820000000002
00e12e8b_4818,11614.820000000002
00e12e8b_4819,11614.820000000002
00e12e8b_4820,11614.820000000002
00e12e8b_4821,11614.820000000002
00e12e8b_4822,11614.820000000002
00e12e8b_4823,11614.820000000002
00e12e8b_4824,11614.820000000002
00e12e8b_4825,11614.820000000002
00e12e8b_4826,11614.820000000002
00e12e8b_4827,11614.820000000002
00e12e8b_4828,11614.820000000002
00e12e8b_4829,11614.820000000002
00e12e8b_4830,11614.820000000002
00e12e8b_4831,11614.820000000002
00e12e8b_4832,11614.820000000002
00e12e8b_4833,11614.820000000002
00e12e8b_4834,11614.820000000002
00e12e8b_4835,11614.820000000002
00e12e8b_4836,11614.820000000002
00e12e8b_4837,11614.820000000002
00e12e8b_4838,11614.820000000002
00e12e8b_4839,11614.820000000002
00e12e8b_4840,11614.820000000002
00e12e8b_4841,11614.820000000002
00e12e8b_4842,11614.820000000002
00e12e8b_4843,11614.820000000002
00e12e8b_4844,11614.820000000002
00e12e8b_4845,11614.820000000002
00e12e8b_4846,11614.820000000002
00e12e8b_4847,11614.820000000002
00e12e8b_4848,11614.820000000002
00e12e8b_4849,11614.820000000002
00e12e8b_4850,11614.820000000002
00e12e8b_4851,11614.820000000002
00e12e8b_4852,11614.820000000002
00e12e8b_4853,11614.820000000002
00e12e8b_4854,11614.820000000002
00e12e8b_4855,11614.820000000002
00e12e8b_4856,11614.820000000002
00e12e8b_4857,11614.820000000002
00e12e8b_4858,11614.820000000002
00e12e8b_4859,11614.820000000002
00e12e8b_4860,11614.820000000002
00e12e8b_4861,11614.820000000002
00e12e8b_4862,11614.820000000002
00e12e8b_4863,11614.820000000002
00e12e8b_4864,11614.820000000002
00e12e8b_4865,11614.820000000002
00e12e8b_4866,11614.820000000002
00e12e8b_4867,11614.820000000002
00e12e8b_4868,11614.820000000002
00e12e8b_4869,11614.820000000002
00e12e8b_4870,11614.820000000002
00e12e8b_4871,11614.820000000002
00e12e8b_4872,11614.820000000002
00e12e8b_4873,11614.820000000002
00e12e8b_4874,11614.820000000002
00e12e8b_4875,11614.820000000002
00e12e8b_4876,11614.820000000002
00e12e8b_4877,11614.820000000002
00e12e8b_4878,11614.820000000002
00e12e8b_4879,11614.820000000002
00e12e8b_4880,11614.820000000002
00e12e8b_4881,11614.820000000002
00e12e8b_4882,11614.820000000002
00e12e8b_4883,11614.820000000002
00e12e8b_4884,11614.820000000002
00e12e8b_4885,11614.820000000002
00e12e8b_4886,11614.820000000002
00e12e8b_4887,11614.820000000002
00e12e8b_4888,11614.820000000002
00e12e8b_4889,11614.820000000002
00e12e8b_4890,11614.820000000002
00e12e8b_4891,11614.820000000002
00e12e8b_4892,11614.820000000002
00e12e8b_4893,11614.820000000002
00e12e8b_4894,11614.820000000002
00e12e8b_4895,11614.820000000002
00e12e8b_4896,11614.820000000002
00e12e8b_4897,11614.820000000002
00e12e8b_4898,11614.820000000002
00e12e8b_4899,11614.820000000002
00e12e8b_4900,11614.820000000002
00e12e8b_4901,11614.820000000002
00e12e8b_4902,11614.820000000002
00e12e8b_4903,11614.820000000002
00e12e8b_4904,11614.820000000002
00e12e8b_4905,11614.820000000002
00e12e8b_4906,11614.820000000002
00e12e8b_4907,11614.820000000002
00e12e8b_4908,11614.820000000002
00e12e8b_4909,11614.820000000002
00e12e8b_4910,11614.820000000002
00e12e8b_4911,11614.820000000002
00e12e8b_4912,11614.820000000002
00e12e8b_4913,11614.820000000002
00e12e8b_4914,11614.820000000002
00e12e8b_4915,11614.820000000002
00e12e8b_4916,11614.820000000002
00e12e8b_4917,11614.820000000002
00e12e8b_4918,11614.820000000002
00e12e8b_4919,11614.820000000002
00e12e8b_4920,11614.820000000002
00e12e8b_4921,11614.820000000002
00e12e8b_4922,11614.820000000002
00e12e8b_4923,11614.820000000002
00e12e8b_4924,11614.820000000002
00e12e8b_4925,11614.820000000002
00e12e8b_4926,11614.820000000002
00e12e8b_4927,11614.820000000002
00e12e8b_4928,11614.820000000002
00e12e8b_4929,11614.820000000002
00e12e8b_4930,11614.820000000002
00e12e8b_4931,11614.820000000002
00e12e8b_4932,11614.820000000002
00e12e8b_4933,11614.820000000002
00e12e8b_4934,11614.820000000002
00e12e8b_4935,11614.820000000002
00e12e8b_4936,11614.820000000002
00e12e8b_4937,11614.820000000002
00e12e8b_4938,11614.820000000002
00e12e8b_4939,11614.820000000002
00e12e8b_4940,11614.820000000002
00e12e8b_4941,11614.820000000002
00e12e8b_4942,11614.820000000002
00e12e8b_4943,11614.820000000002
00e12e8b_4944,11614.820000000002
00e12e8b_4945,11614.820000000002
00e12e8b_4946,11614.820000000002
00e12e8b_4947,11614.820000000002
00e12e8b_4948,11614.820000000002
00e12e8b_4949,11614.820000000002
00e12e8b_4950,11614.820000000002
00e12e8b_4951,11614.820000000002
00e12e8b_4952,11614.820000000002
00e12e8b_4953,11614.820000000002
00e12e8b_4954,11614.820000000002
00e12e8b_4955,11614.820000000002
00e12e8b_4956,11614.820000000002
00e12e8b_4957,11614.820000000002
00e12e8b_4958,11614.820000000002
00e12e8b_4959,11614.820000000002
00e12e8b_4960,11614.820000000002
00e12e8b_4961,11614.820000000002
00e12e8b_4962,11614.820000000002
00e12e8b_4963,11614.820000000002
00e12e8b_4964,11614.820000000002
00e12e8b_4965,11614.820000000002
00e12e8b_4966,11614.820000000002
00e12e8b_4967,11614.820000000002
00e12e8b_4968,11614.820000000002
00e12e8b_4969,11614.820000000002
00e12e8b_4970,11614.820000000002
00e12e8b_4971,11614.820000000002
00e12e8b_4972,11614.820000000002
00e12e8b_4973,11614.820000000002
00e12e8b_4974,11614.820000000002
00e12e8b_4975,11614.820000000002
00e12e8b_4976,11614.820000000002
00e12e8b_4977,11614.820000000002
00e12e8b_4978,11614.820000000002
00e12e8b_4979,11614.820000000002
00e12e8b_4980,11614.820000000002
00e12e8b_4981,11614.820000000002
00e12e8b_4982,11614.820000000002
00e12e8b_4983,11614.820000000002
00e12e8b_4984,11614.820000000002
00e12e8b_4985,11614.820000000002
00e12e8b_4986,11614.820000000002
00e12e8b_4987,11614.820000000002
00e12e8b_4988,11614.820000000002
00e12e8b_4989,11614.820000000002
00e12e8b_4990,11614.820000000002
00e12e8b_4991,11614.820000000002
00e12e8b_4992,11614.820000000002
00e12e8b_4993,11614.820000000002
00e12e8b_4994,11614.820000000002
00e12e8b_4995,11614.820000000002
00e12e8b_4996,11614.820000000002
00e12e8b_4997,11614.820000000002
00e12e8b_4998,11614.820000000002
00e12e8b_4999,11614.820000000002
00e12e8b_5000,11614.820000000002
00e12e8b_5001,11614.820000000002
00e12e8b_5002,11614.820000000002
00e12e8b_5003,11614.820000000002
00e12e8b_5004,11614.820000000002
00e12e8b_5005,11614.820000000002
00e12e8b_5006,11614.820000000002
00e12e8b_5007,11614.820000000002
00e12e8b_5008,11614.820000000002
00e12e8b_5009,11614.820000000002
00e12e8b_5010,11614.820000000002
00e12e8b_5011,11614.820000000002
00e12e8b_5012,11614.820000000002
00e12e8b_5013,11614.820000000002
00e12e8b_5014,11614.820000000002
00e12e8b_5015,11614.820000000002
00e12e8b_5016,11614.820000000002
00e12e8b_5017,11614.820000000002
00e12e8b_5018,11614.820000000002
00e12e8b_5019,11614.820000000002
00e12e8b_5020,11614.820000000002
00e12e8b_5021,11614.820000000002
00e12e8b_5022,11614.820000000002
00e12e8b_5023,11614.820000000002
00e12e8b_5024,11614.820000000002
00e12e8b_5025,11614.820000000002
00e12e8b_5026,11614.820000000002
00e12e8b_5027,11614.820000000002
00e12e8b_5028,11614.820000000002
00e12e8b_5029,11614.820000000002
00e12e8b_5030,11614.820000000002
00e12e8b_5031,11614.820000000002
00e12e8b_5032,11614.820000000002
00e12e8b_5033,11614.820000000002
00e12e8b_5034,11614.820000000002
00e12e8b_5035,11614.820000000002
00e12e8b_5036,11614.820000000002
00e12e8b_5037,11614.820000000002
00e12e8b_5038,11614.820000000002
00e12e8b_5039,11614.820000000002
00e12e8b_5040,11614.820000000002
00e12e8b_5041,11614.820000000002
00e12e8b_5042,11614.820000000002
00e12e8b_5043,11614.820000000002
00e12e8b_5044,11614.820000000002
00e12e8b_5045,11614.820000000002
00e12e8b_5046,11614.820000000002
00e12e8b_5047,11614.820000000002
00e12e8b_5048,11614.820000000002
00e12e8b_5049,11614.820000000002
00e12e8b_5050,11614.820000000002
00e12e8b_5051,11614.820000000002
00e12e8b_5052,11614.820000000002
00e12e8b_5053,11614.820000000002
00e12e8b_5054,11614.820000000002
00e12e8b_5055,11614.820000000002
00e12e8b_5056,11614.820000000002
00e12e8b_5057,11614.820000000002
00e12e8b_5058,11614.820000000002
00e12e8b_5059,11614.820000000002
00e12e8b_5060,11614.820000000002
00e12e8b_5061,11614.820000000002
00e12e8b_5062,11614.820000000002
00e12e8b_5063,11614.820000000002
00e12e8b_5064,11614.820000000002
00e12e8b_5065,11614.820000000002
00e12e8b_5066,11614.820000000002
00e12e8b_5067,11614.820000000002
00e12e8b_5068,11614.820000000002
00e12e8b_5069,11614.820000000002
00e12e8b_5070,11614.820000000002
00e12e8b_5071,11614.820000000002
00e12e8b_5072,11614.820000000002
00e12e8b_5073,11614.820000000002
00e12e8b_5074,11614.820000000002
00e12e8b_5075,11614.820000000002
00e12e8b_5076,11614.820000000002
00e12e8b_5077,11614.820000000002
00e12e8b_5078,11614.820000000002
00e12e8b_5079,11614.820000000002
00e12e8b_5080,11614.820000000002
00e12e8b_5081,11614.820000000002
00e12e8b_5082,11614.820000000002
00e12e8b_5083,11614.820000000002
00e12e8b_5084,11614.820000000002
00e12e8b_5085,11614.820000000002
00e12e8b_5086,11614.820000000002
00e12e8b_5087,11614.820000000002
00e12e8b_5088,11614.820000000002
00e12e8b_5089,11614.820000000002
00e12e8b_5090,11614.820000000002
00e12e8b_5091,11614.820000000002
00e12e8b_5092,11614.820000000002
00e12e8b_5093,11614.820000000002
00e12e8b_5094,11614.820000000002
00e12e8b_5095,11614.820000000002
00e12e8b_5096,11614.820000000002
00e12e8b_5097,11614.820000000002
00e12e8b_5098,11614.820000000002
00e12e8b_5099,11614.820000000002
00e12e8b_5100,11614.820000000002
00e12e8b_5101,11614.820000000002
00e12e8b_5102,11614.820000000002
00e12e8b_5103,11614.820000000002
00e12e8b_5104,11614.820000000002
00e12e8b_5105,11614.820000000002
00e12e8b_5106,11614.820000000002
00e12e8b_5107,11614.820000000002
00e12e8b_5108,11614.820000000002
00e12e8b_5109,11614.820000000002
00e12e8b_5110,11614.820000000002
00e12e8b_5111,11614.820000000002
00e12e8b_5112,11614.820000000002
00e12e8b_5113,11614.820000000002
00e12e8b_5114,11614.820000000002
00e12e8b_5115,11614.820000000002
00e12e8b_5116,11614.820000000002
00e12e8b_5117,11614.820000000002
00e12e8b_5118,11614.820000000002
00e12e8b_5119,11614.820000000002
00e12e8b_5120,11614.820000000002
00e12e8b_5121,11614.820000000002
00e12e8b_5122,11614.820000000002
00e12e8b_5123,11614.820000000002
00e12e8b_5124,11614.820000000002
00e12e8b_5125,11614.820000000002
00e12e8b_5126,11614.820000000002
00e12e8b_5127,11614.820000000002
00e12e8b_5128,11614.820000000002
00e12e8b_5129,11614.820000000002
00e12e8b_5130,11614.820000000002
00e12e8b_5131,11614.820000000002
00e12e8b_5132,11614.820000000002
00e12e8b_5133,11614.820000000002
00e12e8b_5134,11614.820000000002
00e12e8b_5135,11614.820000000002
00e12e8b_5136,11614.820000000002
00e12e8b_5137,11614.820000000002
00e12e8b_5138,11614.820000000002
00e12e8b_5139,11614.820000000002
00e12e8b_5140,11614.820000000002
00e12e8b_5141,11614.820000000002
00e12e8b_5142,11614.820000000002
00e12e8b_5143,11614.820000000002
00e12e8b_5144,11614.820000000002
00e12e8b_5145,11614.820000000002
00e12e8b_5146,11614.820000000002
00e12e8b_5147,11614.820000000002
00e12e8b_5148,11614.820000000002
00e12e8b_5149,11614.820000000002
00e12e8b_5150,11614.820000000002
00e12e8b_5151,11614.820000000002
00e12e8b_5152,11614.820000000002
00e12e8b_5153,11614.820000000002
00e12e8b_5154,11614.820000000002
00e12e8b_5155,11614.820000000002
00e12e8b_5156,11614.820000000002
00e12e8b_5157,11614.820000000002
00e12e8b_5158,11614.820000000002
00e12e8b_5159,11614.820000000002
00e12e8b_5160,11614.820000000002
00e12e8b_5161,11614.820000000002
00e12e8b_5162,11614.820000000002
00e12e8b_5163,11614.820000000002
00e12e8b_5164,11614.820000000002
00e12e8b_5165,11614.820000000002
00e12e8b_5166,11614.820000000002
00e12e8b_5167,11614.820000000002
00e12e8b_5168,11614.820000000002
00e12e8b_5169,11614.820000000002
00e12e8b_5170,11614.820000000002
00e12e8b_5171,11614.820000000002
00e12e8b_5172,11614.820000000002
00e12e8b_5173,11614.820000000002
00e12e8b_5174,11614.820000000002
00e12e8b_5175,11614.820000000002
00e12e8b_5176,11614.820000000002
00e12e8b_5177,11614.820000000002
00e12e8b_5178,11614.820000000002
00e12e8b_5179,11614.820000000002
00e12e8b_5180,11614.820000000002
00e12e8b_5181,11614.820000000002
00e12e8b_5182,11614.820000000002
00e12e8b_5183,11614.820000000002
00e12e8b_5184,11614.820000000002
00e12e8b_5185,11614.820000000002
00e12e8b_5186,11614.820000000002
00e12e8b_5187,11614.820000000002
00e12e8b_5188,11614.820000000002
00e12e8b_5189,11614.820000000002
00e12e8b_5190,11614.820000000002
00e12e8b_5191,11614.820000000002
00e12e8b_5192,11614.820000000002
00e12e8b_5193,11614.820000000002
00e12e8b_5194,11614.820000000002
00e12e8b_5195,11614.820000000002
00e12e8b_5196,11614.820000000002
00e12e8b_5197,11614.820000000002
00e12e8b_5198,11614.820000000002
00e12e8b_5199,11614.820000000002
00e12e8b_5200,11614.820000000002
00e12e8b_5201,11614.820000000002
00e12e8b_5202,11614.820000000002
00e12e8b_5203,11614.820000000002
00e12e8b_5204,11614.820000000002
00e12e8b_5205,11614.820000000002
00e12e8b_5206,11614.820000000002
00e12e8b_5207,11614.820000000002
00e12e8b_5208,11614.820000000002
00e12e8b_5209,11614.820000000002
00e12e8b_5210,11614.820000000002
00e12e8b_5211,11614.820000000002
00e12e8b_5212,11614.820000000002
00e12e8b_5213,11614.820000000002
00e12e8b_5214,11614.820000000002
00e12e8b_5215,11614.820000000002
00e12e8b_5216,11614.820000000002
00e12e8b_5217,11614.820000000002
00e12e8b_5218,11614.820000000002
00e12e8b_5219,11614.820000000002
00e12e8b_5220,11614.820000000002
00e12e8b_5221,11614.820000000002
00e12e8b_5222,11614.820000000002
00e12e8b_5223,11614.820000000002
00e12e8b_5224,11614.820000000002
00e12e8b_5225,11614.820000000002
00e12e8b_5226,11614.820000000002
00e12e8b_5227,11614.820000000002
00e12e8b_5228,11614.820000000002
00e12e8b_5229,11614.820000000002
00e12e8b_5230,11614.820000000002
00e12e8b_5231,11614.820000000002
00e12e8b_5232,11614.820000000002
00e12e8b_5233,11614.820000000002
00e12e8b_5234,11614.820000000002
00e12e8b_5235,11614.820000000002
00e12e8b_5236,11614.820000000002
00e12e8b_5237,11614.820000000002
00e12e8b_5238,11614.820000000002
00e12e8b_5239,11614.820000000002
00e12e8b_5240,11614.820000000002
00e12e8b_5241,11614.820000000002
00e12e8b_5242,11614.820000000002
00e12e8b_5243,11614.820000000002
00e12e8b_5244,11614.820000000002
00e12e8b_5245,11614.820000000002
00e12e8b_5246,11614.820000000002
00e12e8b_5247,11614.820000000002
00e12e8b_5248,11614.820000000002
00e12e8b_5249,11614.820000000002
00e12e8b_5250,11614.820000000002
00e12e8b_5251,11614.820000000002
00e12e8b_5252,11614.820000000002
00e12e8b_5253,11614.820000000002
00e12e8b_5254,11614.820000000002
00e12e8b_5255,11614.820000000002
00e12e8b_5256,11614.820000000002
00e12e8b_5257,11614.820000000002
00e12e8b_5258,11614.820000000002
00e12e8b_5259,11614.820000000002
00e12e8b_5260,11614.820000000002
00e12e8b_5261,11614.820000000002
00e12e8b_5262,11614.820000000002
00e12e8b_5263,11614.820000000002
00e12e8b_5264,11614.820000000002
00e12e8b_5265,11614.820000000002
00e12e8b_5266,11614.820000000002
00e12e8b_5267,11614.820000000002
00e12e8b_5268,11614.820000000002
00e12e8b_5269,11614.820000000002
00e12e8b_5270,11614.820000000002
00e12e8b_5271,11614.820000000002
00e12e8b_5272,11614.820000000002
00e12e8b_5273,11614.820000000002
00e12e8b_5274,11614.820000000002
00e12e8b_5275,11614.820000000002
00e12e8b_5276,11614.820000000002
00e12e8b_5277,11614.820000000002
00e12e8b_5278,11614.820000000002
00e12e8b_5279,11614.820000000002
00e12e8b_5280,11614.820000000002
00e12e8b_5281,11614.820000000002
00e12e8b_5282,11614.820000000002
00e12e8b_5283,11614.820000000002
00e12e8b_5284,11614.820000000002
00e12e8b_5285,11614.820000000002
00e12e8b_5286,11614.820000000002
00e12e8b_5287,11614.820000000002
00e12e8b_5288,11614.820000000002
00e12e8b_5289,11614.820000000002
00e12e8b_5290,11614.820000000002
00e12e8b_5291,11614.820000000002
00e12e8b_5292,11614.820000000002
00e12e8b_5293,11614.820000000002
00e12e8b_5294,11614.820000000002
00e12e8b_5295,11614.820000000002
00e12e8b_5296,11614.820000000002
00e12e8b_5297,11614.820000000002
00e12e8b_5298,11614.820000000002
00e12e8b_5299,11614.820000000002
00e12e8b_5300,11614.820000000002
00e12e8b_5301,11614.820000000002
00e12e8b_5302,11614.820000000002
00e12e8b_5303,11614.820000000002
00e12e8b_5304,11614.820000000002
00e12e8b_5305,11614.820000000002
00e12e8b_5306,11614.820000000002
00e12e8b_5307,11614.820000000002
00e12e8b_5308,11614.820000000002
00e12e8b_5309,11614.820000000002
00e12e8b_5310,11614.820000000002
00e12e8b_5311,11614.820000000002
00e12e8b_5312,11614.820000000002
00e12e8b_5313,11614.820000000002
00e12e8b_5314,11614.820000000002
00e12e8b_5315,11614.820000000002
00e12e8b_5316,11614.820000000002
00e12e8b_5317,11614.820000000002
00e12e8b_5318,11614.820000000002
00e12e8b_5319,11614.820000000002
00e12e8b_5320,11614.820000000002
00e12e8b_5321,11614.820000000002
00e12e8b_5322,11614.820000000002
00e12e8b_5323,11614.820000000002
00e12e8b_5324,11614.820000000002
00e12e8b_5325,11614.820000000002
00e12e8b_5326,11614.820000000002
00e12e8b_5327,11614.820000000002
00e12e8b_5328,11614.820000000002
00e12e8b_5329,11614.820000000002
00e12e8b_5330,11614.820000000002
00e12e8b_5331,11614.820000000002
00e12e8b_5332,11614.820000000002
00e12e8b_5333,11614.820000000002
00e12e8b_5334,11614.820000000002
00e12e8b_5335,11614.820000000002
00e12e8b_5336,11614.820000000002
00e12e8b_5337,11614.820000000002
00e12e8b_5338,11614.820000000002
00e12e8b_5339,11614.820000000002
00e12e8b_5340,11614.820000000002
00e12e8b_5341,11614.820000000002
00e12e8b_5342,11614.820000000002
00e12e8b_5343,11614.820000000002
00e12e8b_5344,11614.820000000002
00e12e8b_5345,11614.820000000002
00e12e8b_5346,11614.820000000002
00e12e8b_5347,11614.820000000002
00e12e8b_5348,11614.820000000002
00e12e8b_5349,11614.820000000002
00e12e8b_5350,11614.820000000002
00e12e8b_5351,11614.820000000002
00e12e8b_5352,11614.820000000002
00e12e8b_5353,11614.820000000002
00e12e8b_5354,11614.820000000002
00e12e8b_5355,11614.820000000002
00e12e8b_5356,11614.820000000002
00e12e8b_5357,11614.820000000002
00e12e8b_5358,11614.820000000002
00e12e8b_5359,11614.820000000002
00e12e8b_5360,11614.820000000002
00e12e8b_5361,11614.820000000002
00e12e8b_5362,11614.820000000002
00e12e8b_5363,11614.820000000002
00e12e8b_5364,11614.820000000002
00e12e8b_5365,11614.820000000002
00e12e8b_5366,11614.820000000002
00e12e8b_5367,11614.820000000002
00e12e8b_5368,11614.820000000002
00e12e8b_5369,11614.820000000002
00e12e8b_5370,11614.820000000002
00e12e8b_5371,11614.820000000002
00e12e8b_5372,11614.820000000002
00e12e8b_5373,11614.820000000002
00e12e8b_5374,11614.820000000002
00e12e8b_5375,11614.820000000002
00e12e8b_5376,11614.820000000002
00e12e8b_5377,11614.820000000002
00e12e8b_5378,11614.820000000002
00e12e8b_5379,11614.820000000002
00e12e8b_5380,11614.820000000002
00e12e8b_5381,11614.820000000002
00e12e8b_5382,11614.820000000002
00e12e8b_5383,11614.820000000002
00e12e8b_5384,11614.820000000002
00e12e8b_5385,11614.820000000002
00e12e8b_5386,11614.820000000002
00e12e8b_5387,11614.820000000002
00e12e8b_5388,11614.820000000002
00e12e8b_5389,11614.820000000002
00e12e8b_5390,11614.820000000002
00e12e8b_5391,11614.820000000002
00e12e8b_5392,11614.820000000002
00e12e8b_5393,11614.820000000002
00e12e8b_5394,11614.820000000002
00e12e8b_5395,11614.820000000002
00e12e8b_5396,11614.820000000002
00e12e8b_5397,11614.820000000002
00e12e8b_5398,11614.820000000002
00e12e8b_5399,11614.820000000002
00e12e8b_5400,11614.820000000002
00e12e8b_5401,11614.820000000002
00e12e8b_5402,11614.820000000002
00e12e8b_5403,11614.820000000002
00e12e8b_5404,11614.820000000002
00e12e8b_5405,11614.820000000002
00e12e8b_5406,11614.820000000002
00e12e8b_5407,11614.820000000002
00e12e8b_5408,11614.820000000002
00e12e8b_5409,11614.820000000002
00e12e8b_5410,11614.820000000002
00e12e8b_5411,11614.820000000002
00e12e8b_5412,11614.820000000002
00e12e8b_5413,11614.820000000002
00e12e8b_5414,11614.820000000002
00e12e8b_5415,11614.820000000002
00e12e8b_5416,11614.820000000002
00e12e8b_5417,11614.820000000002
00e12e8b_5418,11614.820000000002
00e12e8b_5419,11614.820000000002
00e12e8b_5420,11614.820000000002
00e12e8b_5421,11614.820000000002
00e12e8b_5422,11614.820000000002
00e12e8b_5423,11614.820000000002
00e12e8b_5424,11614.820000000002
00e12e8b_5425,11614.820000000002
00e12e8b_5426,11614.820000000002
00e12e8b_5427,11614.820000000002
00e12e8b_5428,11614.820000000002
00e12e8b_5429,11614.820000000002
00e12e8b_5430,11614.820000000002
00e12e8b_5431,11614.820000000002
00e12e8b_5432,11614.820000000002
00e12e8b_5433,11614.820000000002
00e12e8b_5434,11614.820000000002
00e12e8b_5435,11614.820000000002
00e12e8b_5436,11614.820000000002
00e12e8b_5437,11614.820000000002
00e12e8b_5438,11614.820000000002
00e12e8b_5439,11614.820000000002
00e12e8b_5440,11614.820000000002
00e12e8b_5441,11614.820000000002
00e12e8b_5442,11614.820000000002
00e12e8b_5443,11614.820000000002
00e12e8b_5444,11614.820000000002
00e12e8b_5445,11614.820000000002
00e12e8b_5446,11614.820000000002
00e12e8b_5447,11614.820000000002
00e12e8b_5448,11614.820000000002
00e12e8b_5449,11614.820000000002
00e12e8b_5450,11614.820000000002
00e12e8b_5451,11614.820000000002
00e12e8b_5452,11614.820000000002
00e12e8b_5453,11614.820000000002
00e12e8b_5454,11614.820000000002
00e12e8b_5455,11614.820000000002
00e12e8b_5456,11614.820000000002
00e12e8b_5457,11614.820000000002
00e12e8b_5458,11614.820000000002
00e12e8b_5459,11614.820000000002
00e12e8b_5460,11614.820000000002
00e12e8b_5461,11614.820000000002
00e12e8b_5462,11614.820000000002
00e12e8b_5463,11614.820000000002
00e12e8b_5464,11614.820000000002
00e12e8b_5465,11614.820000000002
00e12e8b_5466,11614.820000000002
00e12e8b_5467,11614.820000000002
00e12e8b_5468,11614.820000000002
00e12e8b_5469,11614.820000000002
00e12e8b_5470,11614.820000000002
00e12e8b_5471,11614.820000000002
00e12e8b_5472,11614.820000000002
00e12e8b_5473,11614.820000000002
00e12e8b_5474,11614.820000000002
00e12e8b_5475,11614.820000000002
00e12e8b_5476,11614.820000000002
00e12e8b_5477,11614.820000000002
00e12e8b_5478,11614.820000000002
00e12e8b_5479,11614.820000000002
00e12e8b_5480,11614.820000000002
00e12e8b_5481,11614.820000000002
00e12e8b_5482,11614.820000000002
00e12e8b_5483,11614.820000000002
00e12e8b_5484,11614.820000000002
00e12e8b_5485,11614.820000000002
00e12e8b_5486,11614.820000000002
00e12e8b_5487,11614.820000000002
00e12e8b_5488,11614.820000000002
00e12e8b_5489,11614.820000000002
00e12e8b_5490,11614.820000000002
00e12e8b_5491,11614.820000000002
00e12e8b_5492,11614.820000000002
00e12e8b_5493,11614.820000000002
00e12e8b_5494,11614.820000000002
00e12e8b_5495,11614.820000000002
00e12e8b_5496,11614.820000000002
00e12e8b_5497,11614.820000000002
00e12e8b_5498,11614.820000000002
00e12e8b_5499,11614.820000000002
00e12e8b_5500,11614.820000000002
00e12e8b_5501,11614.820000000002
00e12e8b_5502,11614.820000000002
00e12e8b_5503,11614.820000000002
00e12e8b_5504,11614.820000000002
00e12e8b_5505,11614.820000000002
00e12e8b_5506,11614.820000000002
00e12e8b_5507,11614.820000000002
00e12e8b_5508,11614.820000000002
00e12e8b_5509,11614.820000000002
00e12e8b_5510,11614.820000000002
00e12e8b_5511,11614.820000000002
00e12e8b_5512,11614.820000000002
00e12e8b_5513,11614.820000000002
00e12e8b_5514,11614.820000000002
00e12e8b_5515,11614.820000000002
00e12e8b_5516,11614.820000000002
00e12e8b_5517,11614.820000000002
00e12e8b_5518,11614.820000000002
00e12e8b_5519,11614.820000000002
00e12e8b_5520,11614.820000000002
00e12e8b_5521,11614.820000000002
00e12e8b_5522,11614.820000000002
00e12e8b_5523,11614.820000000002
00e12e8b_5524,11614.820000000002
00e12e8b_5525,11614.820000000002
00e12e8b_5526,11614.820000000002
00e12e8b_5527,11614.820000000002
00e12e8b_5528,11614.820000000002
00e12e8b_5529,11614.820000000002
00e12e8b_5530,11614.820000000002
00e12e8b_5531,11614.820000000002
00e12e8b_5532,11614.820000000002
00e12e8b_5533,11614.820000000002
00e12e8b_5534,11614.820000000002
00e12e8b_5535,11614.820000000002
00e12e8b_5536,11614.820000000002
00e12e8b_5537,11614.820000000002
00e12e8b_5538,11614.820000000002
00e12e8b_5539,11614.820000000002
00e12e8b_5540,11614.820000000002
00e12e8b_5541,11614.820000000002
00e12e8b_5542,11614.820000000002
00e12e8b_5543,11614.820000000002
00e12e8b_5544,11614.820000000002
00e12e8b_5545,11614.820000000002
00e12e8b_5546,11614.820000000002
00e12e8b_5547,11614.820000000002
00e12e8b_5548,11614.820000000002
00e12e8b_5549,11614.820000000002
00e12e8b_5550,11614.820000000002
00e12e8b_5551,11614.820000000002
00e12e8b_5552,11614.820000000002
00e12e8b_5553,11614.820000000002
00e12e8b_5554,11614.820000000002
00e12e8b_5555,11614.820000000002
00e12e8b_5556,11614.820000000002
00e12e8b_5557,11614.820000000002
00e12e8b_5558,11614.820000000002
00e12e8b_5559,11614.820000000002
00e12e8b_5560,11614.820000000002
00e12e8b_5561,11614.820000000002
00e12e8b_5562,11614.820000000002
00e12e8b_5563,11614.820000000002
00e12e8b_5564,11614.820000000002
00e12e8b_5565,11614.820000000002
00e12e8b_5566,11614.820000000002
00e12e8b_5567,11614.820000000002
00e12e8b_5568,11614.820000000002
00e12e8b_5569,11614.820000000002
00e12e8b_5570,11614.820000000002
00e12e8b_5571,11614.820000000002
00e12e8b_5572,11614.820000000002
00e12e8b_5573,11614.820000000002
00e12e8b_5574,11614.820000000002
00e12e8b_5575,11614.820000000002
00e12e8b_5576,11614.820000000002
00e12e8b_5577,11614.820000000002
00e12e8b_5578,11614.820000000002
00e12e8b_5579,11614.820000000002
00e12e8b_5580,11614.820000000002
00e12e8b_5581,11614.820000000002
00e12e8b_5582,11614.820000000002
00e12e8b_5583,11614.820000000002
00e12e8b_5584,11614.820000000002
00e12e8b_5585,11614.820000000002
00e12e8b_5586,11614.820000000002
00e12e8b_5587,11614.820000000002
00e12e8b_5588,11614.820000000002
00e12e8b_5589,11614.820000000002
00e12e8b_5590,11614.820000000002
00e12e8b_5591,11614.820000000002
00e12e8b_5592,11614.820000000002
00e12e8b_5593,11614.820000000002
00e12e8b_5594,11614.820000000002
00e12e8b_5595,11614.820000000002
00e12e8b_5596,11614.820000000002
00e12e8b_5597,11614.820000000002
00e12e8b_5598,11614.820000000002
00e12e8b_5599,11614.820000000002
00e12e8b_5600,11614.820000000002
00e12e8b_5601,11614.820000000002
00e12e8b_5602,11614.820000000002
00e12e8b_5603,11614.820000000002
00e12e8b_5604,11614.820000000002
00e12e8b_5605,11614.820000000002
00e12e8b_5606,11614.820000000002
00e12e8b_5607,11614.820000000002
00e12e8b_5608,11614.820000000002
00e12e8b_5609,11614.820000000002
00e12e8b_5610,11614.820000000002
00e12e8b_5611,11614.820000000002
00e12e8b_5612,11614.820000000002
00e12e8b_5613,11614.820000000002
00e12e8b_5614,11614.820000000002
00e12e8b_5615,11614.820000000002
00e12e8b_5616,11614.820000000002
00e12e8b_5617,11614.820000000002
00e12e8b_5618,11614.820000000002
00e12e8b_5619,11614.820000000002
00e12e8b_5620,11614.820000000002
00e12e8b_5621,11614.820000000002
00e12e8b_5622,11614.820000000002
00e12e8b_5623,11614.820000000002
00e12e8b_5624,11614.820000000002
00e12e8b_5625,11614.820000000002
00e12e8b_5626,11614.820000000002
00e12e8b_5627,11614.820000000002
00e12e8b_5628,11614.820000000002
00e12e8b_5629,11614.820000000002
00e12e8b_5630,11614.820000000002
00e12e8b_5631,11614.820000000002
00e12e8b_5632,11614.820000000002
00e12e8b_5633,11614.820000000002
00e12e8b_5634,11614.820000000002
00e12e8b_5635,11614.820000000002
00e12e8b_5636,11614.820000000002
00e12e8b_5637,11614.820000000002
00e12e8b_5638,11614.820000000002
00e12e8b_5639,11614.820000000002
00e12e8b_5640,11614.820000000002
00e12e8b_5641,11614.820000000002
00e12e8b_5642,11614.820000000002
00e12e8b_5643,11614.820000000002
00e12e8b_5644,11614.820000000002
00e12e8b_5645,11614.820000000002
00e12e8b_5646,11614.820000000002
00e12e8b_5647,11614.820000000002
00e12e8b_5648,11614.820000000002
00e12e8b_5649,11614.820000000002
00e12e8b_5650,11614.820000000002
00e12e8b_5651,11614.820000000002
00e12e8b_5652,11614.820000000002
00e12e8b_5653,11614.820000000002
00e12e8b_5654,11614.820000000002
00e12e8b_5655,11614.820000000002
00e12e8b_5656,11614.820000000002
00e12e8b_5657,11614.820000000002
00e12e8b_5658,11614.820000000002
00e12e8b_5659,11614.820000000002
00e12e8b_5660,11614.820000000002
00e12e8b_5661,11614.820000000002
00e12e8b_5662,11614.820000000002
00e12e8b_5663,11614.820000000002
00e12e8b_5664,11614.820000000002
00e12e8b_5665,11614.820000000002
00e12e8b_5666,11614.820000000002
00e12e8b_5667,11614.820000000002
00e12e8b_5668,11614.820000000002
00e12e8b_5669,11614.820000000002
00e12e8b_5670,11614.820000000002
00e12e8b_5671,11614.820000000002
00e12e8b_5672,11614.820000000002
00e12e8b_5673,11614.820000000002
00e12e8b_5674,11614.820000000002
00e12e8b_5675,11614.820000000002
00e12e8b_5676,11614.820000000002
00e12e8b_5677,11614.820000000002
00e12e8b_5678,11614.820000000002
00e12e8b_5679,11614.820000000002
00e12e8b_5680,11614.820000000002
00e12e8b_5681,11614.820000000002
00e12e8b_5682,11614.820000000002
00e12e8b_5683,11614.820000000002
00e12e8b_5684,11614.820000000002
00e12e8b_5685,11614.820000000002
00e12e8b_5686,11614.820000000002
00e12e8b_5687,11614.820000000002
00e12e8b_5688,11614.820000000002
00e12e8b_5689,11614.820000000002
00e12e8b_5690,11614.820000000002
00e12e8b_5691,11614.820000000002
00e12e8b_5692,11614.820000000002
00e12e8b_5693,11614.820000000002
00e12e8b_5694,11614.820000000002
00e12e8b_5695,11614.820000000002
00e12e8b_5696,11614.820000000002
00e12e8b_5697,11614.820000000002
00e12e8b_5698,11614.820000000002
00e12e8b_5699,11614.820000000002
00e12e8b_5700,11614.820000000002
00e12e8b_5701,11614.820000000002
00e12e8b_5702,11614.820000000002
00e12e8b_5703,11614.820000000002
00e12e8b_5704,11614.820000000002
00e12e8b_5705,11614.820000000002
00e12e8b_5706,11614.820000000002
00e12e8b_5707,11614.820000000002
00e12e8b_5708,11614.820000000002
00e12e8b_5709,11614.820000000002
00e12e8b_5710,11614.820000000002
00e12e8b_5711,11614.820000000002
00e12e8b_5712,11614.820000000002
00e12e8b_5713,11614.820000000002
00e12e8b_5714,11614.820000000002
00e12e8b_5715,11614.820000000002
00e12e8b_5716,11614.820000000002
00e12e8b_5717,11614.820000000002
00e12e8b_5718,11614.820000000002
00e12e8b_5719,11614.820000000002
00e12e8b_5720,11614.820000000002
00e12e8b_5721,11614.820000000002
00e12e8b_5722,11614.820000000002
00e12e8b_5723,11614.820000000002
00e12e8b_5724,11614.820000000002
00e12e8b_5725,11614.820000000002
00e12e8b_5726,11614.820000000002
00e12e8b_5727,11614.820000000002
00e12e8b_5728,11614.820000000002
00e12e8b_5729,11614.820000000002
00e12e8b_5730,11614.820000000002
00e12e8b_5731,11614.820000000002
00e12e8b_5732,11614.820000000002
00e12e8b_5733,11614.820000000002
00e12e8b_5734,11614.820000000002
00e12e8b_5735,11614.820000000002
00e12e8b_5736,11614.820000000002
00e12e8b_5737,11614.820000000002
00e12e8b_5738,11614.820000000002
00e12e8b_5739,11614.820000000002
00e12e8b_5740,11614.820000000002
00e12e8b_5741,11614.820000000002
00e12e8b_5742,11614.820000000002
00e12e8b_5743,11614.820000000002
00e12e8b_5744,11614.820000000002
00e12e8b_5745,11614.820000000002
00e12e8b_5746,11614.820000000002
00e12e8b_5747,11614.820000000002
00e12e8b_5748,11614.820000000002
00e12e8b_5749,11614.820000000002
00e12e8b_5750,11614.820000000002
00e12e8b_5751,11614.820000000002
00e12e8b_5752,11614.820000000002
00e12e8b_5753,11614.820000000002
00e12e8b_5754,11614.820000000002
00e12e8b_5755,11614.820000000002
00e12e8b_5756,11614.820000000002
00e12e8b_5757,11614.820000000002
00e12e8b_5758,11614.820000000002
00e12e8b_5759,11614.820000000002
00e12e8b_5760,11614.820000000002
00e12e8b_5761,11614.820000000002
00e12e8b_5762,11614.820000000002
00e12e8b_5763,11614.820000000002
00e12e8b_5764,11614.820000000002
00e12e8b_5765,11614.820000000002
00e12e8b_5766,11614.820000000002
00e12e8b_5767,11614.820000000002
00e12e8b_5768,11614.820000000002
00e12e8b_5769,11614.820000000002
00e12e8b_5770,11614.820000000002
00e12e8b_5771,11614.820000000002
00e12e8b_5772,11614.820000000002
00e12e8b_5773,11614.820000000002
00e12e8b_5774,11614.820000000002
00e12e8b_5775,11614.820000000002
00e12e8b_5776,11614.820000000002
00e12e8b_5777,11614.820000000002
00e12e8b_5778,11614.820000000002
00e12e8b_5779,11614.820000000002
00e12e8b_5780,11614.820000000002
00e12e8b_5781,11614.820000000002
00e12e8b_5782,11614.820000000002
00e12e8b_5783,11614.820000000002
00e12e8b_5784,11614.820000000002
00e12e8b_5785,11614.820000000002
00e12e8b_5786,11614.820000000002
00e12e8b_5787,11614.820000000002
00e12e8b_5788,11614.820000000002
00e12e8b_5789,11614.820000000002
00e12e8b_5790,11614.820000000002
00e12e8b_5791,11614.820000000002
00e12e8b_5792,11614.820000000002
00e12e8b_5793,11614.820000000002
00e12e8b_5794,11614.820000000002
00e12e8b_5795,11614.820000000002
00e12e8b_5796,11614.820000000002
00e12e8b_5797,11614.820000000002
00e12e8b_5798,11614.820000000002
00e12e8b_5799,11614.820000000002
00e12e8b_5800,11614.820000000002
00e12e8b_5801,11614.820000000002
00e12e8b_5802,11614.820000000002
00e12e8b_5803,11614.820000000002
00e12e8b_5804,11614.820000000002
00e12e8b_5805,11614.820000000002
00e12e8b_5806,11614.820000000002
00e12e8b_5807,11614.820000000002
00e12e8b_5808,11614.820000000002
00e12e8b_5809,11614.820000000002
00e12e8b_5810,11614.820000000002
00e12e8b_5811,11614.820000000002
00e12e8b_5812,11614.820000000002
00e12e8b_5813,11614.820000000002
00e12e8b_5814,11614.820000000002
00e12e8b_5815,11614.820000000002
00e12e8b_5816,11614.820000000002
00e12e8b_5817,11614.820000000002
00e12e8b_5818,11614.820000000002
00e12e8b_5819,11614.820000000002
00e12e8b_5820,11614.820000000002
00e12e8b_5821,11614.820000000002
00e12e8b_5822,11614.820000000002
00e12e8b_5823,11614.820000000002
00e12e8b_5824,11614.820000000002
00e12e8b_5825,11614.820000000002
00e12e8b_5826,11614.820000000002
00e12e8b_5827,11614.820000000002
00e12e8b_5828,11614.820000000002
00e12e8b_5829,11614.820000000002
00e12e8b_5830,11614.820000000002
00e12e8b_5831,11614.820000000002
00e12e8b_5832,11614.820000000002
00e12e8b_5833,11614.820000000002
00e12e8b_5834,11614.820000000002
00e12e8b_5835,11614.820000000002
00e12e8b_5836,11614.820000000002
00e12e8b_5837,11614.820000000002
00e12e8b_5838,11614.820000000002
00e12e8b_5839,11614.820000000002
00e12e8b_5840,11614.820000000002
00e12e8b_5841,11614.820000000002
00e12e8b_5842,11614.820000000002
00e12e8b_5843,11614.820000000002
00e12e8b_5844,11614.820000000002
00e12e8b_5845,11614.820000000002
00e12e8b_5846,11614.820000000002
00e12e8b_5847,11614.820000000002
00e12e8b_5848,11614.820000000002
00e12e8b_5849,11614.820000000002
00e12e8b_5850,11614.820000000002
00e12e8b_5851,11614.820000000002
00e12e8b_5852,11614.820000000002
00e12e8b_5853,11614.820000000002
00e12e8b_5854,11614.820000000002
00e12e8b_5855,11614.820000000002
00e12e8b_5856,11614.820000000002
00e12e8b_5857,11614.820000000002
00e12e8b_5858,11614.820000000002
00e12e8b_5859,11614.820000000002
00e12e8b_5860,11614.820000000002
00e12e8b_5861,11614.820000000002
00e12e8b_5862,11614.820000000002
00e12e8b_5863,11614.820000000002
00e12e8b_5864,11614.820000000002
00e12e8b_5865,11614.820000000002
00e12e8b_5866,11614.820000000002
00e12e8b_5867,11614.820000000002
00e12e8b_5868,11614.820000000002
00e12e8b_5869,11614.820000000002
00e12e8b_5870,11614.820000000002
00e12e8b_5871,11614.820000000002
00e12e8b_5872,11614.820000000002
00e12e8b_5873,11614.820000000002
00e12e8b_5874,11614.820000000002
00e12e8b_5875,11614.820000000002
00e12e8b_5876,11614.820000000002
00e12e8b_5877,11614.820000000002
00e12e8b_5878,11614.820000000002
00e12e8b_5879,11614.820000000002
00e12e8b_5880,11614.820000000002
00e12e8b_5881,11614.820000000002
00e12e8b_5882,11614.820000000002
00e12e8b_5883,11614.820000000002
00e12e8b_5884,11614.820000000002
00e12e8b_5885,11614.820000000002
00e12e8b_5886,11614.820000000002
00e12e8b_5887,11614.820000000002
00e12e8b_5888,11614.820000000002
00e12e8b_5889,11614.820000000002
00e12e8b_5890,11614.820000000002
00e12e8b_5891,11614.820000000002
00e12e8b_5892,11614.820000000002
00e12e8b_5893,11614.820000000002
00e12e8b_5894,11614.820000000002
00e12e8b_5895,11614.820000000002
00e12e8b_5896,11614.820000000002
00e12e8b_5897,11614.820000000002
00e12e8b_5898,11614.820000000002
00e12e8b_5899,11614.820000000002
00e12e8b_5900,11614.820000000002
00e12e8b_5901,11614.820000000002
00e12e8b_5902,11614.820000000002
00e12e8b_5903,11614.820000000002
00e12e8b_5904,11614.820000000002
00e12e8b_5905,11614.820000000002
00e12e8b_5906,11614.820000000002
00e12e8b_5907,11614.820000000002
00e12e8b_5908,11614.820000000002
00e12e8b_5909,11614.820000000002
00e12e8b_5910,11614.820000000002
00e12e8b_5911,11614.820000000002
00e12e8b_5912,11614.820000000002
00e12e8b_5913,11614.820000000002
00e12e8b_5914,11614.820000000002
00e12e8b_5915,11614.820000000002
00e12e8b_5916,11614.820000000002
00e12e8b_5917,11614.820000000002
00e12e8b_5918,11614.820000000002
00e12e8b_5919,11614.820000000002
00e12e8b_5920,11614.820000000002
00e12e8b_5921,11614.820000000002
00e12e8b_5922,11614.820000000002
00e12e8b_5923,11614.820000000002
00e12e8b_5924,11614.820000000002
00e12e8b_5925,11614.820000000002
00e12e8b_5926,11614.820000000002
00e12e8b_5927,11614.820000000002
00e12e8b_5928,11614.820000000002
00e12e8b_5929,11614.820000000002
00e12e8b_5930,11614.820000000002
00e12e8b_5931,11614.820000000002
00e12e8b_5932,11614.820000000002
00e12e8b_5933,11614.820000000002
00e12e8b_5934,11614.820000000002
00e12e8b_5935,11614.820000000002
00e12e8b_5936,11614.820000000002
00e12e8b_5937,11614.820000000002
00e12e8b_5938,11614.820000000002
00e12e8b_5939,11614.820000000002
00e12e8b_5940,11614.820000000002
00e12e8b_5941,11614.820000000002
00e12e8b_5942,11614.820000000002
00e12e8b_5943,11614.820000000002
00e12e8b_5944,11614.820000000002
00e12e8b_5945,11614.820000000002
00e12e8b_5946,11614.820000000002
00e12e8b_5947,11614.820000000002
00e12e8b_5948,11614.820000000002
00e12e8b_5949,11614.820000000002
00e12e8b_5950,11614.820000000002
00e12e8b_5951,11614.820000000002
00e12e8b_5952,11614.820000000002
00e12e8b_5953,11614.820000000002
00e12e8b_5954,11614.820000000002
00e12e8b_5955,11614.820000000002
00e12e8b_5956,11614.820000000002
00e12e8b_5957,11614.820000000002
00e12e8b_5958,11614.820000000002
00e12e8b_5959,11614.820000000002
00e12e8b_5960,11614.820000000002
00e12e8b_5961,11614.820000000002
00e12e8b_5962,11614.820000000002
00e12e8b_5963,11614.820000000002
00e12e8b_5964,11614.820000000002
00e12e8b_5965,11614.820000000002
00e12e8b_5966,11614.820000000002
00e12e8b_5967,11614.820000000002
00e12e8b_5968,11614.820000000002
00e12e8b_5969,11614.820000000002
00e12e8b_5970,11614.820000000002
00e12e8b_5971,11614.820000000002
00e12e8b_5972,11614.820000000002
00e12e8b_5973,11614.820000000002
00e12e8b_5974,11614.820000000002
00e12e8b_5975,11614.820000000002
00e12e8b_5976,11614.820000000002
00e12e8b_5977,11614.820000000002
00e12e8b_5978,11614.820000000002
00e12e8b_5979,11614.820000000002
00e12e8b_5980,11614.820000000002
00e12e8b_5981,11614.820000000002
00e12e8b_5982,11614.820000000002
00e12e8b_5983,11614.820000000002
00e12e8b_5984,11614.820000000002
00e12e8b_5985,11614.820000000002
00e12e8b_5986,11614.820000000002
00e12e8b_5987,11614.820000000002
00e12e8b_5988,11614.820000000002
00e12e8b_5989,11614.820000000002
00e12e8b_5990,11614.820000000002
00e12e8b_5991,11614.820000000002
00e12e8b_5992,11614.820000000002
00e12e8b_5993,11614.820000000002
00e12e8b_5994,11614.820000000002
00e12e8b_5995,11614.820000000002
00e12e8b_5996,11614.820000000002
00e12e8b_5997,11614.820000000002
00e12e8b_5998,11614.820000000002
00e12e8b_5999,11614.820000000002
00e12e8b_6000,11614.820000000002
00e12e8b_6001,11614.820000000002
00e12e8b_6002,11614.820000000002
00e12e8b_6003,11614.820000000002
00e12e8b_6004,11614.820000000002
00e12e8b_6005,11614.820000000002
00e12e8b_6006,11614.820000000002
00e12e8b_6007,11614.820000000002
00e12e8b_6008,11614.820000000002
00e12e8b_6009,11614.820000000002
00e12e8b_6010,11614.820000000002
00e12e8b_6011,11614.820000000002
00e12e8b_6012,11614.820000000002
00e12e8b_6013,11614.820000000002
00e12e8b_6014,11614.820000000002
00e12e8b_6015,11614.820000000002
00e12e8b_6016,11614.820000000002
00e12e8b_6017,11614.820000000002
00e12e8b_6018,11614.820000000002
00e12e8b_6019,11614.820000000002
00e12e8b_6020,11614.820000000002
00e12e8b_6021,11614.820000000002
00e12e8b_6022,11614.820000000002
00e12e8b_6023,11614.820000000002
00e12e8b_6024,11614.820000000002
00e12e8b_6025,11614.820000000002
00e12e8b_6026,11614.820000000002
00e12e8b_6027,11614.820000000002
00e12e8b_6028,11614.820000000002
00e12e8b_6029,11614.820000000002
00e12e8b_6030,11614.820000000002
00e12e8b_6031,11614.820000000002
00e12e8b_6032,11614.820000000002
00e12e8b_6033,11614.820000000002
00e12e8b_6034,11614.820000000002
00e12e8b_6035,11614.820000000002
00e12e8b_6036,11614.820000000002
00e12e8b_6037,11614.820000000002
00e12e8b_6038,11614.820000000002
00e12e8b_6039,11614.820000000002
00e12e8b_6040,11614.820000000002
00e12e8b_6041,11614.820000000002
00e12e8b_6042,11614.820000000002
00e12e8b_6043,11614.820000000002
00e12e8b_6044,11614.820000000002
00e12e8b_6045,11614.820000000002
00e12e8b_6046,11614.820000000002
00e12e8b_6047,11614.820000000002
00e12e8b_6048,11614.820000000002
00e12e8b_6049,11614.820000000002
00e12e8b_6050,11614.820000000002
00e12e8b_6051,11614.820000000002
00e12e8b_6052,11614.820000000002
00e12e8b_6053,11614.820000000002
00e12e8b_6054,11614.820000000002
00e12e8b_6055,11614.820000000002
00e12e8b_6056,11614.820000000002
00e12e8b_6057,11614.820000000002
00e12e8b_6058,11614.820000000002
00e12e8b_6059,11614.820000000002
00e12e8b_6060,11614.820000000002
00e12e8b_6061,11614.820000000002
00e12e8b_6062,11614.820000000002
00e12e8b_6063,11614.820000000002
00e12e8b_6064,11614.820000000002
00e12e8b_6065,11614.820000000002
00e12e8b_6066,11614.820000000002
00e12e8b_6067,11614.820000000002
00e12e8b_6068,11614.820000000002
00e12e8b_6069,11614.820000000002
00e12e8b_6070,11614.820000000002
00e12e8b_6071,11614.820000000002
00e12e8b_6072,11614.820000000002
00e12e8b_6073,11614.820000000002
00e12e8b_6074,11614.820000000002
00e12e8b_6075,11614.820000000002
00e12e8b_6076,11614.820000000002
00e12e8b_6077,11614.820000000002
00e12e8b_6078,11614.820000000002
00e12e8b_6079,11614.820000000002
00e12e8b_6080,11614.820000000002
00e12e8b_6081,11614.820000000002
00e12e8b_6082,11614.820000000002
00e12e8b_6083,11614.820000000002
00e12e8b_6084,11614.820000000002
00e12e8b_6085,11614.820000000002
00e12e8b_6086,11614.820000000002
00e12e8b_6087,11614.820000000002
00e12e8b_6088,11614.820000000002
00e12e8b_6089,11614.820000000002
00e12e8b_6090,11614.820000000002
00e12e8b_6091,11614.820000000002
00e12e8b_6092,11614.820000000002
00e12e8b_6093,11614.820000000002
00e12e8b_6094,11614.820000000002
00e12e8b_6095,11614.820000000002
00e12e8b_6096,11614.820000000002
00e12e8b_6097,11614.820000000002
00e12e8b_6098,11614.820000000002
00e12e8b_6099,11614.820000000002
00e12e8b_6100,11614.820000000002
00e12e8b_6101,11614.820000000002
00e12e8b_6102,11614.820000000002
00e12e8b_6103,11614.820000000002
00e12e8b_6104,11614.820000000002
00e12e8b_6105,11614.820000000002
00e12e8b_6106,11614.820000000002
00e12e8b_6107,11614.820000000002
00e12e8b_6108,11614.820000000002
00e12e8b_6109,11614.820000000002
00e12e8b_6110,11614.820000000002
00e12e8b_6111,11614.820000000002
00e12e8b_6112,11614.820000000002
00e12e8b_6113,11614.820000000002
00e12e8b_6114,11614.820000000002
00e12e8b_6115,11614.820000000002
00e12e8b_6116,11614.820000000002
00e12e8b_6117,11614.820000000002
00e12e8b_6118,11614.820000000002
00e12e8b_6119,11614.820000000002
00e12e8b_6120,11614.820000000002
00e12e8b_6121,11614.820000000002
00e12e8b_6122,11614.820000000002
00e12e8b_6123,11614.820000000002
00e12e8b_6124,11614.820000000002
00e12e8b_6125,11614.820000000002
00e12e8b_6126,11614.820000000002
00e12e8b_6127,11614.820000000002
00e12e8b_6128,11614.820000000002
00e12e8b_6129,11614.820000000002
00e12e8b_6130,11614.820000000002
00e12e8b_6131,11614.820000000002
00e12e8b_6132,11614.820000000002
00e12e8b_6133,11614.820000000002
00e12e8b_6134,11614.820000000002
00e12e8b_6135,11614.820000000002
00e12e8b_6136,11614.820000000002
00e12e8b_6137,11614.820000000002
00e12e8b_6138,11614.820000000002
00e12e8b_6139,11614.820000000002
00e12e8b_6140,11614.820000000002
00e12e8b_6141,11614.820000000002
00e12e8b_6142,11614.820000000002
00e12e8b_6143,11614.820000000002
00e12e8b_6144,11614.820000000002
00e12e8b_6145,11614.820000000002
00e12e8b_6146,11614.820000000002
00e12e8b_6147,11614.820000000002
00e12e8b_6148,11614.820000000002
00e12e8b_6149,11614.820000000002
00e12e8b_6150,11614.820000000002
00e12e8b_6151,11614.820000000002
00e12e8b_6152,11614.820000000002
00e12e8b_6153,11614.820000000002
00e12e8b_6154,11614.820000000002
00e12e8b_6155,11614.820000000002
00e12e8b_6156,11614.820000000002
00e12e8b_6157,11614.820000000002
00e12e8b_6158,11614.820000000002
00e12e8b_6159,11614.820000000002
00e12e8b_6160,11614.820000000002
00e12e8b_6161,11614.820000000002
00e12e8b_6162,11614.820000000002
00e12e8b_6163,11614.820000000002
00e12e8b_6164,11614.820000000002
00e12e8b_6165,11614.820000000002
00e12e8b_6166,11614.820000000002
00e12e8b_6167,11614.820000000002
00e12e8b_6168,11614.820000000002
00e12e8b_6169,11614.820000000002
00e12e8b_6170,11614.820000000002
00e12e8b_6171,11614.820000000002
00e12e8b_6172,11614.820000000002
00e12e8b_6173,11614.820000000002
00e12e8b_6174,11614.820000000002
00e12e8b_6175,11614.820000000002
00e12e8b_6176,11614.820000000002
00e12e8b_6177,11614.820000000002
00e12e8b_6178,11614.820000000002
00e12e8b_6179,11614.820000000002
00e12e8b_6180,11614.820000000002
00e12e8b_6181,11614.820000000002
00e12e8b_6182,11614.820000000002
00e12e8b_6183,11614.820000000002
00e12e8b_6184,11614.820000000002
00e12e8b_6185,11614.820000000002
00e12e8b_6186,11614.820000000002
00e12e8b_6187,11614.820000000002
00e12e8b_6188,11614.820000000002
00e12e8b_6189,11614.820000000002
00e12e8b_6190,11614.820000000002
00e12e8b_6191,11614.820000000002
00e12e8b_6192,11614.820000000002
00e12e8b_6193,11614.820000000002
00e12e8b_6194,11614.820000000002
00e12e8b_6195,11614.820000000002
00e12e8b_6196,11614.820000000002
00e12e8b_6197,11614.820000000002
00e12e8b_6198,11614.820000000002
00e12e8b_6199,11614.820000000002
00e12e8b_6200,11614.820000000002
00e12e8b_6201,11614.820000000002
00e12e8b_6202,11614.820000000002
00e12e8b_6203,11614.820000000002
00e12e8b_6204,11614.820000000002
00e12e8b_6205,11614.820000000002
00e12e8b_6206,11614.820000000002
00e12e8b_6207,11614.820000000002
00e12e8b_6208,11614.820000000002
00e12e8b_6209,11614.820000000002
00e12e8b_6210,11614.820000000002
00e12e8b_6211,11614.820000000002
00e12e8b_6212,11614.820000000002
00e12e8b_6213,11614.820000000002
00e12e8b_6214,11614.820000000002
00e12e8b_6215,11614.820000000002
00e12e8b_6216,11614.820000000002
00e12e8b_6217,11614.820000000002
00e12e8b_6218,11614.820000000002
00e12e8b_6219,11614.820000000002
00e12e8b_6220,11614.820000000002
00e12e8b_6221,11614.820000000002
00e12e8b_6222,11614.820000000002
00e12e8b_6223,11614.820000000002
00e12e8b_6224,11614.820000000002
00e12e8b_6225,11614.820000000002
00e12e8b_6226,11614.820000000002
00e12e8b_6227,11614.820000000002
00e12e8b_6228,11614.820000000002
00e12e8b_6229,11614.820000000002
00e12e8b_6230,11614.820000000002
00e12e8b_6231,11614.820000000002
00e12e8b_6232,11614.820000000002
00e12e8b_6233,11614.820000000002
00e12e8b_6234,11614.820000000002
00e12e8b_6235,11614.820000000002
00e12e8b_6236,11614.820000000002
00e12e8b_6237,11614.820000000002
00e12e8b_6238,11614.820000000002
00e12e8b_6239,11614.820000000002
00e12e8b_6240,11614.820000000002
00e12e8b_6241,11614.820000000002
00e12e8b_6242,11614.820000000002
00e12e8b_6243,11614.820000000002
00e12e8b_6244,11614.820000000002
00e12e8b_6245,11614.820000000002
00e12e8b_6246,11614.820000000002
00e12e8b_6247,11614.820000000002
00e12e8b_6248,11614.820000000002
00e12e8b_6249,11614.820000000002
00e12e8b_6250,11614.820000000002
00e12e8b_6251,11614.820000000002
00e12e8b_6252,11614.820000000002
00e12e8b_6253,11614.820000000002
00e12e8b_6254,11614.820000000002
00e12e8b_6255,11614.820000000002
00e12e8b_6256,11614.820000000002
00e12e8b_6257,11614.820000000002
00e12e8b_6258,11614.820000000002
00e12e8b_6259,11614.820000000002
00e12e8b_6260,11614.820000000002
00e12e8b_6261,11614.820000000002
00e12e8b_6262,11614.820000000002
00e12e8b_6263,11614.820000000002
00e12e8b_6264,11614.820000000002
00e12e8b_6265,11614.820000000002
00e12e8b_6266,11614.820000000002
00e12e8b_6267,11614.820000000002
00e12e8b_6268,11614.820000000002
00e12e8b_6269,11614.820000000002
00e12e8b_6270,11614.820000000002
00e12e8b_6271,11614.820000000002
00e12e8b_6272,11614.820000000002
00e12e8b_6273,11614.820000000002
00e12e8b_6274,11614.820000000002
00e12e8b_6275,11614.820000000002
00e12e8b_6276,11614.820000000002
00e12e8b_6277,11614.820000000002
00e12e8b_6278,11614.820000000002
00e12e8b_6279,11614.820000000002
00e12e8b_6280,11614.820000000002
00e12e8b_6281,11614.820000000002
00e12e8b_6282,11614.820000000002
00e12e8b_6283,11614.820000000002
00e12e8b_6284,11614.820000000002
00e12e8b_6285,11614.820000000002
00e12e8b_6286,11614.820000000002
00e12e8b_6287,11614.820000000002
00e12e8b_6288,11614.820000000002
00e12e8b_6289,11614.820000000002
00e12e8b_6290,11614.820000000002
00e12e8b_6291,11614.820000000002
00e12e8b_6292,11614.820000000002
00e12e8b_6293,11614.820000000002
00e12e8b_6294,11614.820000000002
00e12e8b_6295,11614.820000000002
00e12e8b_6296,11614.820000000002
00e12e8b_6297,11614.820000000002
00e12e8b_6298,11614.820000000002
00e12e8b_6299,11614.820000000002
00e12e8b_6300,11614.820000000002
00e12e8b_6301,11614.820000000002
00e12e8b_6302,11614.820000000002
00e12e8b_6303,11614.820000000002
00e12e8b_6304,11614.820000000002
00e12e8b_6305,11614.820000000002
00e12e8b_6306,11614.820000000002
00e12e8b_6307,11614.820000000002
00e12e8b_6308,11614.820000000002
00e12e8b_6309,11614.820000000002
00e12e8b_6310,11614.820000000002
00e12e8b_6311,11614.820000000002
00e12e8b_6312,11614.820000000002
00e12e8b_6313,11614.820000000002
00e12e8b_6314,11614.820000000002
00e12e8b_6315,11614.820000000002
00e12e8b_6316,11614.820000000002
00e12e8b_6317,11614.820000000002
00e12e8b_6318,11614.820000000002
00e12e8b_6319,11614.820000000002
00e12e8b_6320,11614.820000000002
00e12e8b_6321,11614.820000000002
00e12e8b_6322,11614.820000000002
00e12e8b_6323,11614.820000000002
00e12e8b_6324,11614.820000000002
00e12e8b_6325,11614.820000000002
00e12e8b_6326,11614.820000000002
00e12e8b_6327,11614.820000000002
00e12e8b_6328,11614.820000000002
00e12e8b_6329,11614.820000000002
00e12e8b_6330,11614.820000000002
00e12e8b_6331,11614.820000000002
00e12e8b_6332,11614.820000000002
00e12e8b_6333,11614.820000000002
00e12e8b_6334,11614.820000000002
00e12e8b_6335,11614.820000000002
00e12e8b_6336,11614.820000000002
00e12e8b_6337,11614.820000000002
00e12e8b_6338,11614.820000000002
00e12e8b_6339,11614.820000000002
00e12e8b_6340,11614.820000000002
00e12e8b_6341,11614.820000000002
00e12e8b_6342,11614.820000000002
00e12e8b_6343,11614.820000000002
00e12e8b_6344,11614.820000000002
00e12e8b_6345,11614.820000000002
00e12e8b_6346,11614.820000000002
00e12e8b_6347,11614.820000000002
00e12e8b_6348,11614.820000000002
00e12e8b_6349,11614.820000000002
00e12e8b_6350,11614.820000000002
00e12e8b_6351,11614.820000000002
00e12e8b_6352,11614.820000000002
00e12e8b_6353,11614.820000000002
00e12e8b_6354,11614.820000000002
00e12e8b_6355,11614.820000000002
00e12e8b_6356,11614.820000000002
00e12e8b_6357,11614.820000000002
00e12e8b_6358,11614.820000000002
00e12e8b_6359,11614.820000000002
00e12e8b_6360,11614.820000000002
00e12e8b_6361,11614.820000000002
00e12e8b_6362,11614.820000000002
00e12e8b_6363,11614.820000000002
00e12e8b_6364,11614.820000000002
00e12e8b_6365,11614.820000000002
00e12e8b_6366,11614.820000000002
00e12e8b_6367,11614.820000000002
00e12e8b_6368,11614.820000000002
00e12e8b_6369,11614.820000000002
00e12e8b_6370,11614.820000000002
00e12e8b_6371,11614.820000000002
00e12e8b_6372,11614.820000000002
00e12e8b_6373,11614.820000000002
00e12e8b_6374,11614.820000000002
00e12e8b_6375,11614.820000000002
00e12e8b_6376,11614.820000000002
00e12e8b_6377,11614.820000000002
00e12e8b_6378,11614.820000000002
00e12e8b_6379,11614.820000000002
00e12e8b_6380,11614.820000000002
00e12e8b_6381,11614.820000000002
00e12e8b_6382,11614.820000000002
00e12e8b_6383,11614.820000000002
